name,smiles,carcinogen_score,psychoactive_score,endocrine_score
"1,1,1,2-Tetrachloroethane",C(C(Cl)(Cl)Cl)Cl,0.8063068570662747,0.20095576957752656,0.6324538216105222
"1,1,1-Trichloroethane",CC(Cl)(Cl)Cl,0.8008071778016911,0.22888421628633143,0.6592966807764425
"1,1,2,2-Tetrachloroethane",C(C(Cl)Cl)(Cl)Cl,0.8216157703405483,0.23068011590394819,0.6321206005615951
"1,1-Dimethylhydrazine",CN(C)N,0.8328275721718289,0.3141613102973183,0.6199138692011347
"1,2,3-Trichloropropane",C(C(CCl)Cl)Cl,0.8287666509179163,0.24318428227438071,0.6192283258577935
"1,2-Dibromo-3-chloropropane",C(C(CBr)Br)Cl,0.8329897238032582,0.25776372280184995,0.6119908564155527
"1,2-Dibromoethane",C(CBr)Br,0.8597904815740516,0.28421167177975326,0.6648026049315162
"1,2-Dibromoethylene",C(=CBr)Br,0.875120454427892,0.27411146938077235,0.7169961135451878
"1,2-Dichloroethane",C(CCl)Cl,0.8804781294617026,0.23959137601175232,0.7409592085103643
"1,2-Dichloroethylene",C(=CCl)Cl,0.8618995127027804,0.22103288766867835,0.7286270046347271
"1,2-Dichloropropane",CC(CCl)Cl,0.7857485794595302,0.3276191062753717,0.5395322287956468
"1,2-Diethylhydrazine",CCNNCC,0.7277361927521566,0.3485334230247961,0.561481941924312
"1,2-Dimethylhydrazine",CNNC,0.7732359933747298,0.3466314446626303,0.6088152498960786
"1,2-Diphenylhydrazine",C1=CC=C(C=C1)NNC2=CC=CC=C2,0.6175211062453407,0.2722942493763356,0.5633295918942455
"1,2-Epoxybutane",CCC1CO1,0.7711197789015704,0.24474950422436956,0.5558039361984931
"1,3-Butadiene",C=CC=C,0.9011252894234132,0.27912246003085467,0.8036362802380118
"1,3-Dichloro-2-propanol",C(C(CCl)O)Cl,0.7082494792499595,0.2045775721039762,0.4654550016969959
"1,3-Dichloropropene",C(C=CCl)Cl,0.836821880832995,0.23824409732250576,0.6527852523915156
"1,3-Dinitropyrene",C1=CC2=C3C(=C1)C=CC4=C(C=C(C(=C43)C=C2)[N+](=O)[O-])[N+](=O)[O-],0.8666992376185328,0.39920996764561095,0.7989381231089542
"1,3-Propane sultone",C1COS(=O)(=O)C1,0.7197187057490194,0.2718856330732839,0.5060959244336103
"1,4-Butanediol Dimethanesulfonate",CS(=O)(=O)OCCCCOS(=O)(=O)C,0.7220266416597955,0.15950375361040617,0.49027651963594915
"1,4-Dichloro-2-butene",C(C=CCCl)Cl,0.8666050226594192,0.26405697261476246,0.6929558091290774
"1,4-Dichloro-2-nitrobenzene",C1=CC(=C(C=C1Cl)[N+](=O)[O-])Cl,0.8062540077954753,0.4177303752057427,0.8101302942945386
"1,4-Dichlorobenzene",C1=CC(=CC=C1Cl)Cl,0.6883837004367812,0.2087519621766914,0.7377815546902896
"1,4-Dioxane",C1COCCO1,0.8572754194092908,0.28856216910185933,0.6327749629142059
"1,6-Dinitropyrene",C1=CC2=C(C=CC3=C2C4=C1C=CC(=C4C=C3)[N+](=O)[O-])[N+](=O)[O-],0.891136831012004,0.3759449611744342,0.8161211183674599
"1,8-Dinitropyrene",C1=CC2=C3C(=C(C=C2)[N+](=O)[O-])C=CC4=C(C=CC1=C43)[N+](=O)[O-],0.891136831012004,0.3759449611744341,0.8161211183674599
1-(2-Chloroethyl)-3-(4-methylcyclohexyl)-1-nitrosourea,CC1CCC(CC1)NC(=O)N(CCCl)N=O,0.6021585260271144,0.15773945054040284,0.2954370619273503
1-(2-Chloroethyl)-3-cyclohexyl-1-nitrosourea,C1CCC(CC1)NC(=O)N(CCCl)N=O,0.5605556028416366,0.10281824239056958,0.280156434826132
"1-Amino-2,4-dibromoanthraquinone",C1=CC=C2C(=C1)C(=O)C3=C(C2=O)C(=C(C=C3Br)Br)N,0.36019668252898135,0.2177222446804109,0.3031595955785711
1-Amino-2-methylanthraquinone,CC1=C(C2=C(C=C1)C(=O)C3=CC=CC=C3C2=O)N,0.4187464211648165,0.15812639064438824,0.2522675218468317
1-Bromo-3-chloropropane,C(CCl)CBr,0.7369401990197452,0.22415638764423157,0.6004987345992893
1-Bromopropane,CCCBr,0.8030525688479636,0.3106388142781588,0.6696076731625885
1-Butyl glycidyl ether,CCCCOCC1CO1,0.6571971656093464,0.23958006471761117,0.600030751726169
1-Chloro-2-methylpropene,CC(=CCl)C,0.7255709588074976,0.14911460373455632,0.5745731717030448
1-Hydroxyanthraquinone,C1=CC=C2C(=C1)C(=O)C3=C(C2=O)C(=CC=C3)O,0.30725367766830053,0.12091808566327866,0.3454693094867283
1-Methylphenanthrene,CC1=C2C=CC3=CC=CC=C3C2=CC=C1,0.6789772493719073,0.318347335111792,0.6022116297727721
1-Nitronaphthalene,C1=CC=C2C(=C1)C=CC=C2[N+](=O)[O-],0.8575281164534464,0.40659525854175305,0.7745126843513621
1-Nitropyrene,C1=CC2=C3C(=C1)C=CC4=C(C=CC(=C43)C=C2)[N+](=O)[O-],0.8996656753409278,0.38730410886796207,0.8268989501683184
1-[(5-Nitrofurfurylidene)amino]-2-imidazolidinone,C1CN(C(=O)N1)N=CC2=CC=C(O2)[N+](=O)[O-],0.5925500743481245,0.3931039649540394,0.4032137066318179
1-tert-Butoxypropan-2-ol,CC(COC(C)(C)C)O,0.5205516947235647,0.2284650600658853,0.38617414264937133
"2,2',4,4'-Tetrabromodiphenyl ether",C1=CC(=C(C=C1Br)Br)OC2=C(C=C(C=C2)Br)Br,0.5521061457956631,0.2788835703544173,0.8503928274933708
"2,2-Bis(bromomethyl)-1,3-propanediol",C(C(CO)(CBr)CBr)O,0.6519748569696822,0.2658981266576916,0.5600293057962475
"2,3,4,7,8-Pentachlorodibenzofuran",C1=C2C3=CC(=C(C(=C3OC2=CC(=C1Cl)Cl)Cl)Cl)Cl,0.5847933729040794,0.28530108006296273,0.6559809597636306
"2,3,7,8-TCDD",C1=C2C(=CC(=C1Cl)Cl)OC3=CC(=C(C=C3O2)Cl)Cl,0.6204566792650194,0.2807809009597749,0.7083213194628121
"2,3-Dibromo-1-propanol",C(C(CBr)Br)O,0.7070381199852841,0.2617329022624022,0.5529709564269399
"2,4,5-T",C1=C(C(=CC(=C1Cl)Cl)Cl)OCC(=O)O,0.4041407051629809,0.12312349312086182,0.5045008241548326
"2,4,5-Trimethylaniline",CC1=CC(=C(C=C1C)N)C,0.7283437163059416,0.26861707259835116,0.41064370376107256
"2,4,6-Trichlorophenol",C1=C(C=C(C(=C1Cl)O)Cl)Cl,0.5626242804481972,0.11175087300222238,0.702595012258182
"2,4,6-Trimethylaniline",CC1=CC(=C(C(=C1)C)N)C,0.7014790632788105,0.26804661019354004,0.4558165675328857
"2,4-Diaminoanisole",COC1=C(C=C(C=C1)N)N,0.6972221456623388,0.39881247019432925,0.26706825882281177
"2,4-Diaminoanisole Sulfate",COC1=C(C=C(C=C1)N)N.OS(=O)(=O)O,0.4810736117977557,0.25240473046304923,0.18166343429351617
"2,4-Diaminotoluene",CC1=C(C=C(C=C1)N)N,0.7200904563893562,0.17947813115953226,0.3261303932181153
"2,4-Dichloro-1-nitrobenzene",C1=CC(=C(C=C1Cl)Cl)[N+](=O)[O-],0.817974172213511,0.4237100606406922,0.8368006470733594
"2,4-Dichlorophenoxyacetic acid",C1=CC(=C(C=C1Cl)Cl)OCC(=O)O,0.36929386511428647,0.15374186918818014,0.5436395641429957
"2,4-Dinitrotoluene",CC1=C(C=C(C=C1)[N+](=O)[O-])[N+](=O)[O-],0.8062083243117611,0.5853078002426071,0.7012788003214776
"2,4-Hexadienal",CC=CC=CC=O,0.8656797481515914,0.2972131744066686,0.6655241441632517
"2,6-Diaminotoluene",CC1=C(C=CC=C1N)N,0.7485197666330055,0.2534074043894161,0.4583722322742856
"2,6-Dinitrotoluene",CC1=C(C=CC=C1[N+](=O)[O-])[N+](=O)[O-],0.8723732581633432,0.41576640045713936,0.7410989507288357
"2,6-Xylidine",CC1=C(C(=CC=C1)C)N,0.7379366722979189,0.2561590054236154,0.44350241161839093
2-(2-Formylhydrazino)-4-(5-nitro-2-furyl)thiazole,C1=C(OC(=C1)[N+](=O)[O-])C2=CSC(=N2)NNC=O,0.7043672257470155,0.34269414931811654,0.4276167400065954
2-Acetylaminofluorene,CC(=O)NC1=CC2=C(C=C1)C3=CC=CC=C3C2,0.35132929004365115,0.18070593123186857,0.26116878459355264
"2-Amino-1-methyl-6-phenylimidazo[4,5-b]pyridine",CN1C2=C(N=CC(=C2)C3=CC=CC=C3)N=C1N,0.2365147559237163,0.18653002948865027,0.18156740957411735
"2-Amino-3,4-dimethylimidazo[4,5-f]quinoline",CC1=CC2=C(C=CC=N2)C3=C1N(C(=N3)N)C,0.2556073934706104,0.17877008421553708,0.15786893148000053
"2-Amino-3,8-dimethylimidazo[4,5-f]quinoxaline",CC1=CN=C2C=CC3=C(C2=N1)N=C(N3C)N,0.32700294969310645,0.1899357641948411,0.18076368527842301
"2-Amino-3-methylimidazo[4,5-f]quinoline",CN1C2=C(C3=C(C=C2)N=CC=C3)N=C1N,0.2735523095006656,0.19421157109050535,0.1793823528192835
2-Amino-4-chlorophenol,C1=CC(=C(C=C1Cl)N)O,0.5710430808379797,0.13556170421887356,0.5023849739674531
"2-Amino-5-(5-nitro-2-furyl)-1,3,4-thiadiazole",C1=C(OC(=C1)[N+](=O)[O-])C2=NN=C(S2)N,0.6943116065169712,0.3527809801107052,0.42765872077729683
2-Aminoanthraquinone,C1=CC=C2C(=C1)C(=O)C3=C(C2=O)C=C(C=C3)N,0.4861029200055338,0.16284694722023793,0.291321657428207
2-Bromopropane,CC(C)Br,0.7469254046790407,0.3541864623722964,0.5836554009832845
2-Chloronitrobenzene,C1=CC=C(C(=C1)[N+](=O)[O-])Cl,0.8273424826790955,0.4180259868415746,0.8020564081334473
2-Ethylhexyl acrylate,CCCCC(CC)COC(=O)C=C,0.6798414607510433,0.198587528259851,0.7836498088048421
2-Hydroxyethyl methacrylate,CC(=C)C(=O)OCCO,0.7178221339214922,0.17124221155458896,0.8211045626201379
2-Mercaptobenzothiazole,C1=CC=C2C(=C1)NC(=S)S2,0.5274162679675208,0.32136904809333466,0.5281960589507924
2-Methyl-1-nitroanthraquinone,CC1=C(C2=C(C=C1)C(=O)C3=CC=CC=C3C2=O)[N+](=O)[O-],0.6045857815157393,0.38304559274803185,0.4642113713021439
2-Methylaziridine,CC1CN1,0.6712722266764709,0.27711512259493704,0.412187129585898
2-Methylimidazole,CC1=NC=CN1,0.4735016343344966,0.16986426654184877,0.340480065455888
2-Naphthylamine,C1=CC=C2C=C(C=CC2=C1)N,0.7884752002386795,0.22733284222618833,0.4627620827180078
2-Nitroaniline,C1=CC=C(C(=C1)N)[N+](=O)[O-],0.8868937691115764,0.36669774573402875,0.6363142573409449
2-Nitroanisole,COC1=CC=CC=C1[N+](=O)[O-],0.7943640859536554,0.5199717600820568,0.5906375939106693
2-Nitrofluorene,C1C2=CC=CC=C2C3=C1C=C(C=C3)[N+](=O)[O-],0.7420995300615978,0.5757402449134602,0.5511270066028428
2-Nitronaphthalene,C1=CC=C2C=C(C=CC2=C1)[N+](=O)[O-],0.871123170529364,0.5870447550517711,0.7855109038495626
2-Nitropropane,CC(C)[N+](=O)[O-],0.7532054102582176,0.39920075057917026,0.632538017987922
2-Thiouracil,C1=CNC(=S)NC1=O,0.5734457809136596,0.2401323690865042,0.4515738615917446
"3,3',4,4',5-Pentachlorobiphenyl",C1=CC(=C(C=C1C2=CC(=C(C(=C2)Cl)Cl)Cl)Cl)Cl,0.4096584171253017,0.20291231960085226,0.7697587894644586
"3,3',4,4'-Tetrachloroazobenzene",C1=CC(=C(C=C1N=NC2=CC(=C(C=C2)Cl)Cl)Cl)Cl,0.543459133340431,0.17921116825865321,0.6542685216613939
"3,3'-Dichloro-4,4'-diaminodiphenyl ether",C1=CC(=C(C=C1OC2=CC(=C(C=C2)N)Cl)Cl)N,0.644266753475604,0.16412509365323646,0.5087207611410388
"3,3'-Dichlorobenzidine",C1=CC(=C(C=C1C2=CC(=C(C=C2)N)Cl)Cl)N,0.5988038613463516,0.19300702520371352,0.5363661379989412
"3,3'-Dihydroxybenzidine",C1=CC(=C(C=C1C2=CC(=C(C=C2)N)O)O)N,0.49524598531335884,0.15880449695371196,0.4930605041093791
"3,3'-Dimethoxybenzidine",COC1=C(C=CC(=C1)C2=CC(=C(C=C2)N)OC)N,0.548092481659285,0.4125026258835441,0.3252221399698844
"3,3'-Dimethoxybenzidine dihydrochloride",COC1=C(C=CC(=C1)C2=CC(=C(C=C2)N)OC)N.Cl.Cl,0.5548502961574717,0.46215890670004284,0.3252221399698844
"3,3'-Dimethoxybenzidine-4,4'-diisocyanate",COC1=C(C=CC(=C1)C2=CC(=C(C=C2)N=C=O)OC)N=C=O,0.500993284727405,0.35583973523458085,0.44558079580107957
"3,3'-Dimethylbenzidine",CC1=C(C=CC(=C1)C2=CC(=C(C=C2)N)C)N,0.5943596960984578,0.24331190443454248,0.3881978614536681
"3,7-Dinitrofluoranthene",C1=CC2=C(C=CC3=C2C(=C1)C4=C3C=CC=C4[N+](=O)[O-])[N+](=O)[O-],0.90732712413181,0.4067414943584766,0.8149343936152189
"3,9-Dinitrofluoranthene",C1=CC2=C(C=CC3=C2C(=C1)C4=C3C=C(C=C4)[N+](=O)[O-])[N+](=O)[O-],0.8973136729527117,0.5687917708227461,0.8012586259404496
3-(N-Nitrosomethylamino)propionitrile,CN(CCC#N)N=O,0.8145414333476615,0.3007727211255417,0.6498378997667479
3-Chloro-2-methylpropene,CC(=C)CCl,0.7675031031074069,0.2007704347892557,0.6476518888359597
3-Chloro-4-(dichloromethyl)-5-hydroxy-2(5H)-furanone,C1(C(=C(C(=O)O1)Cl)C(Cl)Cl)O,0.529490091669726,0.1804815713343096,0.3347263296269152
"3-Monochloro-1,2-propanediol",C(C(CCl)O)O,0.6714973445001575,0.2006468644928447,0.4282304455244031
3-Nitroaniline,C1=CC(=CC(=C1)[N+](=O)[O-])N,0.8584838191449848,0.5105400397751274,0.5807186658249739
3-Nitrobenzanthrone,C1=CC=C2C(=C1)C3=C4C(=C(C=C3)[N+](=O)[O-])C=CC=C4C2=O,0.7787038672457406,0.3734296630889286,0.6243238414297951
3-Nitroperylene,C1=CC2=C3C(=C1)C4=C5C(=CC=C4)C(=CC=C5C3=CC=C2)[N+](=O)[O-],0.8952169822504055,0.39624033165502326,0.815291748737922
"4,4',6-Trimethylangelicin",CC1=CC2=C(C3=C1OC=C3C)OC(=O)C=C2C,0.5107578740332404,0.2439117843982535,0.4228817546130515
"4,4'-Diaminodiphenyl ether",C1=CC(=CC=C1N)OC2=CC=C(C=C2)N,0.713118329853422,0.16383773963879814,0.44795033927696865
"4,4'-Methylene bis(2-methylaniline)",CC1=C(C=CC(=C1)CC2=CC(=C(C=C2)N)C)N,0.5987028720728205,0.3228912086472211,0.3025828885315446
"4,4'-Methylenebis(2-chloroaniline)",C1=CC(=C(C=C1CC2=CC(=C(C=C2)N)Cl)Cl)N,0.6653695018795223,0.2589732455266718,0.38457819574715546
"4,4'-Methylenebis(N,N-dimethyl)benzenamine",CN(C)C1=CC=C(C=C1)CC2=CC=C(C=C2)N(C)C,0.6447909060065988,0.33266527971531595,0.43993513806861423
"4,4'-Methylenedianiline",C1=CC(=CC=C1CC2=CC=C(C=C2)N)N,0.7059932736411737,0.21174252290473766,0.34578023863678825
"4,4'-Methylenedianiline dihydrochloride",C1=CC(=CC=C1CC2=CC=C(C=C2)N)N.Cl.Cl,0.7150742517317437,0.3012815327803375,0.34578023863678825
"4,4'-Thiodianiline",C1=CC(=CC=C1N)SC2=CC=C(C=C2)N,0.7277416479942227,0.1664363471715431,0.4130453564866722
"4,5',8-Trimethylpsoralen",CC1=CC(=O)OC2=C1C=C3C=C(OC3=C2C)C,0.48891086777061943,0.23854571819937168,0.3132169672342937
4-(N-Nitrosomethylamino)-1-(3-pyridyl)-1-butanone,CN(CCCC(=O)C1=CN=CC=C1)N=O,0.4088571329425801,0.1739839000368437,0.19443984689572877
4-Aminobiphenyl,C1=CC=C(C=C1)C2=CC=C(C=C2)N,0.6304407634466408,0.18925805261103273,0.4433834312593579
4-Chloro-o-phenylenediamine,C1=CC(=C(C=C1Cl)N)N,0.7186811401018276,0.1925917284066717,0.465105181582082
4-Chloro-o-toluidine,CC1=C(C=CC(=C1)Cl)N,0.6344928030572059,0.2243560438739811,0.3966250827780706
4-Chlorobenzotrifluoride,C1=CC(=CC=C1C(F)(F)F)Cl,0.5796991890906464,0.20770679206608542,0.5282637915458503
4-Chloronitrobenzene,C1=CC(=CC=C1[N+](=O)[O-])Cl,0.831584418627787,0.4704725109614379,0.7906477816102142
4-Dimethylaminoazobenzene,CN(C)C1=CC=C(C=C1)N=NC2=CC=CC=C2,0.6715445109381661,0.23858763711452227,0.47834908529339937
4-Methylimidazole,CC1=CN=CN1,0.4477144212774191,0.20056170345701255,0.36498590942605397
4-Nitroaniline,C1=CC(=CC=C1N)[N+](=O)[O-],0.8764166646453017,0.4100113359795286,0.574948883778237
4-Nitrobiphenyl,C1=CC=C(C=C1)C2=CC=C(C=C2)[N+](=O)[O-],0.7672713404833768,0.45177990765010884,0.7197471143890958
4-Nitropyrene,C1=CC2=C3C(=C1)C=C(C4=CC=CC(=C43)C=C2)[N+](=O)[O-],0.8766033429013791,0.40415475685536534,0.7983871391198682
4-Vinyl-1-cyclohexene Diepoxide,C1CC2C(O2)CC1C3CO3,0.5184820590717428,0.17277543667005024,0.3799472949003262
4-Vinylcyclohexene,C=CC1CCC=CC1,0.6930634836661125,0.29358682100842415,0.63435264095678
5-(Morpholinomethyl)-3-[(5-nitrofurfurylidene)amino]-2-oxazolidinone,C1COCCN1CC2CN(C(=O)O2)N=CC3=CC=C(O3)[N+](=O)[O-],0.4341921970136448,0.355199906389313,0.3367137144837234
5-Fluorouracil,C1=C(C(=O)NC(=O)N1)F,0.3833294918838389,0.26684733910073277,0.2119217078888749
5-Methoxypsoralen,COC1=C2C=CC(=O)OC2=CC3=C1C=CO3,0.44595385888286854,0.29510584693897735,0.3488363404956927
5-Methylangelicin,CC1=CC2=C(C=CO2)C3=C1C=CC(=O)O3,0.46946408220072955,0.23876396237542719,0.38641140046534206
5-Methylchrysene,CC1=CC2=CC=CC=C2C3=C1C4=CC=CC=C4C=C3,0.724442128688162,0.34195709768335547,0.5986907135747384
5-Nitroacenaphthene,C1CC2=CC=C(C3=CC=CC1=C23)[N+](=O)[O-],0.7599735996811561,0.4577393472621881,0.6689865890362482
6-Nitrobenzo[a]pyrene,C1=CC=C2C(=C1)C3=C4C(=C2[N+](=O)[O-])C=CC5=CC=CC(=C54)C=C3,0.8157539331066171,0.36482626121925776,0.6855357319420107
6-Nitrochrysene,C1=CC=C2C(=C1)C=CC3=C2C=C(C4=CC=CC=C34)[N+](=O)[O-],0.8284552960238538,0.4331747690096103,0.7615445856281773
"7,12-Dimethylbenz[a]anthracene",CC1=C2C=CC3=CC=CC=C3C2=C(C4=CC=CC=C14)C,0.6944464529054968,0.272983391760435,0.4925658134729483
"7H-Dibenzo[c,g]carbazole",C1=CC=C2C(=C1)C=CC3=C2C4=C(N3)C=CC5=CC=CC=C54,0.6797398514089307,0.34617723970218983,0.4970966171864473
A-alpha-C,C1=CC=C2C(=C1)C3=C(N2)N=C(C=C3)N,0.4288422127088314,0.2557309430185237,0.27209053346280515
Acetaldehyde,CC=O,0.8673126655538829,0.2501272345106823,0.6876837216696878
Acetamide,CC(=O)N,0.6727358674985399,0.13874669818823715,0.4641679390786157
Acid Red 26,CC1=CC(=C(C=C1)N=NC2=C3C=C(C=CC3=CC(=C2O)S(=O)(=O)[O-])S(=O)(=O)[O-])C.[Na+].[Na+],0.7443953705637347,0.1194066880068069,0.23775853692958532
Acrolein,C=CC=O,0.893275351150691,0.2605825323168729,0.7575078543465614
Acrylamide,C=CC(=O)N,0.7417547033374474,0.13756660779471327,0.6128563842802114
Acrylonitrile,C=CC#N,0.8744564647333581,0.2771697002407298,0.7569495085632232
Actinomycin D,CC1C(C(=O)NC(C(=O)N2CCCC2C(=O)N(CC(=O)N(C(C(=O)O1)C(C)C)C)C)C(C)C)NC(=O)C3=C4C(=C(C=C3)C)OC5=C(C(=O)C(=C(C5=N4)C(=O)NC6C(OC(=O)C(N(C(=O)CN(C(=O)C7CCCN7C(=O)C(NC6=O)C(C)C)C)C)C(C)C)C)N)C,0.14548458248847468,0.1447925015548795,0.11521773888718286
Adriamycin,CC1C(C(CC(O1)OC2CC(CC3=C2C(=C4C(=C3O)C(=O)C5=C(C4=O)C(=CC=C5)OC)O)(C(=O)CO)O)N)O,0.5328001976987384,0.31523797290261085,0.11305175015136516
Aflatoxin B1,COC1=C2C3=C(C(=O)CC3)C(=O)OC2=C4C5C=COC5OC4=C1,0.6144746573815201,0.3254102511063277,0.24583892709079663
Aflatoxin B2,COC1=C2C3=C(C(=O)CC3)C(=O)OC2=C4C5CCOC5OC4=C1,0.6522451483996812,0.3197067592361774,0.2721621673654234
Aflatoxin G1,COC1=C2C3=C(C(=O)OCC3)C(=O)OC2=C4C5C=COC5OC4=C1,0.6561805122949064,0.3375810218836957,0.23188642282313077
Aflatoxin G2,COC1=C2C3=C(C(=O)OCC3)C(=O)OC2=C4C5CCOC5OC4=C1,0.6778428581551446,0.3425564640414291,0.25389723780437
Aflatoxin M1,COC1=C2C3=C(C(=O)CC3)C(=O)OC2=C4C(=C1)OC5C4(C=CO5)O,0.4347044841320955,0.25843301165444077,0.2620082118267325
Alachlor,CCC1=C(C(=CC=C1)CC)N(COC)C(=O)CCl,0.38509820226794483,0.2131713172645214,0.3607294971487338
Aldrin,C1C2C=CC1C3C2C4(C(=C(C3(C4(Cl)Cl)Cl)Cl)Cl)Cl,0.6557473948234002,0.21173704434627982,0.7139789011476607
Allyl chloride,C=CCCl,0.8840221723879077,0.24637309064954527,0.7636261521367708
Amitrole,C1=NNC(=N1)N,0.5135575756789961,0.12555064281156922,0.36720101396432253
Amsacrine,COC1=C(C=CC(=C1)NS(=O)(=O)C)NC2=C3C=CC=CC3=NC4=CC=CC=C42,0.2848876305516686,0.1625393767814472,0.188111394336001
Angelicin,C1=CC2=C(C=CO2)C3=C1C=CC(=O)O3,0.5770718975083575,0.2268129343927415,0.45668596318998284
Aniline,C1=CC=C(C=C1)N,0.7456466049640277,0.21568956734750905,0.48811428869295936
Aniline hydrochloride,C1=CC=C(C=C1)N.Cl,0.7587627829281378,0.33186016375246824,0.48811428869295936
Anisidine,COC1=CC=C(C=C1)N,0.6422730032273478,0.2750476580422239,0.32247280236597253
Anthracene,C1=CC=C2C=C3C=CC=CC3=CC2=C1,0.7641437484524309,0.2429838737029765,0.7764083875107326
Anthraquinone,C1=CC=C2C(=C1)C(=O)C3=CC=CC=C3C2=O,0.5011685599199281,0.1919188112796923,0.40687055583880605
Antimony,[Sb],0.8133867843385694,0.23740710409374402,0.6292236844961281
Antimony Trioxide,[O-2].[O-2].[O-2].[Sb+3].[Sb+3],0.8890263930342616,0.293203786314324,0.7435926114011293
Aramite,CC(COC1=CC=C(C=C1)C(C)(C)C)OS(=O)OCCCl,0.4618201443873884,0.22418472677686999,0.3257687717506381
Arecoline,CN1CCC=C(C1)C(=O)OC,0.346878708000305,0.21925731924125294,0.19275544116578835
Aristolochic acid,COC1=CC=CC2=C3C(=C(C=C21)[N+](=O)[O-])C(=CC4=C3OCO4)C(=O)O,0.5539973965979987,0.5042501316672954,0.3972371175683801
Arsanilic acid,C1=CC(=CC=C1N)[As](=O)(O)O,0.6246146857857835,0.13569341185559483,0.34146160732452624
Arsenic,[As],0.861861581427325,0.2921443924097764,0.7163449328060041
Arsenic pentoxide,O=[As](=O)O[As](=O)=O,0.7660035960875244,0.23953477967251252,0.6322704885063184
Arsenic trioxide,[O-2].[O-2].[O-2].[As+3].[As+3],0.8964020924595306,0.29988367860013443,0.7610476074324262
Arsine,[AsH3],0.8881403713913048,0.28601361258222946,0.7428768168683624
"Asbestos (all forms, including actinolite, amosite, anthophyllite, chrysotile, crocidolite, tremolite)",[OH-].[OH-].[O-][Si]([O-])([O-])O[Si](=O)O[Si]([O-])([O-])O[Si](=O)O[Si]([O-])([O-])O[Si]([O-])([O-])O[Si](=O)O[Si]([O-])([O-])[O-].[Fe+2].[Fe+2].[Fe+2].[Fe+2].[Fe+2].[Fe+2].[Fe+2],0.7134088081105694,0.24309293626568473,0.5418817098891135
Aspartame,COC(=O)C(CC1=CC=CC=C1)NC(=O)C(CC(=O)O)N,0.2449542021774537,0.2934606300068848,0.1195140152946133
Atrazine,CCNC1=NC(=NC(=N1)Cl)NC(C)C,0.5108308677424103,0.27092028008125935,0.5264396725438378
Auramine,CN(C)C1=CC=C(C=C1)C(=N)C2=CC=C(C=C2)N(C)C,0.5075191723524476,0.2645198561978985,0.3682710610065001
Auramine O,CN(C)C1=CC=C(C=C1)C(=N)C2=CC=C(C=C2)N(C)C.Cl,0.5147439655331231,0.3830303521484975,0.3682710610065001
Azacitidine,C1=NC(=NC(=O)N1C2C(C(C(O2)CO)O)O)N,0.4005951186161722,0.03445872132103723,0.06926988779045952
Azaserine,C(C(C(=O)O)N)OC(=O)C=[N+]=[N-],0.42530208866964586,0.19709069074201974,0.28275806462221853
Azathioprine,CN1C=NC(=C1SC2=NC=NC3=C2NC=N3)[N+](=O)[O-],0.5819065271447272,0.3470616716093039,0.3781398800569963
Azobenzene,C1=CC=C(C=C1)N=NC2=CC=CC=C2,0.7710611785637985,0.22886231509004637,0.6477435556642834
BCNU,C(CCl)NC(=O)N(CCCl)N=O,0.6751835071665644,0.12545367591883821,0.365130776572463
BK polyomavirus (BKV),C1=CC=C(C=C1)C2=CN(C3=C2C(=O)NC=N3)C4=CC=C(C=C4)Br,0.3667777999930427,0.16698337367834898,0.22405331925769656
Barium chromate,[O-][Cr](=O)(=O)[O-].[Ba+2],0.9009298094201086,0.2773811053400816,0.6493164389932207
Basic Violet 14,CC1=CC(=C(C2=CC=C(C=C2)N)C3=CC=C(C=C3)N)C=CC1=N.Cl,0.48023002688719,0.29692397936716314,0.2709990427992021
Benz[a]anthracene,C1=CC=C2C(=C1)C=CC3=CC4=CC=CC=C4C=C32,0.7774856759800585,0.301699852998831,0.7171271024962705
Benz[j]aceanthrylene,C1=CC=C2C(=C1)C=CC3=C2C=C4C=CC=C5C4=C3C=C5,0.7412682425401228,0.2993833902202003,0.6961965700231061
Benzal chloride,C1=CC=C(C=C1)C(Cl)Cl,0.6164563499550875,0.29936305879689423,0.5373611110662911
Benzaldehyde,C1=CC=C(C=C1)C=O,0.635751355470094,0.19843259670839994,0.6633539302273751
Benzene,C1=CC=CC=C1,0.7913810318597679,0.2679059947482097,0.7047746318913695
Benzidine,C1=CC(=CC=C1C2=CC=C(C=C2)N)N,0.6796085876398077,0.15124496758643252,0.4523580868482604
Benzo(a)pyrene,C1=CC=C2C3=C4C(=CC2=C1)C=CC5=C4C(=CC=C5)C=C3,0.8463002665065196,0.2596885161504582,0.7931564491210892
Benzo[b]fluoranthene,C1=CC=C2C3=C4C(=CC=C3)C5=CC=CC=C5C4=CC2=C1,0.816384605250171,0.26963651961487095,0.7983531414303583
Benzo[c]phenanthrene,C1=CC=C2C(=C1)C=CC3=C2C4=CC=CC=C4C=C3,0.7939625108083884,0.25959013424641103,0.6843011802411009
"Benzo[g,h,i]perylene",C1=CC2=C3C(=C1)C4=CC=CC5=C4C6=C(C=C5)C=CC(=C36)C=C2,0.8403019564495975,0.23353952941608727,0.748775794383733
Benzo[j]fluoranthene,C1=CC=C2C(=C1)C=CC3=C2C4=CC=CC5=C4C3=CC=C5,0.771987425916223,0.2710175469499205,0.6808515907992978
Benzo[k]fluoranthene,C1=CC=C2C=C3C4=CC=CC5=C4C(=CC=C5)C3=CC2=C1,0.7872076228107704,0.2535425268219677,0.7924073363595215
Benzofuran,C1=CC=C2C(=C1)C=CO2,0.7593648637894792,0.24548018601464733,0.6812566387897177
Benzophenone,C1=CC=C(C=C1)C(=O)C2=CC=CC=C2,0.4460087925914704,0.11499892108288706,0.4993943672515324
Benzotrichloride,C1=CC=C(C=C1)C(Cl)(Cl)Cl,0.6587199026202702,0.2660412595798377,0.686284619299014
Benzoyl chloride,C1=CC=C(C=C1)C(=O)Cl,0.45986334520769484,0.16058789441733393,0.47347795283902405
Benzyl chloride,C1=CC=C(C=C1)CCl,0.495888950874517,0.272936790399025,0.3227673438616363
Benzyl violet 4B,CCN(CC1=CC(=CC=C1)S(=O)(=O)[O-])C2=CC=C(C=C2)C(=C3C=CC(=[N+](C)C)C=C3)C4=CC=C(C=C4)N(CC)CC5=CC(=CC=C5)S(=O)(=O)[O-].[Na+],0.658320062021373,0.22607711728205307,0.24508131236609765
Beryllium,[Be],0.8871313352467264,0.2850317285242585,0.7496840144412379
Beryllium chloride,[Be+2].[Cl-].[Cl-],0.8678091428522786,0.22729063190790857,0.7000640432729291
Beryllium fluoride,[Be+2].[F-].[F-],0.885557087754896,0.25709843895141277,0.7354943099022374
Beryllium nitrate,[Be+2].[N+](=O)([O-])[O-].[N+](=O)([O-])[O-],0.9064725547983887,0.33367511606920064,0.7773311012813134
Beryllium oxide,[Be]=O,0.8543100910175084,0.2655868257478011,0.6582332673576569
Beryllium sulfate,[Be+2].[O-]S(=O)(=O)[O-],0.8265628135318702,0.1340418217289137,0.5087890823184253
Bis	nitrosourea,C(=O)(NN=O)NN=O,0.6964487924025774,0.18357023102955253,0.5029244290589608
Bis(2-chloro-1-methylethyl) ether,CC(CCl)OC(C)CCl,0.7572618900673223,0.31514713430555114,0.5317179371301249
Bis(2-chloroethoxy)methane,C(CCl)OCOCCCl,0.7953465088296021,0.2055014272080067,0.6787165893496934
Bis(2-chloroethyl)ether,C(CCl)OCCCl,0.8141099839468291,0.21130949379059527,0.6573389082715214
Bis(2-ethylhexyl)adipate,CCCCC(CC)COC(=O)CCCCC(=O)OCC(CC)CCCC,0.5193715232458268,0.21460335327441576,0.7252361293074755
Bis(chloromethyl) Ether,C(OCCl)Cl,0.8316924794898387,0.25816647786462826,0.6947126043528814
Bismarck Brown Y,C1=CC(=CC(=C1)N=NC2=C(C=C(C=C2)N)N)N=NC3=C(C=C(C=C3)N)N,0.7960428140090187,0.178827360555842,0.37442074687916127
Bisphenol A diglycidyl ether,CC(C)(C1=CC=C(C=C1)OCC2CO2)C3=CC=C(C=C3)OCC4CO4,0.567540968227934,0.22451632418242784,0.6065073685866339
Bisphenol F diglycidyl ether,C1C(O1)COC2=CC=C(C=C2)CC3=CC=C(C=C3)OCC4CO4,0.6025431748197023,0.23560221299662612,0.5435011916943805
Bleomycin,CC1=C(N=C(N=C1N)C(CC(=O)N)NCC(C(=O)N)N)C(=O)NC(C(C2=CN=CN2)OC3C(C(C(C(O3)CO)O)O)OC4C(C(C(C(O4)CO)O)OC(=O)N)O)C(=O)NC(C)C(C(C)C(=O)NC(C(C)O)C(=O)NCCC5=NC(=CS5)C6=NC(=CS6)C(=O)NCCC[S+](C)C)O,0.5202632313268072,0.1928325422454928,0.15160542898601
Bromate,[O-]Br(=O)=O,0.8956597565164063,0.3543467881143573,0.6634023129298383
Bromochloroacetic acid,C(C(=O)O)(Cl)Br,0.6271130140748543,0.1506894735536457,0.38003894341538674
Bromodichloromethane,C(Cl)(Cl)Br,0.8270562798656982,0.2521216436874064,0.641842586330299
Bromoethane,CCBr,0.8181026788882722,0.30489725079031776,0.6565925063585741
Butyl acrylate,CCCCOC(=O)C=C,0.6891581932134149,0.13094240428585743,0.750602959130655
Butyl benzyl phthalate,CCCCOC(=O)C1=CC=CC=C1C(=O)OCC2=CC=CC=C2,0.4403616460943362,0.11231830455037609,0.5684450419305164
Butyl methacrylate,CCCCOC(=O)C(=C)C,0.6858654079722214,0.1462207875311443,0.8157860941468994
Butylated hydroxyanisole (BHA),CC(C)(C)C1=C(C=CC(=C1)OC)O,0.47833137476232696,0.21998522517005564,0.5584514389681895
Butyraldehyde,CCCC=O,0.7888571664600191,0.22392961452731594,0.6229763278275158
CI Acid Red 114,CC1=CC=C(C=C1)S(=O)(=O)OC2=CC=C(C=C2)N=NC3=C(C=C(C=C3)C4=CC(=C(C=C4)N=NC5=C(C=CC6=CC(=CC(=C65)S(=O)(=O)[O-])S(=O)(=O)[O-])O)C)C.[Na+].[Na+],0.6972770162467777,0.1345954347853949,0.24530218478482843
CI Basic Red 9,C1=CC(=N)C=CC1=C(C2=CC=C(C=C2)N)C3=CC=C(C=C3)N.Cl,0.5405482739018568,0.25878824632985536,0.30044624246296237
CI Direct Blue 15,COC1=C(C=CC(=C1)C2=CC(=C(C=C2)N=NC3=C(C4=C(C=C(C=C4C=C3S(=O)(=O)[O-])S(=O)(=O)[O-])N)O)OC)N=NC5=C(C6=C(C=C(C=C6C=C5S(=O)(=O)[O-])S(=O)(=O)[O-])N)O.[Na+].[Na+].[Na+].[Na+],0.541629148610805,0.18578508093110055,0.2490404018413663
CI Direct Blue 218,C1=CC(=C(C=C1C2=CC(=C(C=C2)N=NC3=C(C4=C(C=C(C=C4C=C3S(=O)(=O)[O-])S(=O)(=O)[O-])N)O)O)O)N=NC5=C(C6=C(C=C(C=C6C=C5S(=O)(=O)[O-])S(=O)(=O)[O-])N)O.[Na+].[Na+].[Na+].[Na+].[Cu].[Cu],0.5577808370305134,0.12194991486395697,0.2868509844003318
Cacodylic acid,C[As](=O)(C)O,0.79472295157148,0.2059119234913227,0.6063946734639144
Cadmium,[Cd],0.8706436365787563,0.2719835381241523,0.7467625082208791
Cadmium acetate,CC(=O)[O-].CC(=O)[O-].[Cd+2],0.7763026914263643,0.2326865518221836,0.6138647660254872
Cadmium chloride,Cl[Cd]Cl,0.8813547511304097,0.3400617881288022,0.7405978515545768
Cadmium oxide,[O-2].[Cd+2],0.8849549358839759,0.30463265942691414,0.7509938097216018
Cadmium sulfate,[O-]S(=O)(=O)[O-].[Cd+2],0.8237253130263619,0.17092487101784581,0.5295399676917364
Caffeic acid,C1=CC(=C(C=C1C=CC(=O)O)O)O,0.4433922827089696,0.0909580100045404,0.34650101824500973
Calcium arsenate,[O-][As](=O)([O-])[O-].[O-][As](=O)([O-])[O-].[Ca+2].[Ca+2].[Ca+2],0.8886686387659717,0.2852141268480577,0.6681707620107923
Calcium chromate,[O-][Cr](=O)(=O)[O-].[Ca+2],0.889459433023941,0.2874679150046578,0.6250489856033858
Captafol,C1C=CCC2C1C(=O)N(C2=O)SC(C(Cl)Cl)(Cl)Cl,0.3370639306750477,0.17905934442123464,0.35172819963095686
Carbarsone,C1=CC(=CC=C1NC(=O)N)[As](=O)(O)O,0.4437879813516923,0.17965230226625228,0.26553807842259775
Carbaryl,CNC(=O)OC1=CC=CC2=CC=CC=C21,0.31830931842804633,0.3058949552791482,0.40215366712749046
Carbazole,C1=CC=C2C(=C1)C3=CC=CC=C3N2,0.6584275391326834,0.39324697098425626,0.5330014099927142
Carbon black,C,0.8866687807346382,0.2814214211898623,0.7446951843983153
Carbon disulfide,C(=S)=S,0.8721294130242058,0.22840753595351984,0.7410040749635545
"Carbon nanotubes, multiwalled MWCNT-7",[C],0.8848523996058768,0.28501361258222946,0.748258272574818
Carbon tetrachloride,C(Cl)(Cl)(Cl)Cl,0.8272907381853639,0.19207881236934513,0.6647630158065974
Carboplatin,C1CC(C1)(C(=O)[O-])C(=O)[O-].N.N.[Pt+2],0.5534268884508889,0.29816874166054563,0.4181943833615215
Catechol,C1=CC=C(C(=C1)O)O,0.5639968670853679,0.13286971567496175,0.7212255247495694
Chloral,C(=O)C(Cl)(Cl)Cl,0.8313232516327368,0.1867097557746664,0.6190971811989272
Chloral hydrate,C(C(Cl)(Cl)Cl)(O)O,0.6425272304724178,0.15763783858504182,0.4433531890101209
Chlorambucil,C1=CC(=CC=C1CCCC(=O)O)N(CCCl)CCCl,0.4053487139532386,0.16799888985096267,0.17744091128238945
Chloramphenicol,C1=CC(=CC=C1C(C(CO)NC(=O)C(Cl)Cl)O)[N+](=O)[O-],0.6898502993098813,0.29951822937956485,0.689873735177532
Chlordane,C1C2C(C(C1Cl)Cl)C3(C(=C(C2(C3(Cl)Cl)Cl)Cl)Cl)Cl,0.6600240344535959,0.19780336910203772,0.6744045623154885
Chlordecone,C1(=O)C2(C3(C4(C1(C5(C2(C3(C(C45Cl)(Cl)Cl)Cl)Cl)Cl)Cl)Cl)Cl)Cl,0.6979924673685883,0.2358230626511814,0.6481827564991015
Chlorendic acid,C1(C(C2(C(=C(C1(C2(Cl)Cl)Cl)Cl)Cl)Cl)C(=O)O)C(=O)O,0.4416830538647718,0.11209620006984437,0.4451225641915567
Chlornaphazine,C1=CC=C2C=C(C=CC2=C1)N(CCCl)CCCl,0.6535660460129723,0.22290967433668574,0.4407138477860952
Chloroacetic acid,C(C(=O)O)Cl,0.5597054508949947,0.1348039393328003,0.3472909460331449
Chlorobenzilate,CCOC(=O)C(C1=CC=C(C=C1)Cl)(C2=CC=C(C=C2)Cl)O,0.4010325849923161,0.16020515503488653,0.5522091621009431
Chlorodibromomethane,C(Cl)(Br)Br,0.8341645831515604,0.23043913214571135,0.6332303756565559
Chloroethane,CCCl,0.85284889818198,0.2756913169168206,0.7173567217548912
Chloroform,C(Cl)(Cl)Cl,0.8209676097373503,0.2309386349601463,0.6282681115283928
Chloromethyl methyl ether,COCCl,0.7355739307157854,0.26613687787453044,0.5827131496402536
Chlorophenols,C1=C(C(=C(C(=C1Cl)Cl)Cl)O)Cl,0.5157819327495035,0.1720100133568511,0.6991348425162955
Chloroprene,C=CC(=C)Cl,0.8476643398487522,0.20315766853651016,0.7994028870752884
Chlorothalonil,C(#N)C1=C(C(=C(C(=C1Cl)Cl)Cl)C#N)Cl,0.8002431222075599,0.2149662008570012,0.7451395550262947
Chlorozotocin,C(CCl)N(C(=O)NC(C=O)C(C(C(CO)O)O)O)N=O,0.6635503194077448,0.11628321506036057,0.24013311954611843
Chromium (VI) compounds,[Cr+6],0.880849984976891,0.28724233374642394,0.7370934250088426
Chromium trioxide,O=[Cr](=O)=O,0.8637239745418839,0.2734039931504715,0.6561946020095856
Chrysene,C1=CC=C2C(=C1)C=CC3=C2C=CC4=CC=CC=C43,0.7768950567141908,0.29089451081695616,0.7092417466846428
Ciclosporin,CCC1C(=O)N(CC(=O)N(C(C(=O)NC(C(=O)N(C(C(=O)NC(C(=O)NC(C(=O)N(C(C(=O)N(C(C(=O)N(C(C(=O)N(C(C(=O)N1)C(C(C)CC=CC)O)C)C(C)C)C)CC(C)C)C)CC(C)C)C)C)C)CC(C)C)C)C(C)C)CC(C)C)C)C,0.5700691948997738,0.18662614446523662,0.1529299863149651
Cisplatin,N.N.Cl[Pt]Cl,0.8738148330545599,0.25439372910925645,0.7347170283432477
Citrus Red No. 2,COC1=CC(=C(C=C1)OC)N=NC2=C(C=CC3=CC=CC=C32)O,0.6313839243777488,0.37160484563740637,0.32007303679639293
Clofibrate,CCOC(=O)C(C)(C)OC1=CC=C(C=C1)Cl,0.3998289695204693,0.06678369565503131,0.6082681233005567
Cobalt,[Co],0.8863198103224572,0.2843428808749124,0.7441741798890485
Cobalt chloride,[Cl-].[Cl-].[Co+2],0.8690660588806732,0.26501264387166845,0.6773379964574678
Cobalt sulfate,[O-]S(=O)(=O)[O-].[Co+2],0.8239473520879445,0.14947177187991656,0.49049922633247206
Cobalt(II) oxide,O=[Co],0.8690940684975385,0.26076932631025945,0.6782013085847771
Cobalt-Tungsten Carbide,C.[Co].[W],0.8698391601365435,0.2813681593620633,0.7280942280626693
Copper arsenate,[O-][As](=O)([O-])[O-].[O-][As](=O)([O-])[O-].[Cu+2].[Cu+2].[Cu+2],0.899487602935682,0.2718175771408992,0.6855104054171806
Crotonaldehyde,CC=CC=O,0.855681919653369,0.25399981829488616,0.6494371884028216
Crude MDI,C1=CC(=CC=C1CC2=CC=C(C=C2)N=C=O)N=C=O,0.6792560103518589,0.24826225168446903,0.45305643467097334
Crystalline silica,O=[Si]=O,0.8552023452356149,0.3072993198297886,0.5639078594129934
Cumene,CC(C)C1=CC=CC=C1,0.4663881646802134,0.3694112379037918,0.47016341223254376
Cumyl hydroperoxide,CC(C)(C1=CC=CC=C1)OO,0.48480292344737946,0.2386347885727359,0.4899804386724979
Cupferron,C1=CC=C(C=C1)N(N=O)[O-].[NH4+],0.7186928229196107,0.22593627971074412,0.530100415971248
Cycasin,C[N+](=NCOC1C(C(C(C(O1)CO)O)O)O)[O-],0.553815043079086,0.20169323441847098,0.3569703255832081
Cyclopenta[cd]pyrene,C1=CC2=C3C(=C1)C=C4C=CC5=C4C3=C(C=C2)C=C5,0.7829847306587661,0.25059855749180665,0.77182589363242
Cyclophosphamide,C1CNP(=O)(OC1)N(CCCl)CCCl,0.6809511894178577,0.2732981672662475,0.3805870619509917
Cyclosporine,CC[C@H]1C(=O)N(CC(=O)N([C@H](C(=O)N[C@H](C(=O)N([C@H](C(=O)N[C@H](C(=O)N[C@@H](C(=O)N([C@H](C(=O)N([C@H](C(=O)N([C@H](C(=O)N([C@H](C(=O)N1)[C@@H]([C@H](C)C/C=C/C)O)C)C(C)C)C)CC(C)C)C)CC(C)C)C)C)C)CC(C)C)C)C(C)C)CC(C)C)C)C,0.5700691948997738,0.18662614446523662,0.1529299863149651
DDT,C1=CC(=CC=C1C(C2=CC=C(C=C2)Cl)C(Cl)(Cl)Cl)Cl,0.5802320829629573,0.2113901968154677,0.5525294205694623
Dacarbazine,CN(C)N=NC1=C(NC=N1)C(=O)N,0.5824502662454618,0.1941282339891006,0.24698585997878642
Danthron,C1=CC2=C(C(=C1)O)C(=O)C3=C(C2=O)C=CC=C3O,0.3427676275825672,0.10995619929156009,0.40414800757045904
Daunomycin,CC1C(C(CC(O1)OC2CC(CC3=C2C(=C4C(=C3O)C(=O)C5=C(C4=O)C(=CC=C5)OC)O)(C(=O)C)O)N)O,0.5041659253118427,0.3225875226803655,0.12399899816880344
Decabromodiphenyl oxide,C1(=C(C(=C(C(=C1Br)Br)Br)Br)Br)OC2=C(C(=C(C(=C2Br)Br)Br)Br)Br,0.7215170288379352,0.24878232044493173,0.7233626402426849
Deltamethrin,CC1(C(C1C(=O)OC(C#N)C2=CC(=CC=C2)OC3=CC=CC=C3)C=C(Br)Br)C,0.36730770668934876,0.11703886441531894,0.4182111082450192
Deoxycholic Acid,CC(CCC(=O)O)C1CCC2C1(C(CC3C2CCC4C3(CCC(C4)O)C)O)C,0.464860539525816,0.30763450024255684,0.23469904490706928
Di(2-ethylhexyl) Phthalate,CCCCC(CC)COC(=O)C1=CC=CC=C1C(=O)OCC(CC)CCCC,0.4662337401982048,0.20587061972617574,0.8134360571766506
Di-n-octyl phthalate,CCCCCCCCOC(=O)C1=CC=CC=C1C(=O)OCCCCCCCC,0.5006485917487058,0.12416106638698725,0.8275649241405212
Diacetylbenzidine,CC(=O)NC1=CC=C(C=C1)C2=CC=C(C=C2)NC(=O)C,0.3279710213189283,0.1314376177220568,0.3870291659262202
Diazinon,CCOP(=S)(OCC)OC1=NC(=NC(=C1)C)C(C)C,0.3653844918318001,0.15397097424690323,0.3571272027772042
Diazoaminobenzene,C1=CC=C(C=C1)NN=NC2=CC=CC=C2,0.6610218719645544,0.2715547669323777,0.41115651548108917
Diazomethane,C=[N+]=[N-],0.8490242211650508,0.2947993762730125,0.7203551285629715
"Dibenz[a,c]anthracene",C1=CC=C2C=C3C4=CC=CC=C4C5=CC=CC=C5C3=CC2=C1,0.7626499376696522,0.2594628299144017,0.7320863813303524
"Dibenz[a,h]acridine",C1=CC=C2C(=C1)C=CC3=C2C=C4C=CC5=CC=CC=C5C4=N3,0.5585590013559983,0.21753107119105974,0.5332246902992304
"Dibenz[a,h]anthracene",C1=CC=C2C(=C1)C=CC3=CC4=C(C=CC5=CC=CC=C54)C=C32,0.7811614332508985,0.30986422606491915,0.7103577003241965
"Dibenz[a,j]acridine",C1=CC=C2C(=C1)C=CC3=NC4=C(C=C32)C5=CC=CC=C5C=C4,0.5608085861747621,0.2208004112403572,0.5502396481816405
"Dibenz[a,j]anthracene",C1=CC=C2C(=C1)C=CC3=CC4=C(C=C32)C5=CC=CC=C5C=C4,0.7786873278419659,0.3120649836406767,0.7179346462001547
"Dibenz[c,h]acridine",C1=CC=C2C(=C1)C=CC3=C2N=C4C(=C3)C=CC5=CC=CC=C54,0.6580753465636079,0.234855888862921,0.5798343219096729
"Dibenzo[a,e]pyrene",C1=CC=C2C3=C4C(=CC2=C1)C5=CC=CC=C5C6=CC=CC(=C64)C=C3,0.8523722895505327,0.24568960723881092,0.7531278962594622
"Dibenzo[a,h]pyrene",C1=CC=C2C3=C4C(=CC2=C1)C=CC5=C4C(=CC6=CC=CC=C56)C=C3,0.8417947439316805,0.2829274529656533,0.7758676963454991
"Dibenzo[a,i]pyrene",C1=CC=C2C3=C4C(=CC2=C1)C=CC5=CC6=CC=CC=C6C(=C54)C=C3,0.8417947439316805,0.2829274529656533,0.7758676963454991
"Dibenzo[a,l]pyrene",C1=CC=C2C(=C1)C=C3C=CC4=C5C3=C2C6=CC=CC=C6C5=CC=C4,0.844865145194043,0.253428284391901,0.7270304957264585
Dibromoacetic acid,C(C(=O)O)(Br)Br,0.6261221425204281,0.170147052653988,0.3924956115907461
Dibromoacetonitrile,C(#N)C(Br)Br,0.7804662494960612,0.25496609676626286,0.5710850838078013
Dibromochloroacetic acid,C(=O)(C(Cl)(Br)Br)O,0.6859865211957146,0.11680699245065722,0.47786661556797455
Dibutyl phthalate,CCCCOC(=O)C1=CC=CC=C1C(=O)OCCCC,0.5101946053076287,0.09259288707365869,0.7896216137924645
Dichloroacetic acid,C(C(=O)O)(Cl)Cl,0.6077706489550941,0.1392592768056935,0.3818862006117027
Dichloroacetonitrile,C(#N)C(Cl)Cl,0.8033211715861214,0.20578504510541096,0.6156341197731949
Dichlorobromoacetic acid,C(=O)(C(Cl)(Cl)Br)O,0.696281741828679,0.11450216416734654,0.4747603151873612
Dichlorodifluoromethane,C(F)(F)(Cl)Cl,0.6747150722998215,0.16736588506178385,0.5506500542518037
Dichloromethane,C(Cl)Cl,0.8801864237618859,0.24838887977159524,0.7277428028804848
Dichlorvos,COP(=O)(OC)OC=C(Cl)Cl,0.6772468683911135,0.14271707772074677,0.5617413466859238
Dieldrin,C1C2C3C(C1C4C2O4)C5(C(=C(C3(C5(Cl)Cl)Cl)Cl)Cl)Cl,0.650652587528945,0.1896510373512985,0.6517169944886456
Dienestrol,CC=C(C1=CC=C(C=C1)O)C(=CC)C2=CC=C(C=C2)O,0.449991328191373,0.13599610443733462,0.6188527585083272
Diepoxybutane,C1C(O1)C2CO2,0.7843328764412487,0.21752123312179295,0.5505032744441132
Diethanolamine,C(CO)NCCO,0.6170740784419655,0.25710658498598454,0.5049128819948013
Diethyl sulfate,CCOS(=O)(=O)OCC,0.7551695363730094,0.1557733719957397,0.4580243874939751
Diethylmercury,CC[Hg]CC,0.8298387459467476,0.31863876176013195,0.7036984083027978
Diethylstilbestrol,CCC(=C(CC)C1=CC=C(C=C1)O)C2=CC=C(C=C2)O,0.38691031976598966,0.123482702302003,0.5286067325104046
Diglycidyl resorcinol ether,C1C(O1)COC2=CC(=CC=C2)OCC3CO3,0.5486896759891491,0.23918828875459675,0.5748496715203157
Digoxin,CC1C(C(CC(O1)OC2C(OC(CC2O)OC3C(OC(CC3O)OC4CCC5(C(C4)CCC6C5CC(C7(C6(CCC7C8=CC(=O)OC8)O)C)O)C)C)C)O)O,0.3864884307488712,0.30520276352877207,0.3899394054291311
Dihydrosafrole,CCCC1=CC2=C(C=C1)OCO2,0.4746415564025365,0.6783350803974046,0.2957545849519181
Diisononyl phthalate,CC(C)CCCCCCOC(=O)C1=CC=CC=C1C(=O)OCCCCCCC(C)C,0.42112990323207194,0.1959327754518654,0.8384647523772873
Diisopropyl sulfate,CC(C)OS(=O)(=O)OC(C)C,0.6614071280541975,0.23142657424397023,0.43262024396662035
Dimethoxane,CC1CC(OC(O1)C)OC(=O)C,0.4398864381147196,0.13859901142214284,0.39931171366954366
Dimethyl hydrogen phosphite,COP(=O)OC,0.7689633393658681,0.2734227736099974,0.5199933164785066
Dimethyl morpholinophosphoramidate,COP(=O)(N1CCOCC1)OC,0.6231479652599652,0.24955246734867967,0.3804664473710658
Dimethyl sulfate,COS(=O)(=O)OC,0.7602892993298735,0.16638836902310217,0.4757843113486716
Dimethyl terephthalate,COC(=O)C1=CC=C(C=C1)C(=O)OC,0.32503997558525605,0.12480321840980806,0.4906636620462279
Dimethyl-p-toluidine,CC1=CC=C(C=C1)N(C)C,0.7043707979498821,0.2719577331252119,0.5575153464600232
Dimethylcarbamoyl chloride,CN(C)C(=O)Cl,0.7325095711445141,0.17026346800547085,0.5963716947838326
Dimethylformamide,CN(C)C=O,0.8280790048240485,0.28271088902959585,0.6879189942606034
Dimethylmercury,C[Hg]C,0.8722128674707992,0.32239902174638657,0.7127633048355639
Dinitroaniline,C1=C(C=C(C=C1[N+](=O)[O-])[N+](=O)[O-])N,0.7908223113115779,0.44385619413533667,0.598177712669767
Diphenylamine,C1=CC=C(C=C1)NC2=CC=CC=C2,0.6543331188472172,0.25520713591454197,0.5360726337819134
Diphenylhydantoin,C1=CC=C(C=C1)C2(C(=O)NC(=O)N2)C3=CC=CC=C3,0.49890786496592016,0.27481677468857646,0.2652644176055662
Direct Black 38,C1=CC=C(C=C1)N=NC2=C(C3=C(C(=C(C=C3C=C2S(=O)(=O)[O-])S(=O)(=O)[O-])N=NC4=CC=C(C=C4)C5=CC=C(C=C5)N=NC6=C(C=C(C=C6)N)N)N)O.[Na+].[Na+],0.654062380222672,0.10164316177665574,0.24176326909114337
Direct Blue 14,CC1=C(C=CC(=C1)C2=CC(=C(C=C2)N=NC3=C(C4=C(C=C(C=C4C=C3S(=O)(=O)[O-])S(=O)(=O)[O-])N)O)C)N=NC5=C(C6=C(C=C(C=C6C=C5S(=O)(=O)[O-])S(=O)(=O)[O-])N)O.[Na+].[Na+].[Na+].[Na+],0.5678437582239784,0.12377995012999697,0.27493532323420733
Direct Blue 6,C1=CC(=CC=C1C2=CC=C(C=C2)N=NC3=C(C4=C(C=C(C=C4C=C3S(=O)(=O)[O-])S(=O)(=O)[O-])N)O)N=NC5=C(C6=C(C=C(C=C6C=C5S(=O)(=O)[O-])S(=O)(=O)[O-])N)O.[Na+].[Na+].[Na+].[Na+],0.5833481884645149,0.09676241422593955,0.2914571348012027
Direct Brown 1A,CC1=CC(=C(C(=C1N)N=NC2=CC=C(C=C2)C3=CC=C(C=C3)N=NC4=CC(=C(C=C4)O)C(=O)[O-])N)N=NC5=CC=C(C=C5)S(=O)(=O)[O-].[Na+].[Na+],0.6188270620130025,0.08222196074050121,0.28679085481215144
Direct Red 2,CC1=C(C=CC(=C1)C2=CC(=C(C=C2)N=NC3=C(C4=CC=CC=C4C(=C3)S(=O)(=O)[O-])N)C)N=NC5=C(C6=CC=CC=C6C(=C5)S(=O)(=O)[O-])N.[Na+].[Na+],0.5486949260999389,0.16616090511938217,0.234001706590384
Direct Red 28,C1=CC=C2C(=C1)C(=CC(=C2N)N=NC3=CC=C(C=C3)C4=CC=C(C=C4)N=NC5=C(C6=CC=CC=C6C(=C5)S(=O)(=O)[O-])N)S(=O)(=O)[O-].[Na+].[Na+],0.5870330308219419,0.12014943431480406,0.2628378448211616
Disperse Blue 1,C1=CC(=C2C(=C1N)C(=O)C3=C(C=CC(=C3C2=O)N)N)N,0.565609028967369,0.16860993140301656,0.341907453762322
Disperse Yellow 3,CC1=CC(=C(C=C1)O)N=NC2=CC=C(C=C2)NC(=O)C,0.4036212039551616,0.12894733994933316,0.34133804948393626
Epichlorohydrin,C1C(O1)CCl,0.8152346452850603,0.20048303348576624,0.6056087202756947
Erionite,O.O.O.O.O.O.O.O.O.O.O.O.O.O.O.O.O.O.O.O.O.O.O.O.O.O.O.O.O.O.[O-2].[O-][Si](=O)O[Si](=O)[O-].[Na+].[Al+3].[K+].[Ca+2],0.7881760212280365,0.27079364315711973,0.5789774921831988
Estradiol,CC12CCC3C(C1CCC2O)CCC4=C3C=CC(=C4)O,0.47451621287115275,0.17607757465056498,0.5290111375891446
Estradiol 3-benzoate,CC12CCC3C(C1CCC2O)CCC4=C3C=CC(=C4)OC(=O)C5=CC=CC=C5,0.2903770527483961,0.13320004649999684,0.4994835125341504
Estradiol dipropionate,CCC(=O)OC1CCC2C1(CCC3C2CCC4=C3C=CC(=C4)OC(=O)CC)C,0.43517514876565827,0.17589264550862502,0.3904462146155327
Estradiol mustard,CC12CCC3C(C1CCC2OC(=O)CC4=CC=C(C=C4)N(CCCl)CCCl)CCC5=C3C=CC(=C5)OC(=O)CC6=CC=C(C=C6)N(CCCl)CCCl,0.4089529427924873,0.21113384012162864,0.38305606861437475
Estradiol valerate,CCCCC(=O)OC1CCC2C1(CCC3C2CCC4=C3C=CC(=C4)O)C,0.4794642152924068,0.18815322398726272,0.47587419632497235
Estriol,CC12CCC3C(C1CC(C2O)O)CCC4=C3C=CC(=C4)O,0.4692612934222916,0.149234531972693,0.5026184129395128
Estrone,CC12CCC3C(C1CCC2=O)CCC4=C3C=CC(=C4)O,0.43839635719038256,0.17058603391224061,0.6073120116702361
Ethanol,CCO,0.6647378168831287,0.34989161017993053,0.5850222945855424
Ethionamide,CCC1=NC=CC(=C1)C(=S)N,0.38229638794948484,0.14460911990960523,0.25167909768874214
Ethyl acrylate,CCOC(=O)C=C,0.7391237316860534,0.13256156954203763,0.7194396463363343
Ethyl carbamate,CCOC(=O)N,0.5719813878968149,0.1485175617644332,0.41904017895689655
Ethyl iodide,CCI,0.798695473833524,0.31811100934567754,0.5997261021865462
Ethyl methacrylate,CCOC(=O)C(=C)C,0.7145323333331103,0.1643421198664868,0.8009538007066013
Ethyl methanesulfonate,CCOS(=O)(=O)C,0.7734277293755764,0.16438829036723696,0.45288951774995917
Ethyl tert-butyl ether,CCOC(C)(C)C,0.7305434814441925,0.29486312953219346,0.649698316199741
Ethylbenzene,CCC1=CC=CC=C1,0.38388190731003213,0.35193582319422406,0.32494619074375164
Ethylene Thiourea,C1CNC(=S)N1,0.6326146478764499,0.2645431959987624,0.4303690440092591
Ethylene glycol monoethyl ether,CCOCCO,0.5156559233246851,0.2074456136664694,0.5470983062045321
Ethylene imine,C1CN1,0.6986696244917207,0.32580767670657046,0.429239037194348
Ethylene oxide,C1CO1,0.8578430435727061,0.276100231379486,0.6334110068363522
Ethylmercury chloride,CC[Hg]Cl,0.8288430979688579,0.29399491054516785,0.6872335700987154
Etoposide,CC1OCC2C(O1)C(C(C(O2)OC3C4COC(=O)C4C(C5=CC6=C(C=C35)OCO6)C7=CC(=C(C(=C7)OC)O)OC)O)O,0.5606426466983451,0.13018009805654254,0.13926317527192103
Etoposide	in	combination	with	cisplatin	and	bleomycin,C[C@@H]1OC[C@@H]2[C@@H](O1)[C@@H]([C@H]([C@@H](O2)OC3[C@H]4COC(=O)[C@@H]4[C@@H](C5=CC6=C(C=C35)OCO6)C7=CC(=C(C(=C7)OC)O)OC)O)O.CC1=C(N=C(N=C1N)[C@H](CC(=O)N)NC[C@@H](C(=O)N)N)C(=O)N[C@@H](C(C2=CN=CN2)O[C@H]3[C@H]([C@H]([C@@H]([C@@H](O3)CO)O)O)O[C@@H]4[C@@H]([C@H]([C@@H]([C@H](O4)CO)O)OC(=O)N)O)C(=O)N[C@H](C)[C@H]([C@H](C)C(=O)N[C@@H]([C@@H](C)O)C(=O)NCCC5=NC(=CS5)C6=NC(=CS6)C(=O)NCCC[S+](C)C)O.[NH2-].[NH2-].Cl[Pt+2]Cl,0.5585853840869963,0.2412499353260313,0.14333821033366975
Etoposide in combination with cisplatin and bleomycin,CC1OCC2C(O1)C(C(C(O2)OC3C4COC(=O)C4C(C5=CC6=C(C=C35)OCO6)C7=CC(=C(C(=C7)OC)O)OC)O)O.CC1=C(N=C(N=C1N)C(CC(=O)N)NCC(C(=O)N)N)C(=O)NC(C(C2=CN=CN2)OC3C(C(C(C(O3)CO)O)O)OC4C(C(C(C(O4)CO)O)OC(=O)N)O)C(=O)NC(C)C(C(C)C(=O)NC(C(C)O)C(=O)NCCC5=NC(=CS5)C6=NC(=CS6)C(=O)NCCC[S+](C)C)O.[NH2-].[NH2-].Cl[Pt+2]Cl,0.5585853840869963,0.2412499353260313,0.14333821033366975
Eugenol,COC1=C(C=CC(=C1)CC=C)O,0.4738127635433912,0.3564140969885365,0.2741943086574331
Evans blue,CC1=C(C=CC(=C1)C2=CC(=C(C=C2)N=NC3=C(C4=C(C=C3)C(=CC(=C4N)S(=O)(=O)[O-])S(=O)(=O)[O-])O)C)N=NC5=C(C6=C(C=C5)C(=CC(=C6N)S(=O)(=O)[O-])S(=O)(=O)[O-])O.[Na+].[Na+].[Na+].[Na+],0.5304087843802602,0.14267977296285012,0.2498127037487987
Fenvalerate,CC(C)C(C1=CC=C(C=C1)Cl)C(=O)OC(C#N)C2=CC(=CC=C2)OC3=CC=CC=C3,0.36398310952152313,0.1490430926205544,0.519011927454851
Fluometuron,CN(C)C(=O)NC1=CC=CC(=C1)C(F)(F)F,0.378851920145947,0.160784381988541,0.40718920062844516
Fluoranthene,C1=CC=C2C(=C1)C3=CC=CC4=C3C2=CC=C4,0.8169465389203522,0.26141877698561217,0.8079783281065326
Fluorene,C1C2=CC=CC=C2C3=CC=CC=C31,0.5580398953921062,0.3143116779447878,0.49029751937795757
Formaldehyde,C=O,0.8826060394768719,0.2804483296633366,0.7325046740354769
Fumonisin B1,CCCCC(C)C(C(CC(C)CC(CCCCC(CC(C(C)N)O)O)O)OC(=O)CC(CC(=O)O)C(=O)O)OC(=O)CC(CC(=O)O)C(=O)O,0.5303543176465864,0.1439697070475082,0.178695859486855
Fumonisin B2,CCCCC(C)C(C(CC(C)CCCCCCC(CC(C(C)N)O)O)OC(=O)CC(CC(=O)O)C(=O)O)OC(=O)CC(CC(=O)O)C(=O)O,0.5252979583526465,0.14480031985650493,0.19721020107582954
Furan,C1=COC=C1,0.6490724573976057,0.2658859801150584,0.5784615689071343
Furazolidone,C1COC(=O)N1N=CC2=CC=C(O2)[N+](=O)[O-],0.6666382281620032,0.4033624735715734,0.4404046739153972
Furfural,C1=COC(=C1)C=O,0.6734919924062557,0.199788554698027,0.6148058357570487
Furfuryl alcohol,C1=COC(=C1)CO,0.46505931863671957,0.212540613073185,0.508641472967765
Furylfuramide,C1=COC(=C1)C(=CC2=CC=C(O2)[N+](=O)[O-])C(=O)N,0.6358143371262172,0.27604288541183736,0.4255601042496314
Fusarin C,CC=C(C=C(C)C=C(C)C=CC=C(C)C(=O)C12C(O1)C(NC2=O)(CCO)O)C(=O)OC,0.26650565663383036,0.14640890842646598,0.22299631720603696
Gallium arsenide,[Ga]#[As],0.8744705064590125,0.2749874749078189,0.747813230079845
Gentian violet,CN(C)C1=CC=C(C=C1)C(=C2C=CC(=[N+](C)C)C=C2)C3=CC=C(C=C3)N(C)C.[Cl-],0.7127495542009428,0.26191350864078655,0.43354882503230413
Ginkgo biloba extract,C1=CC=C(C=C1)N2C(=NN=N2)SC3=C(C=C(C=C3[N+](=O)[O-])C(=O)O)[N+](=O)[O-].N,0.4131860619766959,0.2730998030650032,0.4158492140765059
Glu-P-1,CC1=CC=CN2C1=NC3=C2N=C(C=C3)N,0.3714420885996443,0.22690203900408407,0.25465683567421005
Glu-P-2,C1=CC2=NC3=C(N2C=C1)N=C(C=C3)N,0.4315030762272897,0.1732449204779626,0.2737264186942432
Glutaraldehyde,C(CC=O)CC=O,0.7133995382650516,0.19958441206378105,0.6032911395523188
Glycidaldehyde,C1C(O1)C=O,0.7869606005638117,0.20180995719642184,0.5032341706004978
Glycidol,C1C(O1)CO,0.6058683910969613,0.16405194949021562,0.4008229767798294
Glycidyl methacrylate,CC(=C)C(=O)OCC1CO1,0.6780976833515864,0.1489162413116351,0.646765496673014
Glycidyl oleate,CCCCCCCCC=CCCCCCCCC(=O)OCC1CO1,0.5081375905772018,0.15829437630331492,0.4133656376507562
Glyoxal,C(=O)C=O,0.8799735555570188,0.24102042132912024,0.6876578471814209
Glyphosate,C(C(=O)O)NCP(=O)(O)O,0.3890795920554256,0.15317524841103425,0.3238377313837685
Griseofulvin,CC1CC(=O)C=C(C12C(=O)C3=C(O2)C(=C(C=C3OC)OC)Cl)OC,0.25702988854744185,0.3611044754319064,0.24361285038312094
Gyromitrin,CC=NN(C)C=O,0.8380348187542659,0.27949318361559555,0.6450384889441572
HC Blue 1,CNC1=C(C=C(C=C1)N(CCO)CCO)[N+](=O)[O-],0.6960296959649382,0.36714475131561886,0.624010718787979
Hepatitis D virus (HDV),CCCCCCCCCCCCCCCCCC1=C(C(=CC=C1)OC)OC,0.4049424088332331,0.6219613524684262,0.35294439920510273
Heptachlor,C1=CC(C2C1C3(C(=C(C2(C3(Cl)Cl)Cl)Cl)Cl)Cl)Cl,0.735177083538188,0.203175759370159,0.6967570276201985
Heptachlor epoxide,C12C(C(C3C1O3)Cl)C4(C(=C(C2(C4(Cl)Cl)Cl)Cl)Cl)Cl,0.7127514638993602,0.16521172032040762,0.6356098055618012
Heptachlorodibenzofuran,C1=C2C3=C(C(=C(C(=C3Cl)Cl)Cl)Cl)OC2=C(C(=C1Cl)Cl)Cl,0.6403848079381624,0.2492341788869295,0.68790624591526
Hexabromocyclododecane,C1C(CC(CC(CC(CC(CC1Br)Br)Br)Br)Br)Br,0.770274347647995,0.26592878529529285,0.6620463124264923
Hexachlorobenzene,C1(=C(C(=C(C(=C1Cl)Cl)Cl)Cl)Cl)Cl,0.845017982869465,0.2208854364290453,0.8008906537101264
Hexachlorobutadiene,C(=C(Cl)Cl)(C(=C(Cl)Cl)Cl)Cl,0.8068620846322585,0.23046034322949843,0.7197516529718021
Hexachlorocyclohexane,C1(C(C(C(C(C1Cl)Cl)Cl)Cl)Cl)Cl,0.7815895222780784,0.23369136026324416,0.6847386531576941
Hexachlorodibenzodioxin,C1=CC=C2C(=C1)OC3=CC=CC=C3O2.Cl.Cl.Cl.Cl.Cl.Cl,0.6692404262562746,0.4357135082704539,0.658242275438733
Hexachloroethane,C(C(Cl)(Cl)Cl)(Cl)(Cl)Cl,0.8095885305004974,0.21504799407820294,0.6498998829520114
Hexachloronaphthalene,C1=CC(=C(C2=C1C(=C(C(=C2Cl)Cl)Cl)Cl)Cl)Cl,0.7065127353137829,0.24049121499713064,0.6858387229559655
Hexafluoropropylene oxide,C1(C(O1)(F)F)(C(F)(F)F)F,0.6205746303690429,0.2107306808738257,0.45232996076189885
Hexaldehyde,CCCCCC=O,0.7048784042180466,0.21542664274089202,0.6015684655306702
Hexamethylene diisocyanate,C(CCCN=C=O)CCN=C=O,0.731233935397184,0.24357439817793772,0.5599114077833323
Hexamethylphosphoramide,CN(C)P(=O)(N(C)C)N(C)C,0.790760908850798,0.24671681682380392,0.6502960704027937
Hydrazine,NN,0.8443447917328862,0.2736116529788521,0.6506964522659211
Hydrazine Sulfate,NN.OS(=O)(=O)O,0.6267768663461271,0.10111772647445762,0.377038441112042
Hydrochlorothiazide,C1NC2=CC(=C(C=C2S(=O)(=O)N1)S(=O)(=O)N)Cl,0.24812627771477402,0.08640507726547124,0.18488132054600162
Hydrogen peroxide,OO,0.7517068540223355,0.21551967544364842,0.6299752874069582
Hydroxypropyl methacrylate,CC(CO)OC(=O)C(=C)C,0.6107679126562092,0.16160801508029243,0.6850523742380061
Hydroxyurea,C(=O)(N)NO,0.5929064237252808,0.1252471978301,0.37525317941820496
"Indeno[1,2,3-cd]pyrene",C1=CC=C2C(=C1)C3=C4C2=CC5=CC=CC6=C5C4=C(C=C6)C=C3,0.8082602810750151,0.22971060986451908,0.8021060406970102
Indium phosphide,P#[In],0.7987135329343128,0.22291097817549602,0.677404831148139
Indium tin oxide,O=[Sn].[In],0.8656214671018002,0.2509112972572735,0.6730801891628304
Iprodione,CC(C)NC(=O)N1CC(=O)N(C1=O)C2=CC(=CC(=C2)Cl)Cl,0.3431782407656076,0.2741836391394531,0.4194379742437706
Iron and steel founding (occupational exposure during),[Fe],0.8761737259028188,0.29161100142581875,0.7303049676446932
Isobutyl nitrite,CC(C)CON=O,0.6473368006565628,0.4610974108182184,0.5133803116945452
Isoeugenol,CC=CC1=CC(=C(C=C1)O)OC,0.503499632863166,0.2767601029368231,0.3700160927091594
Isophorone,CC1=CC(=O)CC(C1)(C)C,0.527455722497216,0.31532170805071336,0.5512953321968348
Isophorone diisocyanate,CC1(CC(CC(C1)(C)CN=C=O)N=C=O)C,0.6078614765472433,0.24558939110821928,0.42155351027920596
Isophosphamide,C1CN(P(=O)(OC1)NCCCl)CCCl,0.5179765711074973,0.22603339112868173,0.2446025724547289
Isoprene,CC(=C)C=C,0.8379667220119247,0.20039406683823605,0.729237000913806
Isosafrole,CC=CC1=CC2=C(C=C1)OCO2,0.5824497169142451,0.5173051635931656,0.37592999229991847
Kava extract,COC1=CC(=O)OC(C1)C=CC2=CC3=C(C=C2)OCO3,0.4761240116569932,0.47298804332142974,0.2885730215486839
Lasiocarpine,CC=C(C)C(=O)OC1CCN2C1C(=CC2)COC(=O)C(C(C)OC)(C(C)(C)O)O,0.5043088376230276,0.26648233026821605,0.22267258651836422
Lead,[Pb],0.8600701925243124,0.29737071024179895,0.7364393353366218
Lead arsenate,O[As](=O)([O-])[O-].[Pb+2],0.8400591274376211,0.22235997723146791,0.6356410929364826
Lead chromate,[O-][Cr](=O)(=O)[O-].[Pb+2],0.903698292218782,0.2807343990135644,0.644101440340965
Lead phosphate,[O-]P(=O)([O-])[O-].[O-]P(=O)([O-])[O-].[Pb+2].[Pb+2].[Pb+2],0.7863995698855837,0.24947182980535587,0.6694602577847222
Leucomalachite green,CN(C)C1=CC=C(C=C1)C(C2=CC=CC=C2)C3=CC=C(C=C3)N(C)C,0.5521190470560582,0.3125132487576007,0.40231541397089265
Lithocholic Acid,CC(CCC(=O)O)C1CCC2C1(CCC3C2CCC4C3(CCC(C4)O)C)C,0.46143710646389124,0.34213011884747596,0.24528152272556472
Malachite green,CN(C)C1=CC=C(C=C1)C(=C2C=CC(=[N+](C)C)C=C2)C3=CC=CC=C3.[Cl-],0.6665541727819321,0.27621161094566915,0.37467593559002976
Malathion,CCOC(=O)CC(C(=O)OCC)SP(=S)(OC)OC,0.49403499493405406,0.19219894121621284,0.5207523606111808
Malonaldehyde,C(C=O)C=O,0.7772203328875853,0.2236125372368722,0.6312905375181367
Maneb,C(CNC(=S)[S-])NC(=S)[S-].[Mn+2],0.6672557298381246,0.1934295746572941,0.6991964649495125
MeA-alpha-C,CC1=CC2=C(NC3=CC=CC=C32)N=C1N,0.46556392510350947,0.27942412372053504,0.26215580100588803
Mechlorethamine,CN(CCCl)CCCl,0.7667356707726354,0.3117876526256367,0.5761305913466371
Medroxyprogesterone acetate,CC1CC2C(CCC3(C2CCC3(C(=O)C)OC(=O)C)C)C4(C1=CC(=O)CC4)C,0.4074675060884862,0.1747450847020717,0.6682006745861263
Megestrol acetate,CC1=CC2C(CCC3(C2CCC3(C(=O)C)OC(=O)C)C)C4(C1=CC(=O)CC4)C,0.3793013874464814,0.12750377148966519,0.7634107959836602
Melamine,C1(=NC(=NC(=N1)N)N)N,0.6553181777998097,0.10962435599424113,0.44115703144429397
Melphalan,C1=CC(=CC=C1CC(C(=O)O)N)N(CCCl)CCCl,0.4892899577804857,0.2047851325958652,0.19796126755898868
Mestranol,CC12CCC3C(C1CCC2(C#C)O)CCC4=C3C=CC(=C4)OC,0.42764444225978304,0.18818757987455698,0.43012838557715305
Metallic Nickel,[Ni],0.8914062096341522,0.3348050778286808,0.7470257550923006
Metam sodium,CNC(=S)[S-].[Na+],0.7160103385107646,0.24574041146287331,0.6802908111813742
Methacrylamide,CC(=C)C(=O)N,0.7269515501874889,0.12706730856102255,0.580801459549151
Methamidophos,COP(=O)(N)SC,0.707845049917612,0.245934139901482,0.5643946833871408
Methapyrilene,CN(C)CCN(CC1=CC=CS1)C2=CC=CC=N2,0.3540813645155049,0.26717147868645996,0.15102512880335234
Methoxsalen,COC1=C2C(=CC3=C1OC=C3)C=CC(=O)O2,0.47580374497528277,0.2795592794306466,0.34621303275367865
Methoxychlor,COC1=CC=C(C=C1)C(C2=CC=C(C=C2)OC)C(Cl)(Cl)Cl,0.5147124775168533,0.2935577196435193,0.4086218305790073
Methyl acrylate,COC(=O)C=C,0.6588527539762034,0.13820643428545867,0.5944984556697218
Methyl bromide,CBr,0.8725382499662919,0.31216372763557254,0.7237708870057447
Methyl eugenol,COC1=C(C=C(C=C1)CC=C)OC,0.4844137338966312,0.3654187486840818,0.22850333754168703
Methyl iodide,CI,0.862087753258981,0.33668379826743694,0.6846656662586966
Methyl isobutyl ketone,CC(C)CC(=O)C,0.49331839222843543,0.2068779959443854,0.3883045314186076
Methyl methanesulfonate,COS(=O)(=O)C,0.7649977596532621,0.16226192751037755,0.47930209230669363
Methyl parathion,COP(=S)(OC)OC1=CC=C(C=C1)[N+](=O)[O-],0.7948890508637327,0.4127451071480812,0.714273125510646
Methyl tert-butyl ether,CC(C)(C)OC,0.7650010882080881,0.2586756340557262,0.6658038389626207
Methylarsonic acid,C[As](=O)(O)O,0.7951812955432619,0.20625505728103458,0.6053387728427964
Methylazoxymethanol acetate,CC(=O)OCN=[N+](C)[O-],0.7217522625216669,0.26648391093169727,0.5771984564360872
Methylene dibromide,C(Br)Br,0.8546470173743721,0.2815506047759086,0.6731118030581178
Methylglyoxal,CC(=O)C=O,0.6594042303501646,0.12165072963173106,0.4428307609126938
Methylhydrazine,CNN,0.7486239646851078,0.366203046554373,0.5337640653491832
Methylmercury chloride,C[Hg]Cl,0.8501241155969502,0.26088561058104176,0.6878986359999127
Methylthiouracil,CC1=CC(=O)NC(=S)N1,0.5317834356764797,0.21922537969692718,0.4253460069269261
Metronidazole,CC1=NC=C(N1CCO)[N+](=O)[O-],0.536835988078829,0.31099222058185744,0.6063745025808004
Michler's ketone,CN(C)C1=CC=C(C=C1)C(=O)C2=CC=C(C=C2)N(C)C,0.5359305368956572,0.18508410147161794,0.4757179384919061
Microcystin-LR,CC1C(NC(=O)C(NC(=O)C(C(NC(=O)C(NC(=O)C(NC(=O)C(=C)N(C(=O)CCC(NC1=O)C(=O)O)C)C)CC(C)C)C(=O)O)C)CCCN=C(N)N)C=CC(=CC(C)C(CC2=CC=CC=C2)OC)C,0.39574027890924157,0.20636416104425287,0.22319029272113522
Mirex,C12(C3(C4(C5(C3(C(C1(C5(C2(C4(Cl)Cl)Cl)Cl)Cl)(Cl)Cl)Cl)Cl)Cl)Cl)Cl,0.8376687392429147,0.29305944804430845,0.7502977891214383
Mitomycin C,CC1=C(C(=O)C2=C(C1=O)N3CC4C(C3(C2COC(=O)N)OC)N4)N,0.39761290776979435,0.1394852987809194,0.22743984925684124
Mitoxantrone,C1=CC(=C2C(=C1NCCNCCO)C(=O)C3=C(C=CC(=C3C2=O)O)O)NCCNCCO,0.20920637096390188,0.10709589835266298,0.25630303678650573
Molybdenum trioxide,O=[Mo](=O)=O,0.8627321195325446,0.2473651132805785,0.6771879658550859
Monocrotaline,CC1C(=O)OC2CCN3C2C(=CC3)COC(=O)C(C1(C)O)(C)O,0.5790395149037744,0.2913012263575763,0.2968926076950678
Monuron,CN(C)C(=O)NC1=CC=C(C=C1)Cl,0.4148636928131016,0.1993956950687978,0.4134274135553762
Morpholine,C1COCCN1,0.7232889859026649,0.34998010443751615,0.41898565975651875
Mustard Gas,C(CCl)SCCCl,0.7221762335773078,0.20638192162202734,0.640328751382894
N'-Nitrosonornicotine,C1CC(N(C1)N=O)C2=CN=CC=C2,0.5342030194717736,0.28172450610215266,0.19461264703288417
"N,N-Dimethylacetamide",CC(=O)N(C)C,0.7194042773908031,0.16838118441952626,0.5684435614469554
N-Ethyl-N-nitrosourea,CCN(C(=O)N)N=O,0.6737443800476551,0.17800878725986313,0.44711475294374764
N-Methyl-N'-nitro-N-nitrosoguanidine,CN(C(=N)N[N+](=O)[O-])N=O,0.7595323346349054,0.2994088047461015,0.5668560227810312
N-Methyl-N-nitrosourea,CN(C(=O)N)N=O,0.7604114953573337,0.19044769710001463,0.5041418612967328
N-Methyl-N-nitrosourethane,CCOC(=O)N(C)N=O,0.6813493704513414,0.17698125073462026,0.5698787789829203
N-Methylolacrylamide,C=CC(=O)NCO,0.6247460500053106,0.15908839961230348,0.4817136092373837
N-Nitrosodi-n-butylamine,CCCCN(CCCC)N=O,0.7733990100533572,0.27769775053858764,0.7435666732413396
N-Nitrosodi-n-propylamine,CCCN(CCC)N=O,0.8168750800394574,0.2969553419303102,0.7436455814811934
N-Nitrosodiethanolamine,C(CO)N(CCO)N=O,0.7628121076860447,0.2558140434050704,0.6229157934589766
N-Nitrosodiethylamine,CCN(CC)N=O,0.8173538507652279,0.27634291052761706,0.7533609600154226
N-Nitrosodimethylamine,CN(C)N=O,0.8671314279922966,0.30791628647916297,0.7364758448287826
N-Nitrosodiphenylamine,C1=CC=C(C=C1)N(C2=CC=CC=C2)N=O,0.6425350283871196,0.25612325147413695,0.4858752575658254
N-Nitrosofolic acid,C1=CC(=CC=C1C(=O)N(C(CCC(=O)O)C(=O)O)N=O)NCC2=CN=C3C(=N2)C(=O)NC(=N3)N,0.36635483292515614,0.22508126664532505,0.11317464582166484
N-Nitrosomethylethylamine,CCN(C)N=O,0.8238427947654369,0.28532331451348625,0.7159054248252313
N-Nitrosomethylvinylamine,CN(C=C)N=O,0.8326070707054682,0.30606694006042034,0.7340801151554929
N-Nitrosomorpholine,C1COCCN1N=O,0.7392536854560033,0.31264183506554477,0.5554727722260092
N-Nitrosopiperidine,C1CCN(CC1)N=O,0.6352595335096143,0.2907308810245564,0.560900411080392
N-Nitrosoproline,C1CC(N(C1)N=O)C(=O)O,0.4628137870068869,0.18966290127482702,0.2970133739216767
N-Nitrosopyrrolidine,C1CCN(C1)N=O,0.6627200338337519,0.29383679309512983,0.5540017999692808
N-Nitrososarcosine,CN(CC(=O)O)N=O,0.5885911588416477,0.19681821107555778,0.3464121519615535
N-[4-(5-Nitro-2-furyl)-2-thiazolyl]acetamide,CC(=O)NC1=NC(=CS1)C2=CC=C(O2)[N+](=O)[O-],0.6096371618895556,0.25492356807647715,0.42024188368972665
N-nitrosonornicotine,C1C[C@H](N(C1)N=O)C2=CN=CC=C2,0.5342030194717736,0.2817245061021527,0.19461264703288417
Nafenopin,CC(C)(C(=O)O)OC1=CC=C(C=C1)C2CCCC3=CC=CC=C23,0.3164013968309591,0.20077791238121734,0.2677794781959502
Nalidixic acid,CCN1C=C(C(=O)C2=C1N=C(C=C2)C)C(=O)O,0.23972067302341088,0.12927138352827025,0.16876622248288672
Naphthalene,C1=CC=C2C=CC=CC2=C1,0.7964912524435522,0.24797000304816982,0.7698059694271473
Naphthalene diisocyanate,C1=CC2=C(C=CC=C2N=C=O)C(=C1)N=C=O,0.7784191246374073,0.23524065997658591,0.5937394180938225
Nedaplatin,C(C(=O)[O-])[O-].N.N.[Pt+2],0.6859963876734514,0.2326456369818202,0.5217153192022362
Nickel acetate,CC(=O)[O-].CC(=O)[O-].[Ni+2],0.773801492767155,0.2044124770602808,0.5903998663103733
Nickel carbonyl,[C-]#[O+].[C-]#[O+].[C-]#[O+].[C-]#[O+].[Ni],0.8836931507801045,0.32903817940624663,0.7066233874700504
Nickel oxide,O=[Ni],0.8661787590422807,0.2595089320600046,0.6794916306625072
Nickel subsulfide,S=[Ni].S=[Ni].[Ni],0.877847937323986,0.2996641003257774,0.7235705627324647
Nickel sulfate,[O-]S(=O)(=O)[O-].[Ni+2],0.8285392100297111,0.14823820755866562,0.5048878544193391
Niridazole,C1CN(C(=O)N1)C2=NC=C(S2)[N+](=O)[O-],0.5356097600954299,0.27439666465946483,0.34140199790947556
Nitrapyrin,C1=CC(=NC(=C1)Cl)C(Cl)(Cl)Cl,0.5176202861797695,0.163903805257674,0.495497485044774
Nitrate,[N+](=O)([O-])[O-],0.9072014101921206,0.3621206828561961,0.7775784104052811
Nitrilotriacetic acid,C(C(=O)O)N(CC(=O)O)CC(=O)O,0.4634071444490192,0.1366013212365015,0.2664878893952001
Nitrite,N(=O)[O-],0.8125441998102967,0.26664039347618684,0.7102354218303042
Nitrobenzene,C1=CC=C(C=C1)[N+](=O)[O-],0.8521873052961485,0.500560238507931,0.7233802533308856
Nitrofen,C1=CC(=CC=C1[N+](=O)[O-])OC2=C(C=C(C=C2)Cl)Cl,0.7511579309901198,0.4760690663617985,0.8316219489345366
Nitrogen Mustard Hydrochloride,CN(CCCl)CCCl.Cl,0.7698153689506942,0.41158640758635473,0.5761305913466371
Nitrogen mustard N-oxide,C[N+](CCCl)(CCCl)[O-],0.8419195362059503,0.38722436442751323,0.6998740628245499
Nitromethane,C[N+](=O)[O-],0.8961559218793116,0.3567127701636549,0.7359956244286024
Nitrosamine,NN=O,0.8065717293258335,0.21459487171023894,0.5645146181356533
Nitrotoluene,CC1=CC=CC=C1[N+](=O)[O-],0.8506360708977284,0.4339282317983241,0.7270079999172752
Nitrovin,C1=C(OC(=C1)[N+](=O)[O-])C=CC(=NN=C(N)N)C=CC2=CC=C(O2)[N+](=O)[O-],0.7753158023859638,0.30928479383479274,0.49965969149729184
Nivalenol,CC1=CC2C(C(C1=O)O)(C3(C(C(C(C34CO4)O2)O)O)C)CO,0.19042785898489786,0.1592701754837405,0.29471579609361936
Norethisterone,CC12CCC3C(C1CCC2(C#C)O)CCC4=CC(=O)CCC34,0.4147165088409233,0.27138853421251025,0.8048526695217934
Norethynodrel,CC12CCC3C(C1CCC2(C#C)O)CCC4=C3CCC(=O)C4,0.42419795755516665,0.21201291924907179,0.5049565917367055
Ochratoxin	A,C[C@@H]1CC2=C(C=C(C(=C2C(=O)O1)O)C(=O)N[C@@H](CC3=CC=CC=C3)C(=O)O)Cl,0.10783197237183714,0.25206561257308335,0.1890909124636785
Ochratoxin A,CC1CC2=C(C=C(C(=C2C(=O)O1)O)C(=O)NC(CC3=CC=CC=C3)C(=O)O)Cl,0.10783197237183711,0.25206561257308335,0.1890909124636785
Octabromodiphenyl ether,C1=C(C(=C(C(=C1Br)Br)Br)Br)OC2=CC(=C(C(=C2Br)Br)Br)Br,0.5608575326733141,0.2832481124188744,0.8147185390015156
Octachlorodibenzodioxin,C12=C(C(=C(C(=C1Cl)Cl)Cl)Cl)OC3=C(O2)C(=C(C(=C3Cl)Cl)Cl)Cl,0.7688575606117297,0.245166051970288,0.7322408070815867
Octachlorodibenzofuran,C12=C(C(=C(C(=C1Cl)Cl)Cl)Cl)OC3=C2C(=C(C(=C3Cl)Cl)Cl)Cl,0.78649451121948,0.2060149518866206,0.6704416707127163
Octachloronaphthalene,C12=C(C(=C(C(=C1Cl)Cl)Cl)Cl)C(=C(C(=C2Cl)Cl)Cl)Cl,0.8343820442180914,0.19882595534690034,0.8066329662424749
Oil Orange SS,CC1=CC=CC=C1N=NC2=C(C=CC3=CC=CC=C32)O,0.709950527748171,0.2140956053966938,0.40925732731763254
Oxaliplatin,C1CCC(C(C1)[NH-])[NH-].C(=O)(C(=O)O)O.[Pt+2],0.49240621244628696,0.16264335075825317,0.336512189931012
Oxazepam,C1=CC=C(C=C1)C2=NC(C(=O)NC3=C2C=C(C=C3)Cl)O,0.3482786568282604,0.48350972076753046,0.26040409242297463
Oxymetholone,CC12CCC3C(C1CCC2(C)O)CCC4C3(CC(=CO)C(=O)C4)C,0.5384025617220487,0.5318974714121133,0.666729207045294
PFBS,C(C(C(F)(F)S(=O)(=O)O)(F)F)(C(F)(F)F)(F)F,0.7604026434655412,0.14544661695776936,0.6832520082039986
"Palygorskite (Attapulgite) (long fibres, > 5 micrometres)",O.[OH-].[O-][Si](=O)O[Si](=O)[O-].[Mg].[Al].[Fe],0.7493784329645818,0.2456678355131795,0.5481434998017464
Panfuran S,C1=C(OC(=C1)[N+](=O)[O-])C=CC2=CN=C(N=N2)N(CO)CO,0.6917303481426963,0.29608091203137304,0.4590601888047857
Parathion,CCOP(=S)(OCC)OC1=CC=C(C=C1)[N+](=O)[O-],0.7950862548525071,0.4442641887677392,0.7490827304330869
Patulin,C1C=C2C(=CC(=O)O2)C(O1)O,0.32912928310879586,0.19424578276787383,0.36705735983460647
Pentabromodiphenyl ether,C1=CC(=C(C=C1Br)Br)OC2=CC(=C(C=C2Br)Br)Br,0.514029865137197,0.2884328991106166,0.8480482839523543
Pentachloroethane,C(C(Cl)(Cl)Cl)(Cl)Cl,0.7554211576351946,0.19779564613789508,0.5510884719331334
Pentachloronitrobenzene,C1(=C(C(=C(C(=C1Cl)Cl)Cl)Cl)Cl)[N+](=O)[O-],0.8497743974336619,0.37978933545221055,0.7730368540720569
Pentachlorophenol,C1(=C(C(=C(C(=C1Cl)Cl)Cl)Cl)Cl)O,0.6734474400124545,0.22103527771713424,0.7293280262701303
Pentosan polysulfate sodium,COC1COC(C(C1OS(=O)(=O)[O-])OS(=O)(=O)[O-])OC2COC(C(C2OS(=O)(=O)[O-])OS(=O)(=O)[O-])OC3COC(C(C3OS(=O)(=O)[O-])OC4C(C(C(C(O4)C(=O)[O-])OC)OS(=O)(=O)[O-])OS(=O)(=O)[O-])OC5COC(C(C5OS(=O)(=O)[O-])OS(=O)(=O)[O-])OC.[Na+].[Na+].[Na+].[Na+].[Na+].[Na+].[Na+].[Na+].[Na+].[Na+],0.6135603708482584,0.20785888487279455,0.4076353105057231
Perchloroethylene,C(=C(Cl)Cl)(Cl)Cl,0.8143555548108528,0.21513066770734102,0.7367839172990862
Perfluorobutane sulfonate,C(C(C(F)(F)S(=O)(=O)[O-])(F)F)(C(F)(F)F)(F)F,0.7382992009211422,0.17384805085867389,0.62846958404456
Perfluorodecanoic acid,C(=O)(C(C(C(C(C(C(C(C(C(F)(F)F)(F)F)(F)F)(F)F)(F)F)(F)F)(F)F)(F)F)(F)F)O,0.7930096368448837,0.16626460283448258,0.6225361543218425
Perfluorododecanoic acid,C(=O)(C(C(C(C(C(C(C(C(C(C(C(F)(F)F)(F)F)(F)F)(F)F)(F)F)(F)F)(F)F)(F)F)(F)F)(F)F)(F)F)O,0.7930096368448836,0.16626460283448258,0.6225361543218425
Perfluorohexane sulfonate,C(C(C(C(F)(F)S(=O)(=O)O)(F)F)(F)F)(C(C(F)(F)F)(F)F)(F)F,0.7714996208410979,0.14544661695776936,0.7142918187821357
Perfluorononanoic acid,C(=O)(C(C(C(C(C(C(C(C(F)(F)F)(F)F)(F)F)(F)F)(F)F)(F)F)(F)F)(F)F)O,0.7930096368448837,0.16626460283448252,0.6225361543218425
Perfluorooctane sulfonate,C(C(C(C(C(F)(F)S(=O)(=O)O)(F)F)(F)F)(F)F)(C(C(C(F)(F)F)(F)F)(F)F)(F)F,0.7714996208410979,0.14544661695776936,0.7142918187821357
Perfluorooctanoic acid,C(=O)(C(C(C(C(C(C(C(F)(F)F)(F)F)(F)F)(F)F)(F)F)(F)F)(F)F)O,0.7930096368448837,0.16626460283448258,0.6225361543218425
Perfluoroundecanoic acid,C(=O)(C(C(C(C(C(C(C(C(C(C(F)(F)F)(F)F)(F)F)(F)F)(F)F)(F)F)(F)F)(F)F)(F)F)(F)F)O,0.7930096368448837,0.16626460283448258,0.6225361543218425
Permethrin,CC1(C(C1C(=O)OCC2=CC(=CC=C2)OC3=CC=CC=C3)C=C(Cl)Cl)C,0.3398765328995943,0.1315760972932234,0.35358098245506653
Perylene,C1=CC2=C3C(=C1)C4=CC=CC5=C4C(=CC=C5)C3=CC=C2,0.8303036498893879,0.23858172216944606,0.7711699009029445
Phenacetin,CCOC1=CC=C(C=C1)NC(=O)C,0.2869765414428714,0.09819306191380071,0.2539040083276325
Phenazopyridine,C1=CC=C(C=C1)N=NC2=C(N=C(C=C2)N)N,0.7308697065398225,0.14147809011115367,0.3526746722851653
Phenazopyridine hydrochloride,C1=CC=C(C=C1)N=NC2=C(N=C(C=C2)N)N.Cl,0.7408252190139198,0.2479689299275843,0.3526746722851653
Phenesterin,CC(C)CCCC(C)C1CCC2C1(CCC3C2CC=C4C3(CCC(C4)OC(=O)CC5=CC=C(C=C5)N(CCCl)CCCl)C)C,0.44346322121418885,0.316298198145005,0.34437620202758873
Phenobarbital,CCC1(C(=O)NC(=O)NC1=O)C2=CC=CC=C2,0.38374753418663254,0.33940593527729823,0.1568331315388595
Phenolphthalein,C1=CC=C2C(=C1)C(=O)OC2(C3=CC=C(C=C3)O)C4=CC=C(C=C4)O,0.48059444980041016,0.21288261665498712,0.5787966246490531
Phenoxybenzamine,CC(COC1=CC=CC=C1)N(CCCl)CC2=CC=CC=C2,0.2889770077393433,0.20865541330601256,0.13105147486184293
Phenoxybenzamine hydrochloride,CC(COC1=CC=CC=C1)N(CCCl)CC2=CC=CC=C2.Cl,0.30206767633001186,0.32005569750956636,0.13105147486184293
Phenyl glycidyl ether,C1C(O1)COC2=CC=CC=C2,0.524443672785176,0.22221098962551283,0.49802295988881135
Phenylbutazone,CCCCC1C(=O)N(N(C1=O)C2=CC=CC=C2)C3=CC=CC=C3,0.1933025278992092,0.2634907540582368,0.28191133120735956
Phenylmercury acetate,CC(=O)O[Hg]C1=CC=CC=C1,0.4283522758482099,0.20742779153695012,0.44380137999599056
Phenytoin Sodium,C1=CC=C(C=C1)C2(C(=O)[N-]C(=O)N2)C3=CC=CC=C3.[Na+],0.572226746352665,0.275763954186453,0.3491287121010126
Phosphorus-32,P,0.8874388483018687,0.27886570623611734,0.7368154799871129
Picoplatin,CC1=CC=CC=N1.N.[Cl-].[Cl-].[Pt+2],0.4691968590470482,0.18279143574179885,0.30924632227307103
Pioglitazone,CCC1=CN=C(C=C1)CCOC2=CC=C(C=C2)CC3C(=O)NC(=O)S3,0.30027285172169116,0.14241038250407312,0.21639188395582468
Plutonium,[Pu],0.8839565349616595,0.30493522390904976,0.7457307994179981
Polybrominated biphenyls,C1=CC(=C(C(=C1C2=CC(=C(C(=C2)Br)Br)Br)Br)Br)Br,0.5382826862288299,0.3274054681189763,0.824280500542944
Ponceau 3R,CC1=CC(=C(C=C1C)N=NC2=C3C=CC(=CC3=CC(=C2O)S(=O)(=O)[O-])S(=O)(=O)[O-])C.[Na+].[Na+],0.7252204223361829,0.10944278820402366,0.23756999177858745
Ponceau MX,CC1=CC(=C(C=C1)N=NC2=C3C=CC(=CC3=CC(=C2O)S(=O)(=O)[O-])S(=O)(=O)[O-])C.[Na+].[Na+],0.7447653816716076,0.10493711260403062,0.2412462481713443
Potassium bromate,[O-]Br(=O)=O.[K+],0.892572631865768,0.3517277404953098,0.6418589217623414
Potassium dichromate,[O-][Cr](=O)(=O)O[Cr](=O)(=O)[O-].[K+].[K+],0.8735010832026608,0.26912376085569767,0.6370444198648773
Prednisone,CC12CC(=O)C3C(C1CCC2(C(=O)CO)O)CCC4=CC(=O)C=CC34C,0.2786066001925527,0.1337725860376358,0.388720770877972
Primidone,CCC1(C(=O)NCNC1=O)C2=CC=CC=C2,0.32588784587646275,0.22905749001876827,0.10921252404034261
Procarbazine,CC(C)NC(=O)C1=CC=C(C=C1)CNNC,0.4372825080233187,0.2259811542394149,0.1992619051569027
Procarbazine hydrochloride,CC(C)NC(=O)C1=CC=C(C=C1)CNNC.Cl,0.44737215596645025,0.3098094688689948,0.1992619051569027
Progesterone,CC(=O)C1CCC2C1(CCC3C2CCC4=CC(=O)CCC34C)C,0.5032196123945815,0.2658696225697454,0.6512836096001684
Pronetalol,CC(C)NCC(C1=CC2=CC=CC=C2C=C1)O,0.30863477870014117,0.130670437272685,0.31199326881733347
Propham,CC(C)OC(=O)NC1=CC=CC=C1,0.325864397854243,0.16216987006001035,0.3020818095174695
Propionaldehyde,CCC=O,0.8061574758853568,0.23742166146187324,0.6231161065275415
Propylene,CC=C,0.8738149590467666,0.3069195619686931,0.7681465110261145
Propylene oxide,CC1CO1,0.762063055767553,0.23230431703850074,0.5327149079144458
Propylthiouracil,CCCC1=CC(=O)NC(=S)N1,0.5073008831764109,0.3469531296776202,0.4557337658917874
Pulegone,CC1CCC(=C(C)C)C(=O)C1,0.41354260184636255,0.16824882404896313,0.32336573577721983
Pyrene,C1=CC2=C3C(=C1)C=CC4=CC=CC(=C43)C=C2,0.82502195695515,0.23308881464897435,0.8144979913406972
Pyridine,C1=CC=NC=C1,0.6461460654343268,0.20386046159490928,0.4459556032561122
"Pyrido[3,4-c]psoralen",C1=CN=CC2=C1C3=C(C=C4C(=C3)C=CO4)OC2=O,0.4698174231964266,0.20574293547172764,0.3312389830944051
Quinoline,C1=CC=C2C(=C1)C=CC=N2,0.47116117811279196,0.16623322751210434,0.5030060457059023
Radium-224,[Ra],0.8832581667288334,0.28505603134812285,0.7420561292932633
Radon,[Rn],0.8881403713913048,0.29142810290675175,0.7481644640535903
Reserpine,COC1C(CC2CN3CCC4=C(C3CC2C1C(=O)OC)NC5=C4C=CC(=C5)OC)OC(=O)C6=CC(=C(C(=C6)OC)OC)OC,0.3351158547343865,0.4874339586073967,0.1433233364633111
Resorcinol,C1=CC(=CC(=C1)O)O,0.5522454373270302,0.18491762285821675,0.7424555691296763
Retrorsine,CC=C1CC(C(C(=O)OCC2=CCN3C2C(CC3)OC1=O)(CO)O)C,0.6683676376579126,0.2972625726972732,0.16576549677334607
Riddelliine,CC=C1CC(=C)C(C(=O)OCC2=CCN3C2C(CC3)OC1=O)(CO)O,0.7107510145771765,0.2344263167824803,0.19926188383464943
Ripazepam,CCN1C2=C(C(=N1)C)NC(=O)CN=C2C3=CC=CC=C3,0.2882468482013719,0.43996162726803023,0.1838516781820562
Roxarsone,C1=CC(=C(C=C1[As](=O)(O)O)[N+](=O)[O-])O,0.7946598480516508,0.3553577801493814,0.7633626411828567
Saccharin,C1=CC=C2C(=C1)C(=O)NS2(=O)=O,0.5016672540352426,0.2178596676330071,0.3926837738997818
Safrole,C=CCC1=CC2=C(C=C1)OCO2,0.6175003295423095,0.6073802875849975,0.3572542562547292
Satraplatin,CC(=O)[O-].CC(=O)[O-].C1CCC(CC1)N.N.[Cl-].[Cl-].[Pt+4],0.574525260577731,0.1941786056892472,0.3250045715320959
Selenium Sulfide,S=[Se],0.8796989473117339,0.25539070273877473,0.7416902024032698
Senkirkine,CC=C1CC(C(C(=O)OCC2=CCN(CCC(C2=O)OC1=O)C)(C)O)C,0.48867661695880843,0.28365920611563045,0.24424639910959386
Shikimic acid,C1C(C(C(C=C1C(=O)O)O)O)O,0.36680358808144137,0.12629870112035887,0.29660914255026877
Silicon carbide,[C-]#[Si+],0.8882465993187381,0.2841978186631328,0.7452848107256109
Simazine,CCNC1=NC(=NC(=N1)Cl)NCC,0.5784230955250798,0.21681035342408905,0.5978180559303656
Sodium arsenate,[O-][As](=O)([O-])[O-].[Na+].[Na+].[Na+],0.9031782765664386,0.29772212146648763,0.689849626263236
Sodium arsenite,[O-][As]=O.[Na+],0.7914775003341141,0.2895251858795713,0.6614425560749183
Sodium azide,[N-]=[N+]=[N-].[Na+],0.8430577216896625,0.30854740480792,0.6861228283193256
Sodium dichromate,[O-][Cr](=O)(=O)O[Cr](=O)(=O)[O-].[Na+].[Na+],0.874851699436248,0.28995656169264505,0.6573740472904903
Sodium o-phenylphenate,C1=CC=C(C=C1)C2=CC=CC=C2[O-].[Na+],0.4815539052553185,0.2682982146632482,0.5829851981314214
Sterigmatocystin,COC1=C2C(=C3C4C=COC4OC3=C1)OC5=CC=CC(=C5C2=O)O,0.5588085602042653,0.2689030530658875,0.3460082813152214
Streptozotocin,CN(C(=O)NC1C(C(C(OC1O)CO)O)O)N=O,0.6101956046107581,0.11779340293589952,0.19565743491767748
Strontium chromate,[O-][Cr](=O)(=O)[O-].[Sr+2],0.9009298094201086,0.28987916287964066,0.6400846013253488
Styrene,C=CC1=CC=CC=C1,0.6702149779372697,0.22544769284206378,0.7523626200002232
"Styrene-7,8-oxide",C1C(O1)C2=CC=CC=C2,0.5016604247036749,0.2612321570666532,0.5371146291480556
Succinaldehyde,C(CC=O)C=O,0.815268466823709,0.22212784505781336,0.595667138263876
Sudan Black B,CC1(NC2=C3C(=C(C=C2)N=NC4=CC=C(C5=CC=CC=C54)N=NC6=CC=CC=C6)C=CC=C3N1)C,0.6852949848783435,0.2758359065821945,0.36324651060828883
Sudan I,C1=CC=C(C=C1)N=NC2=C(C=CC3=CC=CC=C32)O,0.6895792904427654,0.19685016467885647,0.4511788037886362
Sudan II,CC1=CC(=C(C=C1)N=NC2=C(C=CC3=CC=CC=C32)O)C,0.7196566435810314,0.24846761760582592,0.3886724082664347
Sudan III,C1=CC=C(C=C1)N=NC2=CC=C(C=C2)N=NC3=C(C=CC4=CC=CC=C43)O,0.6883245023369956,0.19069960993390356,0.4472072263262218
Sudan Red 7B,CCNC1=C(C2=CC=CC=C2C=C1)N=NC3=CC=C(C=C3)N=NC4=CC=CC=C4,0.5294714769796854,0.3091293281216378,0.3352277588960444
Sulfafurazole,CC1=C(ON=C1C)NS(=O)(=O)C2=CC=C(C=C2)N,0.27526975369492684,0.05989563909797068,0.21707852904496353
Sulfallate,CCN(CC)C(=S)SCC(=C)Cl,0.5869338404212988,0.16517250191386676,0.5547118497755459
Sulfasalazine,C1=CC=NC(=C1)NS(=O)(=O)C2=CC=C(C=C2)N=NC3=CC(=C(C=C3)O)C(=O)O,0.3997008508290454,0.07433826326311209,0.12072338583124559
Sunset Yellow FCF,C1=CC(=CC=C1N=NC2=C(C=CC3=C2C=CC(=C3)S(=O)(=O)[O-])O)S(=O)(=O)[O-].[Na+].[Na+],0.6763254316904809,0.14562048824834478,0.29946510766829404
Symphytine,CC=C(C)C(=O)OC1CCN2C1C(=CC2)COC(=O)C(C(C)C)(C(C)O)O,0.504729363459577,0.2390486868014367,0.20385845173739173
Tacrolimus,CC1CC(C2C(CC(C(O2)(C(=O)C(=O)N3CCCCC3C(=O)OC(C(C(CC(=O)C(C=C(C1)C)CC=C)O)C)C(=CC4CCC(C(C4)OC)O)C)O)C)OC)OC,0.15686719465226692,0.26596540091240634,0.2124130714140296
Talc,[OH-].[OH-].[O-][Si]12O[Si]3(O[Si](O1)(O[Si](O2)(O3)[O-])[O-])[O-].[Mg+2].[Mg+2].[Mg+2],0.8834105293000717,0.32832316218149216,0.7119562646727619
Tamoxifen,CCC(=C(C1=CC=CC=C1)C2=CC=C(C=C2)OCCN(C)C)C3=CC=CC=C3,0.17613027239414294,0.20259113757562303,0.20076107714766436
Teniposide,COC1=CC(=CC(=C1O)OC)C2C3C(COC3=O)C(C4=CC5=C(C=C24)OCO5)OC6C(C(C7C(O6)COC(O7)C8=CC=CS8)O)O,0.4789414722071364,0.13387627621823728,0.12537358906269275
Terephthalic acid,C1=CC(=CC=C1C(=O)O)C(=O)O,0.3661972893005161,0.10051694104595395,0.31913001671571206
Tert-butyl hydroperoxide,CC(C)(C)OO,0.7410815752332653,0.24659840961066049,0.6656046355171488
Testosterone,CC12CCC3C(C1CCC2O)CCC4=CC(=O)CCC34C,0.39165828949339654,0.38036847741307434,0.6139833474973769
Tetrabromobisphenol A,CC(C)(C1=CC(=C(C(=C1)Br)O)Br)C2=CC(=C(C(=C2)Br)O)Br,0.4957026616873016,0.19019189403765493,0.6637591317095786
Tetrachlorodibenzofuran,C1=CC=C2C(=C1)C3=C(O2)C(=C(C(=C3Cl)Cl)Cl)Cl,0.7391040533653013,0.2515042665988651,0.6424797806156012
Tetrachlorvinphos,COP(=O)(OC)OC(=CCl)C1=CC(=C(C=C1Cl)Cl)Cl,0.39262256931200035,0.14147622866415557,0.5127668540150728
Tetraethyllead,CC[Pb](CC)(CC)CC,0.7963403017207569,0.33491621201103655,0.6464845358474964
Tetrafluoroethylene,C(=C(F)F)(F)F,0.7153800974997008,0.2390291883355561,0.62407324131014
Tetrahydrofuran,C1CCOC1,0.7502802756085363,0.29171048495713703,0.5628833466068442
Tetramethyllead,C[Pb](C)(C)C,0.867461170273325,0.3095233759790403,0.7184099206881736
Tetranitromethane,C([N+](=O)[O-])([N+](=O)[O-])([N+](=O)[O-])[N+](=O)[O-],0.8431106998525735,0.2915753344970702,0.7006110004429401
Thioacetamide,CC(=S)N,0.7356846348978534,0.1520403719873867,0.5030194087795933
Thiotepa,C1CN1P(=S)(N2CC2)N3CC3,0.6436803542161443,0.19309354831808098,0.46586806616672766
Thiourea,C(=S)(N)N,0.7296895714135792,0.1560176779506539,0.5191665538418763
Thorium dioxide,O=[Th]=O,0.7992451234802493,0.3188294146200127,0.6440687832771306
Thorium-232,[Th],0.8818067008476139,0.2802652127917747,0.7443519019652141
Titanium dioxide,O=[Ti]=O,0.8790846427646504,0.2608897983121972,0.6852609943509564
Tobacco,CC1CCC2C(O2)(CCC3C1CC3(C)C)C,0.4149302307036059,0.24851992127722267,0.41301056422872084
Toluene,CC1=CC=CC=C1,0.621325656030884,0.27106437079332363,0.5854645111412742
Toluene diamine,CC1=C(C(=CC=C1)N)N,0.7552399378644487,0.2486622512702508,0.4337813759305538
"Toluene-2,4-diisocyanate",CC1=C(C=C(C=C1)N=C=O)N=C=O,0.6521140001417731,0.19056790891608144,0.45285399576733426
"Toluene-2,6-diisocyanate",CC1=C(C=CC=C1N=C=O)N=C=O,0.7282717376209148,0.22725253595699194,0.5781260086820678
Toxaphene,C=C1C(C2(C(C(C1(C2(Cl)Cl)Cl)Cl)Cl)Cl)(CCl)CCl,0.6968152939431246,0.27432384896910955,0.6909521495976435
Treosulfan,CS(=O)(=O)OCC(C(COS(=O)(=O)C)O)O,0.6269189483554959,0.11599283554141081,0.306231983098642
Triamterene,C1=CC=C(C=C1)C2=NC3=C(N=C(N=C3N=C2N)N)N,0.47793466145324787,0.15099370030116954,0.31359593120165924
Tribromoacetic acid,C(=O)(C(Br)(Br)Br)O,0.6669934882393704,0.12347642559089791,0.5021692506913699
Tribromomethane,C(Br)(Br)Br,0.765903379642389,0.29973576546198766,0.6333451967967759
Tributyltin oxide,CCCC[Sn](CCCC)(CCCC)O[Sn](CCCC)(CCCC)CCCC,0.672669345339812,0.2902413312720644,0.6363442918542063
Trichlormethine,C(CCl)N(CCCl)CCCl,0.8417389768780177,0.22556599901059188,0.5756801706368985
Trichlormethine (Trimustine hydrochloride),C(CCl)N(CCCl)CCCl.Cl,0.8439069103501942,0.33182920745273153,0.5756801706368985
Trichloroacetic acid,C(=O)(C(Cl)(Cl)Cl)O,0.6804946295348931,0.15538028606972032,0.46175159992082593
Trichloroaniline,C1=C(C=C(C(=C1N)Cl)Cl)Cl,0.688855298773078,0.14532020606951648,0.5275548700235131
Trichloroethylene,C(=C(Cl)Cl)Cl,0.7671618694263888,0.1702623458641472,0.7094589093851371
Triethanolamine,C(CO)N(CCO)CCO,0.6591776871811164,0.2342847736670439,0.48727310586431655
Triethylene glycol diglycidyl ether,C1C(O1)COCCOCCOCCOCC2CO2,0.7599584056601713,0.22291231816144086,0.6054760685506598
Triethylene glycol dimethacrylate,CC(=C)C(=O)OCCOCCOCCOC(=O)C(=C)C,0.6985918324015201,0.1597937610255407,0.8212875984365159
Trifluralin,CCCN(CCC)C1=C(C=C(C=C1[N+](=O)[O-])C(F)(F)F)[N+](=O)[O-],0.6609819428741425,0.45707112434987107,0.7720196558814965
Trimethyl phosphate,COP(=O)(OC)OC,0.7486848674687576,0.2199982237290632,0.593502398792781
"Trimethylolpropane triacrylate, technical grade",CCC(COC(=O)C=C)(COC(=O)C=C)COC(=O)C=C,0.6628632405001689,0.15301103842846867,0.6719423706154902
Trinitroaniline,C1=CC(=C(C(=C1N)[N+](=O)[O-])[N+](=O)[O-])[N+](=O)[O-],0.8898244938292819,0.3735580131245225,0.6832232600177599
Triphenylene,C1=CC=C2C(=C1)C3=CC=CC=C3C4=CC=CC=C24,0.7748589467539665,0.2920311892653429,0.7217101349643594
Triphenyltin hydroxide,C1=CC=C(C=C1)[Sn+](C2=CC=CC=C2)C3=CC=CC=C3.[OH-],0.6993601204496617,0.2976382230816796,0.6737706794384407
Tris	phosphate,C(C(CO)(CO)N)O.OP(=O)(O)O,0.5022522773753889,0.19705130330723883,0.39714111466481256
"Tris(1,3-dichloro-2-propyl)phosphate",C(C(CCl)OP(=O)(OC(CCl)CCl)OC(CCl)CCl)Cl,0.7668496351771132,0.1969681545419789,0.6195223393223729
Tris(1-aziridinyl)phosphine oxide,C1CN1P(=O)(N2CC2)N3CC3,0.6461724556225021,0.19513483492132072,0.4541479365566731
"Tris(2,3-dibromopropyl) phosphate",C(C(CBr)Br)OP(=O)(OCC(CBr)Br)OCC(CBr)Br,0.7359806972887496,0.32983945562121997,0.6800803389496761
Tris(2-chloroethyl)phosphate,C(CCl)OP(=O)(OCCCl)OCCCl,0.8127501129723507,0.1926848877421174,0.7429083351787541
Tris(aziridinyl)-p-benzoquinone,C1CN1C2=CC(=O)C(=C(C2=O)N3CC3)N4CC4,0.42771572370484934,0.2326739721787265,0.3071126773197574
Tris(chloropropyl) phosphate (TCPP),CC(CCl)OP(=O)(OC(C)CCl)OC(C)CCl,0.7316343813241966,0.22507776106075728,0.5280067271042648
Tris(chloropropyl)phosphate,C(COP(=O)(OCCCCl)OCCCCl)CCl,0.7181295687603702,0.17587230409457788,0.6282158501960027
Trivalent antimony,[Sb+3],0.8881403713913048,0.28501361258222946,0.7451185854271034
Trp-P-1,CC1=C2C(=C(N=C1N)C)C3=CC=CC=C3N2,0.6122566681952047,0.2581732337819633,0.31078996004892534
Trp-P-2,CC1=C2C3=CC=CC=C3NC2=CC(=N1)N,0.625210694454748,0.26853739395413445,0.3385710721659176
Uracil mustard,C1=C(C(=O)NC(=O)N1)N(CCCl)CCCl,0.4728759181470861,0.2715170379896246,0.20699322398191358
Uranium,[U],0.8600701925243124,0.29737071024179895,0.7364393353366218
Valeraldehyde,CCCCC=O,0.7426285091765643,0.2184683471501128,0.6319382632443168
Vanadium pentoxide,O=[V](=O)O[V](=O)=O,0.8147040153742795,0.23514002790047994,0.6662923618091539
Vinclozolin,CC1(C(=O)N(C(=O)O1)C2=CC(=CC(=C2)Cl)Cl)C=C,0.4907152946016098,0.23738361321430868,0.6091767258869497
Vinyl acetate,CC(=O)OC=C,0.7176809747388085,0.16472572181989306,0.6364462735960374
Vinyl bromide,C=CBr,0.8974483959541644,0.2856817535109199,0.7659138415788411
Vinyl chloride,C=CCl,0.8789882037587385,0.2335592591152575,0.7959320037986748
Vinyl fluoride,C=CF,0.8064693717361299,0.26046367222273054,0.7006985672711151
Vinylidene chloride,C=C(Cl)Cl,0.8285692376455475,0.19740998485795533,0.733562778598097
Vinylidene fluoride,C=C(F)F,0.7627932177700765,0.2253347120173853,0.6744781001371422
Voriconazole,CC(C1=NC=NC=C1F)C(CN2C=NC=N2)(C3=C(C=C(C=C3)F)F)O,0.28429058152130504,0.18459811367702222,0.320851863436917
Zalcitabine,C1CC(OC1CO)N2C=CC(=NC2=O)N,0.31094531468674275,0.0938202415209134,0.11064500981546552
Zidovudine,CC1=CN(C(=O)NC1=O)C2CC(C(O2)CO)N=[N+]=[N-],0.31335024694858943,0.1590699508174363,0.17965179421206223
Zinc chromate,[O-][Cr](=O)(=O)[O-].[Zn+2],0.9016433006044526,0.2781302847514612,0.644631854795203
Zineb,C(CNC(=S)[S-])NC(=S)[S-].[Zn+2],0.6681607995846248,0.20306976682231462,0.7048567948452432
Ziram,CN(C)C(=S)[S-].CN(C)C(=S)[S-].[Zn+2],0.7498833689381165,0.24438936834518268,0.7639826403840302
alpha-Methylstyrene,CC(=C)C1=CC=CC=C1,0.545998219984165,0.2069885638131424,0.5642795286855552
beta-Butyrolactone,CC1CC(=O)O1,0.5709780172807174,0.22607659462720173,0.4577662548975099
beta-Myrcene,CC(=CCCC(=C)C=C)C,0.6412210151461369,0.158480012563158,0.5292707719137968
beta-Propiolactone,C1COC1=O,0.6723498153846108,0.3118109359838158,0.5518630934911465
meta-Toluidine,CC1=CC(=CC=C1)N,0.6928431496611737,0.2590011748222681,0.3907619205068296
o-Aminoazotoluene,CC1=CC=CC=C1N=NC2=CC(=C(C=C2)N)C,0.6768367900677462,0.21682976668954965,0.34287693854251944
o-Anisidine,COC1=CC=CC=C1N,0.6900281956230288,0.40193150853280274,0.3112787521627676
o-Phenylenediamine,C1=CC=C(C(=C1)N)N,0.7966509205771412,0.21562014388762268,0.5179232604646152
o-Toluidine hydrochloride,CC1=CC=CC=C1N.Cl,0.7185753189865186,0.41340157716780873,0.3833207570742288
ortho-Anisidine hydrochloride (see also ortho-Anisidine),COC1=CC=CC=C1N.Cl,0.7012002785036126,0.4688765674258432,0.3112787521627676
ortho-Phenylenediamine dihydrochloride,C1=CC=C(C(=C1)N)N.Cl.Cl,0.8065937080692217,0.34067150600534246,0.5179232604646152
ortho-Toluidine,CC1=CC=CC=C1N,0.7082931540767131,0.28611318733299224,0.3833207570742288
p-Nitrosodiphenylamine,C1=CC=C(C=C1)NC2=CC=C(C=C2)N=O,0.650142277877691,0.20892387044046834,0.4257878255383028
p-Phenylenediamine,C1=CC(=CC=C1N)N,0.7967627098947445,0.1640854307990945,0.4446909867734526
para-Aminoazobenzene,C1=CC=C(C=C1)N=NC2=CC=C(C=C2)N,0.7653165201531064,0.17589849864766116,0.413930713756955
para-Chloroaniline,C1=CC(=CC=C1N)Cl,0.715748260575026,0.1490141026189882,0.442339034800681
para-Cresidine,CC1=CC(=C(C=C1)OC)N,0.6642668215258639,0.3962326056235632,0.3100644003314061
para-Nitroanisole,COC1=CC=C(C=C1)[N+](=O)[O-],0.8211023351701683,0.5255510145529574,0.6748766253666446
para-Toluidine,CC1=CC=C(C=C1)N,0.7313164359615892,0.18270731951310298,0.3993676553493841
tert-Butyl alcohol,CC(C)(C)O,0.7178906432275411,0.24218726923554446,0.6856035145771441
tert-Butylhydroquinone,CC(C)(C)C1=C(C=CC(=C1)O)O,0.46795386723901045,0.12737541629820404,0.6885647470474108
"trans-2-[(Dimethylamino)methylimino]-5-[2-(5-nitro-2-furyl)-vinyl]-1,3,4-oxadiazole",CN(C)C=NC1=NN=C(O1)C=CC2=CC=C(O2)[N+](=O)[O-],0.7378965419384881,0.37037540544591024,0.4608707591793463
11-Ketotestosterone,CC12CCC(=O)C=C1CCC3C2C(=O)CC4(C3CCC4O)C,0.3562626589954997,0.45675489461353974,0.5878275896171483
"1,3-Benzodioxolyl-N-ethylbutanamine",CCC(CC1=CC2=C(C=C1)OCO2)NCC,0.3337304675235928,0.8110350977462367,0.2211292055445858
"1,3-Benzodioxolyl-N-methylbutanamine",CCC(CC1=CC2=C(C=C1)OCO2)NC,0.332187790183435,0.8164177731799772,0.23655082371268393
"1,3-Benzodioxolyl-N-methylpentanamine",CCCC(CC1=CC2=C(C=C1)OCO2)NC,0.3135728980633463,0.8146531477675093,0.2338138200873297
"1,3-Butanediol",CC(CCO)O,0.4602238848513669,0.44360148732192717,0.3925681287987064
"1,4-BD",C(CCO)CO,0.6141417487167758,0.29701321519309654,0.5694435501911022
"1,4-Butanediol",C(CCO)CO,0.6141417487167758,0.2970132151930966,0.5694435501911022
14-Hydroxymorphine,CN1CCC23C4C(C=CC2(C1CC5=C3C(=C(C=C5)O)O4)O)O,0.10823467185214197,0.7316562630564323,0.18482621498714835
1-Acetyl-LSD,CCN(CC)C(=O)C1CN(C2CC3=CN(C4=CC=CC(=C34)C2=C1)C(=O)C)C,0.12246134793229312,0.8316124030740275,0.1551480534750174
1B-LSD,CCCC(=O)N1C=C2CC3C(=CC(CN3C)C(=O)N(CC)CC)C4=C2C1=CC=C4,0.12412910593771537,0.8327182949762169,0.14827681569914428
1cP-AL-LAD,CCN(CC)C(=O)C1CN(C2CC3=CN(C4=CC=CC(=C34)C2=C1)C(=O)C5CC5)CC=C,0.1683812555242807,0.811278108080324,0.2396127007830743
1cP-LSD,CCN(CC)C(=O)C1CN(C2CC3=CN(C4=CC=CC(=C34)C2=C1)C(=O)C5CC5)C,0.09874151457060831,0.8343540775669268,0.15109136183922448
1cP-MiPLA,CC(C)N(C)C(=O)C1CN(C2CC3=CN(C4=CC=CC(=C34)C2=C1)C(=O)C5CC5)C,0.1258988060236694,0.7190136775886963,0.15937724782678467
1-Cyclopropionyl-6-Allyl-6-Nor-LSD,CCN(CC)C(=O)C1CN(C2CC3=CN(C4=CC=CC(=C34)C2=C1)C(=O)C5CC5)CC=C,0.1683812555242807,0.811278108080324,0.2396127007830743
1-Cyclopropionyl-LSD,CCN(CC)C(=O)C1CN(C2CC3=CN(C4=CC=CC(=C34)C2=C1)C(=O)C5CC5)C,0.09874151457060833,0.8343540775669268,0.15109136183922448
1D-LSD,CCN(CC)C(=O)C1CN(C2CC3=CN(C4=CC=CC(=C34)C2=C1)C(=O)C5(CCC5C)C)C,0.1274713240136413,0.7921629239573842,0.18125115792908403
1-Methylpsilocin,CN1C=C(C2=C1C=CC=C2O)CCN(C)C,0.19620191358342834,0.5901238373384059,0.20954102395582333
1P-AL-LAD,CCC(=O)N1C=C2CC3C(=CC(CN3CC=C)C(=O)N(CC)CC)C4=C2C1=CC=C4,0.18483632567289646,0.8252233726153887,0.24657315857297724
1P-ETH-LAD,CCC(=O)N1C=C2CC3C(=CC(CN3CC)C(=O)N(CC)CC)C4=C2C1=CC=C4,0.1350313643619127,0.8032929470138244,0.18435756329512962
1P-LSD,CCC(=O)N1C=C2CC3C(=CC(CN3C)C(=O)N(CC)CC)C4=C2C1=CC=C4,0.1146473557201487,0.852150993825856,0.15853535083817144
1-Propionyl-ETH-LAD,CCC(=O)N1C=C2CC3C(=CC(CN3CC)C(=O)N(CC)CC)C4=C2C1=CC=C4,0.1350313643619127,0.8032929470138244,0.18435756329512965
1-Propionyl-LSD,CCC(=O)N1C=C2CC3C(=CC(CN3C)C(=O)N(CC)CC)C4=C2C1=CC=C4,0.1146473557201487,0.852150993825856,0.1585353508381714
1-Testosterone,CC12CCC3C(C1CCC2O)CCC4C3(C=CC(=O)C4)C,0.2812584555686871,0.5801871239835787,0.5110513670138296
1-Valeroyl-LSD,CCCCC(=O)N1C=C2CC3C(=CC(CN3C)C(=O)N(CC)CC)C4=C2C1=CC=C4,0.12345061053630277,0.8317287436857204,0.16049144551632724
1V-LSD,CCCCC(=O)N1C=C2CC3C(=CC(CN3C)C(=O)N(CC)CC)C4=C2C1=CC=C4,0.12345061053630277,0.8317287436857204,0.16049144551632724
"2,2'-Difluorofentanyl",CCC(=O)N(C1CCN(CC1)CCC2=CC=CC=C2F)C3=CC=CC=C3F,0.05163926052664608,0.6858151316630632,0.10723970915903648
"2,4-Dimethylethcathinone",CCNC(C)C(=O)C1=C(C=C(C=C1)C)C,0.14522149618570027,0.7218529730071928,0.31978099982828206
"2,4-Dimethylmethcathinone",CC1=CC(=C(C=C1)C(=O)C(C)NC)C,0.16675194396893697,0.7120043876225404,0.29921411599517445
"2,4-Dinitrophenylmorphine",CN1CCC23C4C1CC5=C2C(=C(C=C5)OC6=C(C=C(C=C6)[N+](=O)[O-])[N+](=O)[O-])OC3C(C=C4)O,0.33534313076815847,0.760912409333725,0.3288890633750094
"2,4-DMEC",CCNC(C)C(=O)C1=C(C=C(C=C1)C)C,0.14522149618570027,0.7218529730071928,0.31978099982828206
"2,4-DMMC",CC1=CC(=C(C=C1)C(=O)C(C)NC)C,0.16675194396893697,0.7120043876225404,0.29921411599517445
25B-NBF,COC1=CC(=C(C=C1CCNCC2=CC=CC=C2F)OC)Br,0.16437989997381486,0.9228675473482274,0.24073690738236508
25B-NBOH,COC1=CC(=C(C=C1CCNCC2=CC=CC=C2O)OC)Br,0.1762805403962251,0.8842033232117831,0.292792160933593
25B-NBOMe,COC1=CC=CC=C1CNCCC2=CC(=C(C=C2OC)Br)OC,0.22353363435168952,0.9246643783922619,0.24258404864158079
25C-NBF,COC1=CC(=C(C=C1CCNCC2=CC=CC=C2F)OC)Cl,0.18104064823337113,0.9057924685836584,0.24009306472849382
25C-NBOH,COC1=CC(=C(C=C1CCNCC2=CC=CC=C2O)OC)Cl,0.19133231668363682,0.8613146426098536,0.2810305809832314
25C-NBOMe,COC1=CC=CC=C1CNCCC2=CC(=C(C=C2OC)Cl)OC,0.23756967592600295,0.91401543876324,0.23922655261083337
"2,5-Dimethoxy-4-(2-fluoroethyl)amphetamine",CC(CC1=C(C=C(C(=C1)OC)CCF)OC)N,0.23856720356196007,0.9274725788850827,0.26357288583007354
"2,5-Dimethoxy-4-amylamphetamine",CCCCCC1=CC(=C(C=C1OC)CC(C)N)OC,0.2849506448303309,0.9177652092710745,0.31770096426886624
"2,5-Dimethoxy-4-bromoamphetamine",CC(CC1=CC(=C(C=C1OC)Br)OC)N,0.28844489270279633,0.9115597607785628,0.3178849675967412
"2,5-Dimethoxy-4-butylamphetamine",CCCCC1=CC(=C(C=C1OC)CC(C)N)OC,0.2819591474584525,0.9174541909726902,0.3021081268980899
"2,5-Dimethoxy-4-chloroamphetamine",CC(CC1=CC(=C(C=C1OC)Cl)OC)N,0.30235463183911376,0.8779208905782852,0.3048353573525612
"2,5-Dimethoxy-4-ethylamphetamine",CCC1=CC(=C(C=C1OC)CC(C)N)OC,0.2862552337413738,0.8599838761722947,0.29092397348552873
"2,5-dimethoxy-4-iodoamphetamine",CC(CC1=CC(=C(C=C1OC)I)OC)N,0.30663428549637545,0.90757965951463,0.2924157671768875
"2,5-Dimethoxy-4-isopropylamphetamine",CC(C)C1=C(C=C(C(=C1)OC)CC(C)N)OC,0.26515548972513725,0.8861231362689646,0.2378435523838306
"2,5-Dimethoxy-4-methylamphetamine",CC1=CC(=C(C=C1OC)CC(C)N)OC,0.3023274812890238,0.8950032578238348,0.2766088617771923
"2,5-Dimethoxy-4-nitroamphetamine",CC(CC1=CC(=C(C=C1OC)[N+](=O)[O-])OC)N,0.5549895529703314,0.8721961405321916,0.49728909642607483
"2,5-Dimethoxy-4-propylamphetamine",CCCC1=CC(=C(C=C1OC)CC(C)N)OC,0.3011903722432576,0.9244458928056276,0.28688650191117865
"2,5-DMA",CC(CC1=C(C=CC(=C1)OC)OC)N,0.24838875845399716,0.7938002232298526,0.24257460601142686
25D-NBOMe,CC1=CC(=C(C=C1OC)CCNCC2=CC=CC=C2OC)OC,0.2534394135049616,0.9029029124054891,0.21958287807913837
25E-NBOH,CCC1=CC(=C(C=C1OC)CCNCC2=CC=CC=C2O)OC,0.18537093784261555,0.8287790593964044,0.26441956213769535
25E-NBOMe,CCC1=CC(=C(C=C1OC)CCNCC2=CC=CC=C2OC)OC,0.23673425519612334,0.8867426165585504,0.21708251296032421
25H-NBOMe,COC1=CC(=C(C=C1)OC)CCNCC2=CC=CC=C2OC,0.2214985403338775,0.7835881535491172,0.2062705533815384
25I-NBF,COC1=CC(=C(C=C1CCNCC2=CC=CC=C2F)OC)I,0.18277723734410675,0.9170181292179376,0.21678571967489846
25I-NBMD,COC1=CC(=C(C=C1CCNCC2=C3C(=CC=C2)OCO3)OC)I,0.23712954371141154,0.8472829693563619,0.17632269839500483
25I-NBOH,COC1=CC(=C(C=C1CCNCC2=CC=CC=C2O)OC)I,0.19663742236321125,0.8771969677451565,0.2669760989503598
25I-NBOMe,COC1=CC=CC=C1CNCCC2=CC(=C(C=C2OC)I)OC,0.24755135650611074,0.9264831112207073,0.21920531764407084
25iP-NBOMe,CC(C)C1=C(C=C(C(=C1)OC)CCNCC2=CC=CC=C2OC)OC,0.16826353729172128,0.8876732883696544,0.17323068238270065
25N-NBOMe,COC1=CC=CC=C1CNCCC2=CC(=C(C=C2OC)[N+](=O)[O-])OC,0.5290298213485545,0.8921297872784156,0.43550230812299484
25P-NBOMe,CCCC1=CC(=C(C=C1OC)CCNCC2=CC=CC=C2OC)OC,0.24953690883581192,0.9137864981685595,0.22080845182804182
"2-(7-bromo-2-oxo-5-phenyl-2,3-dihydro-1H-benzo[e][1,4]diazepin-1-yl)acetohydrazide",C1C(=O)N(C2=C(C=C(C=C2)Br)C(=N1)C3=CC=CC=C3)CC(=O)NN,0.10001461937529987,0.5171067095279567,0.16389102739614228
2-A1MP,CC(C(=O)C1=CC2=C(C(=C1)OC)OCO2)NC,0.15975980222527153,0.6113709294284919,0.1979928455722754
2'-Acetoxycocaine,CC(=O)OC1=CC=CC=C1C(=O)OC2CC3CCC(C2C(=O)OC)N3C,0.09854692166802774,0.6268585801506664,0.19279337241731156
2-AI,C1C(CC2=CC=CC=C21)N,0.4207297110328655,0.4642829061928746,0.4141841334858214
2-Aminoindane,C1C(CC2=CC=CC=C21)N,0.4207297110328655,0.4642829061928746,0.4141841334858215
2-Bromodeschloroketamine,CNC1(CCCCC1=O)C2=CC=CC=C2Br,0.253768478431214,0.7014373082096894,0.2694933842500565
2-Bromomescaline,COC1=C(C(=C(C(=C1)CCN)Br)OC)OC,0.3323804403280048,0.8759146466698717,0.2982693211559
2C-B,COC1=CC(=C(C=C1CCN)OC)Br,0.32322417523388786,0.9477599353134437,0.321104844574769
2C-B-AN,CC(C)C(CC(C)N(C)C)(C#N)C1=CC=CC=C1,0.29372887479616044,0.5059498040254968,0.3295804702680805
2C-B-BZP,COC1=CC(=C(C=C1CN2CCNCC2)OC)Br,0.18080574103941635,0.7610073480127416,0.1573103617504829
2CBCB-NBOMe,COC1=CC=CC=C1CNCC2CC3=C2C(=CC(=C3OC)Br)OC,0.19939407898726322,0.6572982602583594,0.15933452315423086
2C-B-FLY,C1COC2=C(C3=C(C(=C21)CCN)OCC3)Br,0.3444490041723442,0.42011331594936796,0.37686591806623776
2C-C,COC1=CC(=C(C=C1CCN)OC)Cl,0.33717567807243143,0.9127783171688202,0.30107549918140203
2C-CN,COC1=CC(=C(C=C1CCN)OC)C#N,0.3605654558905242,0.9150754372649722,0.3273286580962034
2C-CP,COC1=CC(=C(C=C1CCN)OC)C2CC2,0.2496243138419341,0.9194582985873189,0.20241153458063213
2C-D,CC1=CC(=C(C=C1OC)CCN)OC,0.3497486859313502,0.9351477802506171,0.2698255819302875
2C-E,CCC1=CC(=C(C=C1OC)CCN)OC,0.3321079105367156,0.9119413201956236,0.28126012502937076
2CE-5iPrO,CCC1=CC(=C(C=C1OC(C)C)CCN)OC,0.2514745277790498,0.9042168982697855,0.25987224361740824
2C-EF,COC1=CC(=C(C=C1CCN)OC)CCF,0.3096400190666534,0.9463871078245012,0.27228734113489816
2C-F,COC1=CC(=C(C=C1CCN)OC)F,0.2814623919184186,0.9453637209638427,0.2658104272411342
2C-G,CC1=C(C=C(C(=C1C)OC)CCN)OC,0.3376400544785485,0.8796036012602674,0.2748564616341272
2C-G-3,COC1=C2CCCC2=C(C(=C1)CCN)OC,0.23461937230743943,0.8248365493040728,0.19990640069488017
2C-G-5,COC1=C2C3CCC(C3)C2=C(C(=C1)CCN)OC,0.27513542500341887,0.7983825146341533,0.2018660059143417
2C-H,COC1=CC(=C(C=C1)OC)CCN,0.3108554004077682,0.7955097253983263,0.25086008210820976
2'-Chlorodiazepam,CN1C(=O)CN=C(C2=C1C=CC(=C2)Cl)C3=CC=CC=C3Cl,0.09685675663534778,0.7625372652161474,0.14980449201273968
2-Chloro-Ephenidine,CCNC(CC1=CC=CC=C1Cl)C2=CC=CC=C2,0.2289116824214269,0.512453240367335,0.331700583440307
2-Chloromethcathinone,CC(C(=O)C1=CC=CC=C1Cl)NC,0.17850374633875,0.7072856873925606,0.3164424854404185
2C-I,COC1=CC(=C(C=C1CCN)OC)I,0.3524759867510609,0.9437225987910434,0.29933822881460725
2C-I-NBOMe,COC1=CC=CC=C1CNCCC2=CC(=C(C=C2OC)I)OC,0.24755135650611074,0.9264831112207073,0.21920531764407086
2C-iP,CC(C)C1=C(C=C(C(=C1)OC)CCN)OC,0.25324833814509135,0.9202399215874038,0.21485920073846462
2-CMC,CC(C(=O)C1=CC=CC=C1Cl)NC,0.17850374633875,0.7072856873925606,0.3164424854404185
2C-N,COC1=CC(=C(C=C1CCN)OC)[N+](=O)[O-],0.5934703741140527,0.9162038580803511,0.49877061058467653
2C-O,COC1=CC(=C(C=C1CCN)OC)OC,0.35069513288804743,0.9366206517899304,0.2797156656548171
2C-O-4,CC(C)OC1=C(C=C(C(=C1)OC)CCN)OC,0.2653404157339078,0.930932996944689,0.25903585229163206
2C-P,CCCC1=CC(=C(C=C1OC)CCN)OC,0.3475188062899378,0.9469082187643503,0.29439880828660964
2C-Se,COC1=CC(=C(C=C1CCN)OC)[Se]C,0.35419058895975813,0.9338443020524361,0.29130246575069874
2C-T,COC1=CC(=C(C=C1CCN)OC)SC,0.28934574575038413,0.9461308574010014,0.26920213015129313
2C-T-13,COCCSC1=C(C=C(C(=C1)OC)CCN)OC,0.2698956037848527,0.9130262334552856,0.26092218379375975
2C-T-15,COC1=CC(=C(C=C1CCN)OC)SC2CC2,0.23328572026490932,0.920144868331811,0.22722841738520394
2C-T-16,COC1=CC(=C(C=C1CCN)OC)SCC=C,0.3141378982663282,0.903765065977201,0.3055425772045606
2C-T-17,CCC(C)SC1=C(C=C(C(=C1)OC)CCN)OC,0.26369520771444865,0.9309846864052288,0.2654890519200449
2C-T-19,CCCCSC1=C(C=C(C(=C1)OC)CCN)OC,0.2548145898542179,0.9344072017471916,0.27116352447917924
2C-T-2,CCSC1=C(C=C(C(=C1)OC)CCN)OC,0.27379469472960083,0.9324547986599124,0.2594377423007583
2C-T-21,COC1=CC(=C(C=C1CCN)OC)SCCF,0.24976327452470412,0.9447271955486016,0.24804710325113316
2C-T-4,CC(C)SC1=C(C=C(C(=C1)OC)CCN)OC,0.2765671061454133,0.9434516006859651,0.248201492884013
2C-T-7,CCCSC1=C(C=C(C(=C1)OC)CCN)OC,0.2721378364262527,0.9486099438124378,0.2620516366379772
2C-T-8,COC1=CC(=C(C=C1CCN)OC)SCC2CC2,0.2320488864082524,0.9294462899129059,0.20875625392057945
2C-T-9,CCCCSC1=C(C=C(C(=C1)OC)CCN)OC,0.2548145898542179,0.9344072017471917,0.27116352447917924
2C-TFE,COC1=CC(=C(C=C1CCN)OC)CC(F)(F)F,0.28594892374286607,0.9139443477050451,0.26081551097678096
2C-TFM,COC1=CC(=C(C=C1CCN)OC)C(F)(F)F,0.2642430245850921,0.9119587016203569,0.2847168215121978
2C-V,COC1=CC(=C(C=C1CCN)OC)C=C,0.3828037734411199,0.8512478908626612,0.31259216736237777
2C-YN,COC1=CC(=C(C=C1CCN)OC)C#C,0.3694768712112881,0.9253388430124138,0.30676409630860824
2-DCNEK,CCNC1(CCCCC1=O)C2=CC=CC=C2Cl,0.21809761551985865,0.6692220527426714,0.2474479741424522
2-DPMP,C1CCNC(C1)C(C2=CC=CC=C2)C3=CC=CC=C3,0.2557075647638783,0.5192095055051202,0.22699760730702173
2-FA,CC(CC1=CC=CC=C1F)N,0.2140595277673222,0.7662688652063645,0.32982707027072783
2-FDCK,CNC1(CCCCC1=O)C2=CC=CC=C2F.Cl,0.2183974030368273,0.774474139665331,0.2548093156735021
2-FEA,CCNC(C)CC1=CC=CC=C1F,0.19071240133361697,0.6810155523369471,0.31245038151090293
2-Fluoroamphetamine,CC(CC1=CC=CC=C1F)N,0.2140595277673222,0.7662688652063645,0.32982707027072783
2-Fluorodeschloroketamine,CNC1(CCCCC1=O)C2=CC=CC=C2F,0.20678573960853644,0.7351997356137171,0.2548093156735021
2-Fluoromethamphetamine,CC(CC1=CC=CC=C1F)NC,0.1816192286511912,0.7361001621593747,0.3159025231367658
2-Fluoromethcathinone,CC(C(=O)C1=CC=CC=C1F)NC,0.16420657951439727,0.7499570248124963,0.30428831510333976
2-Fluoroviminol,CCC(C)N(CC(C1=CC=CN1CC2=CC=CC=C2F)O)C(C)CC,0.10015456157378018,0.45917940799100676,0.168088097381732
2-FMA,CC(CC1=CC=CC=C1F)NC,0.1816192286511912,0.7361001621593748,0.3159025231367658
2-FMC,CC(C(=O)C1=CC=CC=C1F)NC.Cl,0.18199678866808255,0.7674697690793755,0.30428831510333976
2F-Viminol,CCC(C)N(CC(C1=CC=CN1CC2=CC=CC=C2F)O)C(C)CC,0.10015456157378018,0.45917940799100676,0.168088097381732
2'-Hydroxycocaine,CN1C2CCC1C(C(C2)OC(=O)C3=CC=CC=C3O)C(=O)OC,0.09654243299901831,0.6251785170443551,0.2085072998538968
2M2B,CCC(C)(C)O,0.5699519010538407,0.3190242209668567,0.6198193724539245
2-MA,CC1=CC=CC=C1CC(C)N,0.2971171398352568,0.7285066023130207,0.32271645353631323
2-MeO-Diphenidine,COC1=CC=CC=C1C(CC2=CC=CC=C2)N3CCCCC3,0.096187730124218,0.6389765856959878,0.12588257225572938
2-MeO-Ephenidine,CCNC(CC1=CC=CC=C1OC)C2=CC=CC=C2,0.23187719512625737,0.5975868749842919,0.21481734606132175
2-Methyl-2-butanol,CCC(C)(C)O,0.5699519010538407,0.3190242209668567,0.6198193724539245
2-Methyl-2-pentanol,CCCC(C)(C)O,0.5795905665969046,0.3791689248241574,0.5966658656662528
2-Methylamphetamine,CC1=CC=CC=C1CC(C)N,0.2971171398352568,0.7285066023130207,0.32271645353631323
2-Methyl-AP-237,CCCC(=O)N1CCN(CC1C)CC=CC2=CC=CC=C2,0.09914250989978855,0.521419759080046,0.10141844500538168
2-Methylethcathinone,CCNC(C)C(=O)C1=CC=CC=C1C,0.14855544603538287,0.7068162812504872,0.3060592521186616
2-Methylmephedrone,CC1=CC(=C(C=C1)C(=O)C(C)NC)C,0.16675194396893697,0.7120043876225404,0.29921411599517445
2-Methylmethcathinone,CC1=CC=CC=C1C(=O)C(C)NC,0.17337411281129358,0.7164395443573639,0.28578291888184626
2-Methyltryptamine,CC1=C(C2=CC=CC=C2N1)CCN,0.3304516699665031,0.5649418558583267,0.3095283337344235
2-MMC,CC1=CC=CC=C1C(=O)C(C)NC,0.17337411281129364,0.7164395443573639,0.28578291888184626
2NE1,CCCCCN1C=C(C2=CC=CC=C21)C(=O)NC34CC5CC(C3)CC(C5)C4,0.08889859788509151,0.5632430806360942,0.14071505869742135
"2,N,N-TMT",CC1=C(C2=CC=CC=C2N1)CCN(C)C,0.29819173590911097,0.5897452134217283,0.2086810564417104
2'-Oxo-3-F-PCE,CCNC1(CCCCC1=O)C2=CC(=CC=C2)F,0.17528948856189444,0.7640846306759416,0.2011521469341839
2'-Oxo-PCE,CCNC1(CCCCC1=O)C2=CC=CC=C2,0.2171805402112326,0.7406718129019448,0.1830913271718851
2'-Oxo-PCM,CNC1(CCCCC1=O)C2=CC=CC=C2,0.2651270901053188,0.7098249556321431,0.21095670225559204
"3,4,5-Trimethoxyamphetamine",CC(CC1=CC(=C(C(=C1)OC)OC)OC)N,0.26458658092840837,0.8320135389000427,0.2116911832213504
"3,4,5-Trimethoxyphenibut",COC1=CC(=CC(=C1OC)OC)C(CC(=O)O)CN,0.1227599416119641,0.529831048886622,0.1764659073627804
"3,4-CTMP",COC(=O)C(C1CCCCN1)C2=CC(=C(C=C2)Cl)Cl,0.08690213952628768,0.5957776231152917,0.1959322727783716
"3,4-DCMP",COC(=O)C(C1CCCCN1)C2=CC(=C(C=C2)Cl)Cl,0.08690213952628768,0.5957776231152917,0.1959322727783716
"3,4-Dimethylmethcathinone",CC1=C(C=C(C=C1)C(=O)C(C)NC)C,0.1589096988792813,0.7289886378547279,0.23187748455419196
"3,4-Dimethyl-N-ethylbuphedrone",CCC(C(=O)C1=CC(=C(C=C1)C)C)NCC,0.14125877784396,0.5907967761458974,0.24360962499014374
"3,4-DMMC",CC1=C(C=C(C=C1)C(=O)C(C)NC)C,0.1589096988792813,0.7289886378547279,0.23187748455419196
"3,4-DMNEB",CCC(C(=O)C1=CC(=C(C=C1)C)C)NCC,0.14125877784396,0.5907967761458974,0.24360962499014374
"3,4-Methylenedioxy-N-hydroxy-N-methylamphetamine",CC(CC1=CC2=C(C=C1)OCO2)N(C)O,0.23411645896406477,0.7525251999739022,0.2316661491447176
"3,6-Dibutanoylmorphine",CCCC(=O)OC1C=CC2C3CC4=C5C2(C1OC5=C(C=C4)OC(=O)CCC)CCN3C,0.07208470772219211,0.8047632311158656,0.09624623222251741
3C-BZ,CC(CC1=CC(=C(C(=C1)OC)OCC2=CC=CC=C2)OC)N,0.15336369985243706,0.7187458396483044,0.15691986733275803
3C-DFE,CC(CC1=CC(=C(C(=C1)OC)OCC(F)F)OC)N,0.1894633125964332,0.7726802626696498,0.1955658017118754
3C-E,CCOC1=C(C=C(C=C1OC)CC(C)N)OC,0.22023246841373698,0.8041677119138035,0.20157507990522397
3-CEC,CCNC(C)C(=O)C1=CC(=CC=C1)Cl,0.13204386439703894,0.7733766555956837,0.27723192100046934
3-Chloroethcathinone,CCNC(C)C(=O)C1=CC(=CC=C1)Cl,0.13204386439703894,0.7733766555956835,0.27723192100046934
3-Chloromethcathinone,CC(C(=O)C1=CC(=CC=C1)Cl)NC,0.16453791361929151,0.7448365342472684,0.26777357936769125
3-Chlorophenylpiperazine,C1CN(CCN1)C2=CC(=CC=C2)Cl,0.2287377032484418,0.5441118080179596,0.23519609546297005
3-CMC,CC(C(=O)C1=CC(=CC=C1)Cl)NC,0.16453791361929151,0.7448365342472684,0.26777357936769125
3C-P,CCCOC1=C(C=C(C=C1OC)CC(C)N)OC,0.2131796351779143,0.7786275179007427,0.20242365244063865
3-EEC,CCC1=CC(=CC=C1)C(=O)C(C)NCC,0.1225518729277136,0.768784743638835,0.25798725983646886
3-Ethylethcathinone,CCC1=CC(=CC=C1)C(=O)C(C)NCC,0.1225518729277136,0.768784743638835,0.25798725983646886
3-FA,CC(CC1=CC(=CC=C1)F)N,0.1973382657452061,0.7615487774384703,0.21803309631551207
3-FEA,CCNC(C)CC1=CC(=CC=C1)F,0.17753420845679618,0.6445914016400752,0.23852963535254915
3-Fluoro-4-methylmethcathinone,CC1=C(C=C(C=C1)C(=O)C(C)NC)F,0.12481709142218506,0.7594184349556093,0.25947162433597715
3-Fluoroamphetamine,CC(CC1=CC(=CC=C1)F)N,0.19733826574520613,0.7615487774384703,0.21803309631551207
3-Fluoroethamphetamine,CCNC(C)CC1=CC(=CC=C1)F,0.17753420845679618,0.6445914016400752,0.23852963535254915
3-Fluoromephedrone,CC1=C(C=C(C=C1)C(=O)C(C)NC)F,0.12481709142218506,0.7594184349556093,0.2594716243359772
3-Fluoromethamphetamine,CC(CC1=CC(=CC=C1)F)NC,0.17241069920812627,0.728020582986123,0.24396632887306005
3-Fluoromethcathinone,CC(C(=O)C1=CC(=CC=C1)F)NC,0.12084212831084601,0.7594235982724242,0.25413203169633397
3-FMA,CC(CC1=CC(=CC=C1)F)NC,0.17241069920812627,0.7280205829861233,0.24396632887306002
3-FMC,CC(C(=O)C1=CC(=CC=C1)F)NC,0.12084212831084601,0.7594235982724242,0.25413203169633397
3-FPM,CC1C(OCCN1)C2=CC(=CC=C2)F,0.19260689225985472,0.29644890656047584,0.18610565586664746
3-HO-PCE,CCNC1(CCCCC1)C2=CC(=CC=C2)O,0.20383323440204648,0.6324128366454534,0.2950293669711558
3-HO-PCP,C1CCC(CC1)(C2=CC(=CC=C2)O)N3CCCCC3,0.17291074103583046,0.6885453266510915,0.2908705198555295
3-Hydroxynimetazepam,CN1C2=C(C=C(C=C2)[N+](=O)[O-])C(=NC(C1=O)O)C3=CC=CC=C3,0.362687238167534,0.6967546665950386,0.42214122791755904
3-Hydroxyphenazepam,C1=CC=C(C(=C1)C2=NC(C(=O)NC3=C2C=C(C=C3)Br)O)Cl,0.2733029014714021,0.660208016718344,0.33604542011241234
3-MA,CN1C=NC(=N)C2=C1N=CN2,0.2103204805430545,0.3280387762672219,0.14146673884734526
3-MBF,CCCC(=O)N(C1CCN(CC1C)CCC2=CC=CC=C2)C3=CC=CC=C3,0.07815748487440781,0.7421599574845136,0.10861932665709659
3-MEC,CCNC(C)C(=O)C1=CC=CC(=C1)C,0.1137769543656527,0.7769277259057473,0.26618770113743023
3-MeO-2'-Oxo-PCM,CNC1(CCCCC1=O)C2=CC(=CC=C2)OC,0.2595979430130587,0.7778571438191115,0.21957706952415948
3-MeOMC,CC(C(=O)C1=CC(=CC=C1)OC)NC,0.1640772045404027,0.6851594784766116,0.2839624714683457
3-MeO-PCE,CCNC1(CCCCC1)C2=CC(=CC=C2)OC,0.23474600316045255,0.7636208483180212,0.21887945341760262
3-MeO-PCMo,COC1=CC=CC(=C1)C2(CCCCC2)N3CCOCC3,0.21158477407333579,0.7253455922250974,0.21801564330213197
3-MeO-PCP,COC1=CC=CC(=C1)C2(CCCCC2)N3CCCCC3,0.19002592130024648,0.7943674351650647,0.20845817603926917
3-Me-PCP,CC1=CC(=CC=C1)C2(CCCCC2)N3CCCCC3,0.19542580606608229,0.7849881047160145,0.2085873654552831
3-Me-PCPy,CC1=CC(=CC=C1)C2(CCCCC2)N3CCCC3,0.19542580606608229,0.7849881047160145,0.2085873654552831
3-Methoxy-4-methylamphetamine,CC1=C(C=C(C=C1)CC(C)N)OC,0.25366495719175414,0.775505917069599,0.1966665866563494
3-Methoxymethcathinone,CC(C(=O)C1=CC(=CC=C1)OC)NC,0.1640772045404027,0.6851594784766116,0.2839624714683457
3-Methylamphetamine,CC1=CC(=CC=C1)CC(C)N,0.2719090880711679,0.7462615043401779,0.24205865980188113
3-Methylbutyrfentanyl,CCCC(=O)N(C1CCN(CC1C)CCC2=CC=CC=C2)C3=CC=CC=C3,0.07815748487440781,0.7421599574845136,0.10861932665709659
3-Methylclonazepam,CC1C(=O)NC2=C(C=C(C=C2)[N+](=O)[O-])C(=N1)C3=CC=CC=C3Cl,0.5059403837488724,0.7862891838955426,0.4513123155062783
3-Methylethcathinone,CCNC(C)C(=O)C1=CC=CC(=C1)C,0.1137769543656527,0.7769277259057473,0.26618770113743023
3-Methylfentanyl,CCC(=O)N(C1CCN(CC1C)CCC2=CC=CC=C2)C3=CC=CC=C3,0.07198527087666612,0.6938510011805328,0.11142865810773182
3-Methylmethcathinone,CC1=CC(=CC=C1)C(=O)C(C)NC,0.1541275860485814,0.765806898254433,0.2557302320304819
3-MF,CCC(=O)N(C1CCN(CC1C)CCC2=CC=CC=C2)C3=CC=CC=C3,0.07198527087666612,0.6938510011805328,0.11142865810773184
3-MMC,CC1=CC(=CC=C1)C(=O)C(C)NC,0.1541275860485814,0.765806898254433,0.2557302320304819
3-TASB,CCOC1=C(C=C(C=C1SCC)CCN)OC,0.20130931982892705,0.8619668670502507,0.23558893126862496
3-TE,CCOC1=C(C=C(C=C1SC)CCN)OC,0.21460210147680656,0.8798140543344054,0.23234187202647769
3-Thioescaline,CCOC1=C(C=C(C=C1SC)CCN)OC,0.21460210147680656,0.8798140543344054,0.23234187202647769
3-TM,COC1=C(C(=CC(=C1)CCN)SC)OC,0.24699250687400365,0.8884045411026475,0.2372746229947939
3-TME,CCSC1=CC(=CC(=C1OC)OC)CCN,0.23603098885873547,0.8707828701696491,0.2371466756719964
4-Acetoxy-DiPT,CC(C)N(CCC1=CNC2=C1C(=CC=C2)OC(=O)C)C(C)C,0.15474914655507857,0.901849501769443,0.1994602195639326
4-Acetoxy-DMT,CC(=O)OC1=CC=CC2=C1C(=CN2)CCN(C)C,0.1933189346956608,0.9101788153307147,0.2035491228926437
4-AcO-DALT,CC(=O)OC1=CC=CC2=C1C(=CN2)CCN(CC=C)CC=C,0.2347940862353263,0.8941988699255359,0.24911898983966627
4-AcO-DET,CCN(CC)CCC1=CNC2=C1C(=CC=C2)OC(=O)C,0.16633861290869656,0.9168175125070167,0.1957196308106733
4-AcO-DiPT,CC(C)N(CCC1=CNC2=C1C(=CC=C2)OC(=O)C)C(C)C,0.15474914655507857,0.901849501769443,0.1994602195639326
4-AcO-DMT,CC(=O)OC1=CC=CC2=C1C(=CN2)CCN(C)C,0.1933189346956608,0.9101788153307144,0.2035491228926437
4-AcO-DPT,CCCN(CCC)CCC1=CNC2=C1C(=CC=C2)OC(=O)C,0.1871052699489207,0.913928979735712,0.19841386293143257
4-AcO-EiPT,CCN(CCC1=CNC2=C1C(=CC=C2)OC(=O)C)C(C)C,0.1535789212305296,0.902247331424059,0.19063179213876402
4-AcO-EPT,CCCN(CC)CCC1=CNC2=C1C(=CC=C2)OC(=O)C,0.17486123558507477,0.9153391497534988,0.1994995074045503
4-AcO-MET,CCN(C)CCC1=CNC2=C1C(=CC=C2)OC(=O)C,0.19462654981234942,0.908950879027425,0.20761466760726774
4-AcO-MiPT,CC(C)N(C)CCC1=CNC2=C1C(=CC=C2)OC(=O)C,0.14627161760559196,0.8675810581966356,0.17285304223985137
4-BA,CC(CC1=CC=C(C=C1)Br)N,0.3461228982657791,0.7514096913365436,0.3298716222471521
4-BEC,CCNC(C)C(=O)C1=CC=C(C=C1)Br,0.17382215168450896,0.8126889350884993,0.2814074973761707
4-BMC,CC(C(=O)C1=CC=C(C=C1)Br)NC,0.21461023416769906,0.7892917911699491,0.272393804423913
4-Bromoamphetamine,CC(CC1=CC=C(C=C1)Br)N,0.3461228982657791,0.7514096913365436,0.3298716222471521
4-Bromoethcathinone,CCNC(C)C(=O)C1=CC=C(C=C1)Br,0.17382215168450896,0.8126889350884993,0.2814074973761707
4-Bromomethcathinone,CC(C(=O)C1=CC=C(C=C1)Br)NC,0.21461023416769906,0.7892917911699491,0.272393804423913
4-CBC,CCCCNC(C)C(=O)C1=CC=C(C=C1)Cl,0.13281413595841157,0.6869033918267426,0.30665024493012966
4-CDMC,CC(C(=O)C1=CC=C(C=C1)Cl)N(C)C,0.27010778866131746,0.53846689891996,0.3816128101621489
4-CEC,CCNC(C)C(=O)C1=CC=C(C=C1)Cl,0.17901656142039168,0.8066245628246661,0.3336729868786512
4-Chloroamphetamine,CC(CC1=CC=C(C=C1)Cl)N,0.3292113690856872,0.7079686057746838,0.32568637318872684
4-Chlorobutylcathinone,CCCCNC(C)C(=O)C1=CC=C(C=C1)Cl,0.13281413595841157,0.6869033918267425,0.30665024493012966
4-Chlorodehydromethyltestosterone,CC12CCC3C(C1CCC2(C)O)CCC4=C(C(=O)C=CC34C)Cl,0.29034772173477896,0.49029705609813584,0.6022412811471373
4'-Chlorodiazepam,CN1C(=O)CN=C(C2=C1C=CC(=C2)Cl)C3=CC=C(C=C3)Cl,0.12791365181783398,0.6537995887298187,0.21855193578580817
4-Chlorodimethylcathinone,CC(C(=O)C1=CC=C(C=C1)Cl)N(C)C,0.27010778866131746,0.53846689891996,0.3816128101621489
4-Chloroethcathinone,CCNC(C)C(=O)C1=CC=C(C=C1)Cl,0.17901656142039168,0.8066245628246661,0.3336729868786512
4-Chloromethamphetamine,CC(CC1=CC=C(C=C1)Cl)NC,0.29322442802072,0.6756834700959959,0.35432349431259685
4-Chloromethcathinone,CC(C(=O)C1=CC=C(C=C1)Cl)NC,0.21659365474809547,0.7870918097902425,0.31089630802351825
4-CiPC,CC(C)OC(=O)NC1=CC=C(C=C1)Cl,0.2826190774917411,0.26368420066210585,0.3626152149944165
4-CliBF,CC(C)C(=O)N(C1CCN(CC1)CCC2=CC=CC=C2)C3=CC=C(C=C3)Cl,0.06386213734076718,0.7118728738719536,0.09863282352934266
4-CMA,CC(CC1=CC=C(C=C1)Cl)NC,0.29322442802072,0.6756834700959959,0.3543234943125968
4-CMC,CC(C(=O)C1=CC=C(C=C1)Cl)NC,0.21659365474809544,0.7870918097902425,0.31089630802351825
4-D,COC1=CC(=CC(=C1OC)OC)CCN,0.3136341947195038,0.8883896202503254,0.25241891969911895
4-EEC,CCC1=CC=C(C=C1)C(=O)C(C)NCC,0.18227518673267823,0.793168766687968,0.3059712544093552
4-EMC,CCC1=CC=C(C=C1)C(=O)C(C)NC,0.18886677042797612,0.7535778746413648,0.2618563864465219
4-Ethylethcathinone,CCC1=CC=C(C=C1)C(=O)C(C)NCC,0.18227518673267823,0.7931687666879681,0.3059712544093552
4-Ethylmethcathinone,CCC1=CC=C(C=C1)C(=O)C(C)NC,0.18886677042797612,0.7535778746413648,0.2618563864465219
4-FA,CC(CC1=CC=C(C=C1)F)N,0.23098177563957226,0.761967350774369,0.23238968872421104
4-FBF,CCCC(=O)N(C1CCN(CC1)CCC2=CC=CC=C2)C3=CC=C(C=C3)F,0.062173164869002845,0.8095049861930255,0.07886244750926918
4F-Deprenyl,CC(CC1=CC=C(C=C1)F)N(C)CC#C,0.20290215826249386,0.6692269200287018,0.2481972348576145
4-FEC,CCNC(C)C(=O)C1=CC=C(C=C1)F,0.1259471558683612,0.8122005064761255,0.22839244690047902
4-FiBF,CC(C)C(=O)N(C1CCN(CC1)CCC2=CC=CC=C2)C3=CC=C(C=C3)F,0.05701423761707882,0.7517165718190515,0.08419846020957905
4F-IVP,CCCC(C(=O)C1=CC=C(C=C1)F)NC(C)C,0.15801279844043725,0.6680301451831897,0.21815067409798455
4-Fluoroamphetamine,CC(CC1=CC=C(C=C1)F)N,0.23098177563957226,0.761967350774369,0.23238968872421104
4-Fluorobutyrfentanyl,CCCC(=O)N(C1CCN(CC1)CCC2=CC=CC=C2)C3=CC=C(C=C3)F,0.062173164869002845,0.8095049861930255,0.0788624475092692
4'-Fluorococaine,CN1C2CCC1C(C(C2)OC(=O)C3=CC=C(C=C3)F)C(=O)OC,0.09656785455849622,0.640548529815127,0.1479462582268739
4-Fluoroethcathinone,CCNC(C)C(=O)C1=CC=C(C=C1)F,0.1259471558683612,0.8122005064761255,0.228392446900479
4-Fluorofentanyl,CCC(=O)N(C1CCN(CC1)CCC2=CC=CC=C2)C3=CC=C(C=C3)F,0.05607275126620244,0.7722581241178058,0.08853497217144701
4-Fluoro-iPAVP,CCCC(C(=O)C1=CC=C(C=C1)F)NC(C)C,0.15801279844043725,0.6680301451831897,0.21815067409798455
4-Fluoroisobutyrfentanyl,CC(C)C(=O)N(C1CCN(CC1)CCC2=CC=CC=C2)C3=CC=C(C=C3)F,0.05701423761707882,0.7517165718190515,0.08419846020957905
4-Fluoromethamphetamine,CC(CC1=CC=C(C=C1)F)NC,0.2179518913017453,0.7376274220368887,0.25017757375366956
4-Fluoromethcathinone,CC(C(=O)C1=CC=C(C=C1)F)NC,0.16299531491027455,0.80477137615269,0.21383520149845497
4-Fluoro-NiPP,CCCC(C(=O)C1=CC=C(C=C1)F)NC(C)C,0.15801279844043725,0.6680301451831897,0.21815067409798455
4-Fluoro-N-Isopropylpentedrone,CCCC(C(=O)C1=CC=C(C=C1)F)NC(C)C,0.15801279844043725,0.6680301451831897,0.21815067409798455
4-Fluoro-NPP,CCCC(C(=O)C1=CC=C(C=C1)F)NC(C)C,0.15801279844043725,0.6680301451831897,0.21815067409798455
4-Fluoropentedrone,CCCC(C(=O)C1=CC=C(C=C1)F)NC,0.1683906500742452,0.7134395710107662,0.22721363707699954
4-Fluorophenibut,C1=CC(=CC=C1C(CC(=O)O)CN)F,0.1406128168651873,0.5864304933292747,0.17525958338927258
4-Fluorophenylpiperazine,C1CN(CCN1)C2=CC=C(C=C2)F,0.22292547481346212,0.5450998504936123,0.21432811483997619
4-Fluoroselegiline,CC(CC1=CC=C(C=C1)F)N(C)CC#C,0.20290215826249386,0.6692269200287019,0.2481972348576145
4-FMA,CC(CC1=CC=C(C=C1)F)NC,0.2179518913017453,0.7376274220368887,0.25017757375366956
4-FMC,CC(C(=O)C1=CC=C(C=C1)F)NC,0.16299531491027455,0.80477137615269,0.21383520149845497
4F-MPH,COC(=O)C(C1CCCCN1)C2=CC=C(C=C2)F,0.09462490921007116,0.7033992008119752,0.13064123012379608
4-FPD,CCCC(C(=O)C1=CC=C(C=C1)F)NC,0.16839065007424517,0.7134395710107659,0.22721363707699954
4-FPP,C1CN(CCN1)C2=CC=C(C=C2)F,0.22292547481346212,0.5450998504936123,0.2143281148399762
4-HO-5-MeO-DMT,CN(C)CCC1=CNC2=C1C(=C(C=C2)OC)O,0.27541203046222185,0.8193493333501118,0.2096444157000691
4-HO-DALT,C=CCN(CCC1=CNC2=C1C(=CC=C2)O)CC=C,0.3457149737194094,0.8886279997079659,0.33661557442290346
4-HO-DBT,CCCCN(CCCC)CCC1=CNC2=C1C(=CC=C2)O,0.2562247602867234,0.9041100337560277,0.29580460091260163
4-HO-DET,CCN(CC)CCC1=CNC2=C1C(=CC=C2)O,0.24938430106633314,0.9123311548878134,0.282044761763942
4-HO-DiPT,CC(C)N(CCC1=CNC2=C1C(=CC=C2)O)C(C)C,0.23725322522844713,0.8964855393888195,0.2869647038045971
4-HO-DMT,CN(C)CCC1=CNC2=C1C(=CC=C2)O,0.28953888612869627,0.9056328228673017,0.27108072669690025
4-HO-DPT,CCCN(CCC)CCC1=CNC2=C1C(=CC=C2)O,0.28047536671426265,0.9101221890021514,0.28921156169813195
4-HO-EPT,CCCN(CC)CCC1=CNC2=C1C(=CC=C2)O,0.26234627600479987,0.909758101822887,0.29070918257722483
4-HO-McPT,CN(CCC1=C2C(=O)C=CC=C2N=C1)C3CC3,0.2285410328580967,0.48000101783028915,0.2608818433449971
4-HO-MET,CCN(C)CCC1=CNC2=C1C(=CC=C2)O,0.26810516651189337,0.907543272523463,0.2929109638018488
4-HO-MiPT,CC(C)N(C)CCC1=CNC2=C1C(=CC=C2)O,0.20798650910519656,0.8798215647784208,0.24171511340763685
4-HO-MPMI,CN1CCCC1CC2=CNC3=C2C(=CC=C3)O,0.11107922283933941,0.5836880024188603,0.1328837413835727
4-HO-MPT,CCCN(C)CCC1=CNC2=C1C(=CC=C2)O,0.2780409384291184,0.89751249744347,0.29269900093357554
4-HO-NALT,C=CCNCCC1=CNC2=C1C(=CC=C2)O,0.27442761923225406,0.7265816533824857,0.2848953540332001
4-Hydroxy-5-methoxydimethyltryptamine,CN(C)CCC1=CNC2=C1C(=C(C=C2)OC)O,0.27541203046222185,0.8193493333501118,0.2096444157000691
4-Hydroxytryptamine,C1=CC2=C(C(=C1)O)C(=CN2)CCN,0.30378628183841366,0.8006296355696061,0.36107204132604004
4-MA,CCN(CC)C(=O)C1CCC2C1(CCC3C2CCC4C3(CCC(=O)N4C)C)C,0.23941096403984014,0.37665782147506677,0.3465720508459349
4-MeO-BF,CCCC(=O)N(C1CCN(CC1)CCC2=CC=CC=C2)C3=CC=C(C=C3)OC,0.07672753755063894,0.7487852820091555,0.08678291387679465
4-MeO-PCP,COC1=CC=C(C=C1)C2(CCCCC2)N3CCCCC3,0.1987950696853191,0.6912841156791812,0.2190060658348484
4-Methoxyamphetamine,CC(CC1=CC=C(C=C1)OC)N,0.303048055564628,0.7235314938081061,0.2662806471767292
4-Methoxybutyrfentanyl,CCCC(=O)N(C1CCN(CC1)CCC2=CC=CC=C2)C3=CC=C(C=C3)OC,0.07672753755063894,0.7487852820091555,0.08678291387679465
4-Methoxymethamphetamine,CC(CC1=CC=C(C=C1)OC)NC,0.27153312808208385,0.6408055933961869,0.2721131813727322
4-Methoxyphenylpiperazine,COC1=CC=C(C=C1)N2CCNCC2,0.2153523551347774,0.5300741918724681,0.1948236883288005
4-Methylamphetamine,CC1=CC=C(C=C1)CC(C)N,0.34765747875648145,0.7449208835104425,0.3300186168873649
4-Methylthioamphetamine,CC(CC1=CC=C(C=C1)SC)N,0.3083407381088729,0.7278529223532256,0.31090644279705715
4-MMC,CC1=CC=C(C=C1)C(=O)C(C)NC,0.19174174538826702,0.7967504077798279,0.28214948418770786
4-MPP,COC1=CC=C(C=C1)N2CCNCC2,0.2153523551347774,0.5300741918724681,0.1948236883288005
4-MTA,CC(CC1=CC=C(C=C1)SC)N,0.3083407381088729,0.7278529223532256,0.31090644279705715
4-PO-DET,CCN(CC)CCC1=CNC2=C1C(=CC=C2)OP(=O)(O)O,0.1926688440743561,0.9061260373051242,0.2122197962130941
4-TASB,CCOC1=CC(=CC(=C1SCC)OC)CCN,0.24383300660234883,0.8508682407626184,0.24778951695212267
4-TE,CCSC1=C(C=C(C=C1OC)CCN)OC,0.29644917436887036,0.8817761460868918,0.2767224646214223
4-Thioescaline,CCSC1=C(C=C(C=C1OC)CCN)OC,0.29644917436887036,0.8817761460868919,0.2767224646214223
4-TM,COC1=CC(=CC(=C1SC)OC)CCN,0.2988543108102389,0.8716933972255138,0.2559662268269874
"5,6-MDO-DMT",CN(C)CCC1=CNC2=CC3=C(C=C21)OCO3,0.3341779570560805,0.799883879551355,0.2472718163718799
5-AcO-DMT,CC(=O)OC1=CC2=C(C=C1)NC=C2CCN(C)C,0.17595860613068645,0.8074085357734446,0.21867735997029267
5-APB,CC(CC1=CC2=C(C=C1)OC=C2)N,0.31705903048533035,0.7162723371046738,0.28107882907919024
5-APDB,CC(CC1=CC2=C(C=C1)OCC2)N,0.23017658279402742,0.6846456720097742,0.2043832143360863
5-APDI,CC(CC1=CC2=C(CCC2)C=C1)N,0.2010808036392064,0.7364370747676342,0.22023492609265297
5-API,CC(CC1=CC2=C(C=C1)NC=C2)N,0.3006627115436284,0.7168989123332562,0.29828274232919955
5-Bromo-DMT,CN(C)CCC1=CNC2=C1C=C(C=C2)Br,0.26957661448248266,0.8626492865561782,0.2647258050695249
5-EAPB,CCNC(C)CC1=CC2=C(C=C1)OC=C2,0.2802548481432408,0.5274089305170482,0.29063815490659617
5F-AKB48,C1C2CC3CC1CC(C2)(C3)NC(=O)C4=NN(C5=CC=CC=C54)CCCCCF,0.06745079330056329,0.6204809705419594,0.16179779690664098
5F-APINACA,C1C2CC3CC1CC(C2)(C3)NC(=O)C4=NN(C5=CC=CC=C54)CCCCCF,0.06745079330056329,0.6204809705419595,0.161797796906641
5-Fluoro-AMT,CC(CC1=CNC2=C1C=C(C=C2)F)N,0.18632337364848678,0.83331050318983,0.22203032187226715
5-Fluoro-DMT,CN(C)CCC1=CNC2=C1C=C(C=C2)F,0.20237040756823038,0.880068840848129,0.23207534786887207
5-fluoro-MET,CCN(C)CCC1=CNC2=C1C=C(C=C2)F,0.20359313331749226,0.8800204598913703,0.25255922760917365
5F-PB-22,C1=CC=C2C(=C1)C(=CN2CCCCCF)C(=O)OC3=CC=CC4=C3N=CC=C4,0.12254571990320672,0.4654069179835498,0.16130738835209793
5-HT,C1=CC2=C(C=C1O)C(=CN2)CCN,0.24267782863278492,0.7331570343975293,0.3789752842524842
5-HTP,C1=CC2=C(C=C1O)C(=CN2)CC(C(=O)O)N,0.1004402561530478,0.5065560309686541,0.20892922498061078
5-Hydroxytryptophan,C1=CC2=C(C=C1O)C(=CN2)CC(C(=O)O)N,0.1004402561530478,0.5065560309686541,0.20892922498061078
5-IT,CC(CC1=CC2=C(C=C1)NC=C2)N,0.3006627115436284,0.7168989123332562,0.29828274232919955
5-MAPB,CC(CC1=CC2=C(C=C1)OC=C2)NC,0.2786715237601827,0.6453200715214166,0.2940460542032504
5-MAPDB,CC(CC1=CC2=C(C=C1)OCC2)NC,0.20837051720393446,0.628050289271523,0.2183721560977027
5-MBPB,CCC(CC1=CC2=C(C=C1)OC=C2)NC,0.30139151138545,0.4990326327786558,0.2966259841572377
"5-MeO-2,N,N-TMT",CC1=C(C2=C(N1)C=CC(=C2)OC)CCN(C)C,0.2426704459979479,0.6938792284560249,0.19654004943810333
5-MeO-AET,CCC(CC1=CNC2=C1C=C(C=C2)OC)N,0.2857294749581353,0.8104673554626569,0.23502112216168414
5-MeO-AMT,CC(CC1=CNC2=C1C=C(C=C2)OC)N,0.2199795320924725,0.8639949261183211,0.23370440661440095
5-MeO-Benzofuranethanamine,CN(C)CCC1=COC2=C1C=C(C=C2)OC,0.27549172121476456,0.689874358377881,0.24360305202786428
5-MeO-BFE,CN(C)CCC1=COC2=C1C=C(C=C2)OC,0.27549172121476456,0.689874358377881,0.24360305202786428
5-MeO-DALT,COC1=CC2=C(C=C1)NC=C2CCN(CC=C)CC=C,0.2874115314843462,0.9079816288740805,0.2594522901439793
5-MeO-DBT,CCCCN(CCCC)CCC1=CNC2=C1C=C(C=C2)OC,0.22685692637995153,0.9146155649439406,0.23928855221432582
5-MeO-DET,CCN(CC)CCC1=CNC2=C1C=C(C=C2)OC,0.21539818402394978,0.9229000283394427,0.2261890965875914
5-MeO-DiBF,CC(C)N(CCC1=COC2=C1C=C(C=C2)OC)C(C)C,0.24247580403342708,0.6464559024569779,0.2532600173839105
5-MeO-DiPT,CC(C)N(CCC1=CNC2=C1C=C(C=C2)OC)C(C)C,0.2096158256224751,0.9108610886199006,0.23068196117466142
5-MeO-DMT,CN(C)CCC1=CNC2=C1C=C(C=C2)OC,0.23816583008216097,0.9065174431982459,0.21942960259951985
5-MeO-DPT,CCCN(CCC)CCC1=CNC2=C1C=C(C=C2)OC,0.2418073255724843,0.9260016902047874,0.24031099259877514
5-MeO-EiPT,CCN(CCC1=CNC2=C1C=C(C=C2)OC)C(C)C,0.19170614827313062,0.9123209599335199,0.21854518461746797
5-MeO-MALT,CN(CCC1=CNC2=C1C=C(C=C2)OC)CC=C,0.2814786696980861,0.9035032855851004,0.25430078082969887
5-MeO-MET,CCN(C)CCC1=CNC2=C1C=C(C=C2)OC,0.2235510942233367,0.9169624812288373,0.2422408674408287
5-MeO-MiPT,CC(C)N(C)CCC1=CNC2=C1C=C(C=C2)OC,0.19414922284460212,0.8859567034048556,0.1911938952787538
5-MeO-MPMI,CN1CCCC1CC2=CNC3=C2C=C(C=C3)OC,0.1264328936081477,0.6895369322050934,0.12496560962527832
5-MeO-NiPT,CC(C)NCCC1=CNC2=C1C=C(C=C2)OC,0.18223825499878987,0.848532786410487,0.2262723474187124
5-MeO-NMT,CNCCC1=CNC2=C1C=C(C=C2)OC,0.24253914084295164,0.8615909666153841,0.23699128296855038
5-MeO-pyr-T,COC1=CC2=C(C=C1)NC=C2CCN3CCCC3,0.08706867703355105,0.7429441175003262,0.11149497392641676
5-MeO-T-NBOMe,COC1=CC2=C(C=C1)NC=C2CCNCC3=CC=CC=C3OC,0.19737161379430163,0.8609544959421989,0.196348475761536
5-MeS-DMT,CN(C)CCC1=CNC2=C1C=C(C=C2)SC,0.24431098682695881,0.8500393586727946,0.2726595780570952
5-Methoxymethylone,CC(C(=O)C1=CC2=C(C(=C1)OC)OCO2)NC,0.15975980222527153,0.6113709294284919,0.1979928455722754
5-Methoxytryptamine,COC1=CC2=C(C=C1)NC=C2CCN,0.26924865032261386,0.8792268130481851,0.2721119880802918
5-Methylethylone,CCNC(C)C(=O)C1=CC2=C(C(=C1)C)OCO2,0.147919273966436,0.7246237358514419,0.24813431257328028
5-Methyl-MDA,CC1=CC(=CC2=C1OCO2)CC(C)N,0.32730119034929855,0.7995561975781638,0.28135200541795025
5-MT,COC1=CC2=C(C=C1)NC=C2CCN,0.26924865032261386,0.8792268130481851,0.2721119880802918
5-Nitrotryptamine,C1=CC2=C(C=C1[N+](=O)[O-])C(=CN2)CCN,0.5731418208396484,0.7800850563364834,0.5198557681689152
"5,N,N-TMT",CC1=CC2=C(C=C1)NC=C2CCN(C)C,0.273309287113496,0.8561450670758866,0.26126184260804863
5-Phenoxytryptamine,C1=CC=C(C=C1)OC2=CC3=C(C=C2)NC=C3CCN,0.30589117468323257,0.7595453932843458,0.34061158907395517
5-TASB,CCOC1=C(C(=CC(=C1)CCN)SC)OCC,0.2525979851499225,0.6866685683510102,0.3256099869002226
6-Allyl-6-Nor-LSD,CCN(CC)C(=O)C1CN(C2CC3=CNC4=CC=CC(=C34)C2=C1)CC=C,0.1915478242620269,0.8606087409248222,0.21522862683256241
6-APB,CC(CC1=CC2=C(C=C1)C=CO2)N,0.33275082764335345,0.7004597161391496,0.2948196964275624
6-APDB,CC(CC1=CC2=C(CCO2)C=C1)N,0.23129236565034594,0.657686055350164,0.216273092555275
6-EAPB,CCNC(C)CC1=CC2=C(C=C1)C=CO2,0.3164623379912434,0.5001428421145563,0.3105441457849534
6-Ethyl-6-Nor-LSD,CCN1CC(C=C2C1CC3=CNC4=CC=CC2=C34)C(=O)N(CC)CC,0.14605051961867105,0.8380635833548751,0.16878199030978677
6-Fluoro-AMT,CC(CC1=CNC2=C1C=CC(=C2)F)N,0.18452591905324367,0.8178144837753472,0.21728326375506501
6-Fluoro-DMT,CN(C)CCC1=CNC2=C1C=CC(=C2)F,0.20755256163416494,0.8709606389203718,0.2297723571884186
6-MAPB,CC(CC1=CC2=C(C=C1)C=CO2)NC,0.31542725217586737,0.628336826279314,0.3125957985688996
6-MAPDB,CC(CC1=CC2=C(CCO2)C=C1)NC,0.21045821960086675,0.6358246743981494,0.22087766958284505
6-MeO-isoDMT,CN(C)CCN1C=CC2=C1C=C(C=C2)OC,0.22332351871864461,0.5726064498616614,0.20061671455310143
6-Methyldihydromorphine,CC1(C=CC2C3CC4=C5C2(C1OC5=C(CC4)O)CCN3C)O,0.17547547086645132,0.5084169822265883,0.21428768568483456
6-Methylenedihydrodesoxymorphine,CN1CCC23C4C1CC5=C2C(=C(C=C5)O)OC3C(=C)CC4,0.12127788723321692,0.7900585631067554,0.2004065786412707
6-Monoacetylcodeine,CC(=O)OC1C=CC2C3CC4=C5C2(C1OC5=C(C=C4)OC)CCN3C,0.08767151167286015,0.7909342422644542,0.08605008710045178
6-O-Methylcodeine,CN1CCC23C4C1CC5=C2C(=C(C=C5)OC)OC3C(C=C4)OC,0.12628397300299019,0.8152822110328753,0.09996796896209957
"7-amino-5-(2-chlorophenyl)-1H-benzo[e][1,4]diazepin-2(3H)-one",C1C(=O)NC2=C(C=C(C=C2)N)C(=N1)C3=CC=CC=C3Cl,0.2678780720024792,0.7041237057098003,0.17903673851664328
7-BPDBD,C1C(=O)NC2=C(C=C(C=C2)Br)C(=N1)C3=CC=CC=C3,0.2730372152705789,0.7024761716187647,0.28135394692586646
"7-bromo-5-(2-chlorophenyl)-1H-benzo[e][1,4]diazepin-2(3H)-one",C1C(=O)NC2=C(C=C(C=C2)Br)C(=N1)C3=CC=CC=C3Cl,0.2349759771860997,0.8072887957264143,0.28111375443075015
"7-bromo-5-(2-fluorophenyl)-1H-benzo[e][1,4]diazepin-2(3H)-one",C1C(=O)NC2=C(C=C(C=C2)Br)C(=N1)C3=CC=CC=C3F,0.22620035433165156,0.7724321145522502,0.2786843441460682
"7-bromo-5-phenyl-1H-benzo[e][1,4]diazepin-2(3H)-one",C1C(=O)NC2=C(C=C(C=C2)Br)C(=N1)C3=CC=CC=C3,0.2730372152705789,0.7024761716187646,0.28135394692586646
"7-chloro-5-(2,6-dichlorophenyl)-1-methyl-1H-benzo[e][1,4]diazepin-2(3H)-one",CN1C(=O)CN=C(C2=C1C=CC(=C2)Cl)C3=C(C=CC=C3Cl)Cl,0.11743807304132943,0.7081399917017062,0.2050195982349117
"7-chloro-5-(2,6-difluorophenyl)-1H-benzo[e][1,4]diazepin-2(3H)-one",C1C(=O)NC2=C(C=C(C=C2)Cl)C(=N1)C3=C(C=CC=C3F)F,0.2294724977651168,0.712139249239509,0.2231865705212116
"7-chloro-5-(2,6-difluorophenyl)-1-methyl-1H-benzo[e][1,4]diazepin-2(3H)-one",CN1C(=O)CN=C(C2=C1C=CC(=C2)Cl)C3=C(C=CC=C3F)F,0.12777280062015506,0.7066112099013689,0.19033692078077064
"7-chloro-5-(2-chlorophenyl)-1H-benzo[e][1,4]diazepin-2(3H)-one",C1C(=O)NC2=C(C=C(C=C2)Cl)C(=N1)C3=CC=CC=C3Cl,0.22383339690183854,0.800546537649208,0.20518771996131271
"7-chloro-5-(2-fluorophenyl)-1H-benzo[e][1,4]diazepin-2(3H)-one",C1C(=O)NC2=C(C=C(C=C2)Cl)C(=N1)C3=CC=CC=C3F,0.23028939698588155,0.7842123838253516,0.19825484347719666
"7-chloro-5-(4-chlorophenyl)-1-methyl-1H-benzo[e][1,4]diazepin-2(3H)-one",CN1C(=O)CN=C(C2=C1C=CC(=C2)Cl)C3=CC=C(C=C3)Cl,0.12791365181783398,0.6537995887298187,0.21855193578580817
"7-chloro-5-phenyl-1H-benzo[e][1,4]diazepin-2(3H)-one",C1C(=O)NC2=C(C=C(C=C2)Cl)C(=N1)C3=CC=CC=C3,0.2659543537126463,0.7136064902519424,0.20744760991038178
7-Hydroxymitragynine,CCC1CN2CCC3(C(=NC4=C3C(=CC=C4)OC)C2CC1C(=COC)C(=O)OC)O,0.13378719349448298,0.4698672071231219,0.09800210180658206
"7-nitro-5-phenyl-1H-benzo[e][1,4]diazepin-2(3H)-one",C1C(=O)NC2=C(C=C(C=C2)[N+](=O)[O-])C(=N1)C3=CC=CC=C3,0.5056372423555981,0.8280103002035771,0.38946292905688573
"7,N,N-TMT",CC1=C2C(=CC=C1)C(=CN2)CCN(C)C,0.2902468697077842,0.7516579209343318,0.25735996106298
8-Chlorotheophylline,CN1C2=C(C(=O)N(C1=O)C)NC(=N2)Cl,0.28042577133089813,0.37909421464085874,0.20981115330772668
AB-FUBINACA,CC(C)C(C(=O)N)NC(=O)C1=NN(C2=CC=CC=C21)CC3=CC=C(C=C3)F,0.08482090233637526,0.286794763628323,0.14745789917234264
Abilify,C1CC(=O)NC2=C1C=CC(=C2)OCCCCN3CCN(CC3)C4=C(C(=CC=C4)Cl)Cl,0.07532768975184616,0.5964072696587946,0.10871914701665492
"AC-262,356",C1CC2CC(CC1N2C3=CC=C(C4=CC=CC=C43)C#N)O,0.20943045876105681,0.4666947678585766,0.3324232444411976
Acepromazine,CC(=O)C1=CC2=C(C=C1)SC3=CC=CC=C3N2CCCN(C)C,0.08082864047204692,0.7499757898060541,0.10919329554363044
Acetildenafil,CCCC1=NN(C2=C1N=C(NC2=O)C3=C(C=CC(=C3)C(=O)CN4CCN(CC4)CC)OCC)C,0.08403083067038457,0.7799398558471531,0.1031687878722799
Acetophenazine,CC(=O)C1=CC2=C(C=C1)SC3=CC=CC=C3N2CCCN4CCN(CC4)CCO,0.041022931002519275,0.8108449305955658,0.0721306259574824
Acetoxymethylketobemidone,CC(=O)C1(CCN(CC1)C)C2=CC(=CC=C2)OC(=O)C,0.12475856443601979,0.45082204461501135,0.1573492027000311
Acetylcholine,CC(=O)OCC[N+](C)(C)C,0.4577112898996701,0.3397189580613251,0.43040568788215416
Acetylfentanyl,CC(=O)N(C1CCN(CC1)CCC2=CC=CC=C2)C3=CC=CC=C3,0.05332436126246112,0.7256704786002771,0.09037170922491405
Acetylpropionylmorphine,CC(=O)CCC(=O)OC1=C2C3=C(CC4C5C3(CCN4C)C(O2)C(C=C5)O)C=C1,0.07942623291516102,0.7401800951172447,0.1098771175247757
ACP-103,CC(C)COC1=CC=C(C=C1)CNC(=O)N(CC2=CC=C(C=C2)F)C3CCN(CC3)C,0.08619034701221405,0.2613037151860648,0.1061356450580749
ACP-104,C1CN(CCN1)C2=NC3=C(C=CC(=C3)Cl)NC4=CC=CC=C42,0.139324531711686,0.5917762028498043,0.1873785600850188
Acrylfentanyl,C=CC(=O)N(C1CCN(CC1)CCC2=CC=CC=C2)C3=CC=CC=C3,0.10145869364559065,0.7616600210395087,0.145078248553589
Actomol,CC(C1=CC=CC=C1)NN,0.3591141680986153,0.5640255423081374,0.340387227236497
Adapin,CN(C)CCC=C1C2=CC=CC=C2COC3=CC=CC=C31.Cl,0.20812458308891077,0.567946390660677,0.13956901541646866
Ademetionine,C[S+](CCC(C(=O)[O-])N)CC1C(C(C(O1)N2C=NC3=C(N=CN=C32)N)O)O,0.1341174187258475,0.08362386748883072,0.11552544815347565
Adinazolam,CN(C)CC1=NN=C2N1C3=C(C=C(C=C3)Cl)C(=NC2)C4=CC=CC=C4,0.09652185011211112,0.6612336183778905,0.1430285251153434
Adrafinil,C1=CC=C(C=C1)C(C2=CC=CC=C2)S(=O)CC(=O)NO,0.188576148386932,0.43535974069335653,0.24364773307643792
Adrenosterone,CC12CCC(=O)C=C1CCC3C2C(=O)CC4(C3CCC4=O)C,0.4035773398725737,0.4655639241914725,0.6276048089129241
Aeruginascin,C[N+](C)(C)CCC1=CNC2=C1C(=CC=C2)OP(=O)(O)O,0.24937182373375744,0.8366869456038328,0.25438023140503635
Afloqualone,CC1=CC=CC=C1N2C(=NC3=C(C2=O)C=C(C=C3)N)CF,0.1786369548393984,0.4557043018944183,0.12157208316752259
Agedal,C[NH+](C)CCON=C1C2=CC=CC=C2CCC3=CC=CC=C31.[Cl-],0.19871807931193552,0.35703117399337586,0.23905255148091367
Agomelatine,CC(=O)NCCC1=CC=CC2=C1C=C(C=C2)OC,0.17429213990272566,0.3181266763058216,0.20103627129643759
Agradil,COC1=CC(=CC(=C1OC)C(=O)NCC2CCCN2CC=C)S(=O)(=O)N,0.1512804626478087,0.45691860926408145,0.1357106059060971
Agreal,COC1=CC(=CC(=C1OC)C(=O)NCC2CCCN2CC=C)S(=O)(=O)N,0.15128046264780873,0.45691860926408145,0.1357106059060971
AH-7921,CN(C)C1(CCCCC1)CNC(=O)C2=CC(=C(C=C2)Cl)Cl,0.08683011874044291,0.40667116512946455,0.25222525056312867
Aildenafil,CCCC1=NN(C2=C1N=C(NC2=O)C3=C(C=CC(=C3)S(=O)(=O)N4CC(NC(C4)C)C)OCC)C,0.09746950402119556,0.5509014009534747,0.11618811905222148
AL,[Al],0.8530032708068002,0.3175418248840564,0.7281749366062723
AL-38022A,CC(CN1C2=C(C=CC3=C2CCCO3)C=N1)N,0.2232699127694342,0.5323810308924044,0.20901426865056458
Alcohol,CCO,0.6647378168831287,0.34989161017993053,0.5850222945855424
ALD-52,CCN(CC)C(=O)C1CN(C2CC3=CN(C4=CC=CC(=C34)C2=C1)C(=O)C)C,0.12246134793229312,0.8316124030740275,0.1551480534750174
Aleph,CC(CC1=CC(=C(C=C1OC)SC)OC)N,0.28220379741272866,0.9056405993476332,0.2840150269138169
Alival,C(C(CI)O)O,0.5850278714817037,0.26117137210410357,0.3636316834976856
AL-LAD,CCN(CC)C(=O)C1CN(C2CC3=CNC4=CC=CC(=C34)C2=C1)CC=C,0.1915478242620269,0.8606087409248222,0.21522862683256241
allopregnanolone,CC(=O)C1CCC2C1(CCC3C2CCC4C3(CCC(C4)O)C)C,0.41595197155300473,0.3477964065942214,0.47468946706617243
Allylescaline,COC1=CC(=CC(=C1OCC=C)OC)CCN,0.31568567726243363,0.8268459914716542,0.2770425013077371
Alnert,C[NH2+]CCCCOC1=CC=CC=C1CC2=CC=CC=C2.[Cl-],0.2355971868131042,0.465779149681172,0.2701200620228644
Aloracetam,CC1=CC(=C(N1CCNC(=O)C)C)C=O,0.18480839608500868,0.36926962521053563,0.1797463324970746
Alpha-Ethyltryptamine,CCC(CC1=CNC2=CC=CC=C21)N,0.281759458118456,0.7485264423247924,0.26960623558438124
Alpha-Methyltryptamine,CC(CC1=CNC2=CC=CC=C21)N,0.23979360943624894,0.8138507506173464,0.26521560659307314
Alpha-O,CC(CC1=CNC2=C1C=C(C=C2)OC)N,0.2199795320924725,0.8639949261183211,0.23370440661440095
Alprazolam,CC1=NN=C2N1C3=C(C=C(C=C3)Cl)C(=NC2)C4=CC=CC=C4,0.11799387540706516,0.7824387068082913,0.17124079017757413
Altinil,CN(C)CCN1C(=O)CC(SC2=CC=CC=C21)C3=CC=CC=C3.Cl,0.11033024356444741,0.7220805854868192,0.09656575286506529
Ambien,CC1=CC=C(C=C1)C2=C(N3C=C(C=CC3=N2)C)CC(=O)N(C)C,0.24941612958650194,0.35055365447644676,0.2274913026860019
Ambivalon,C[N+](C)(CCC=C1C2=CC=CC=C2CCC3=CC=CC=C31)[O-],0.3078274733154135,0.6064329320165616,0.3371134233823586
Amineptine,C1CC2=CC=CC=C2C(C3=CC=CC=C31)NCCCCCCC(=O)O,0.12987763528527774,0.5523344298001855,0.15605330071966036
Aminotadalafil,C1C2C(=O)N(CC(=O)N2C(C3=C1C4=CC=CC=C4N3)C5=CC6=C(C=C5)OCO6)N,0.20870175279684594,0.5668008373661789,0.1181944002540531
Amisulpride,CCN1CCCC1CNC(=O)C2=CC(=C(C=C2OC)N)S(=O)(=O)CC,0.12055965746890013,0.5356885359378368,0.10286379464394849
Amitriptyline,CN(C)CCC=C1C2=CC=CC=C2CCC3=CC=CC=C31,0.1649622666537211,0.5265102396237628,0.16294707119840232
Amitriptylinoxide,C[N+](C)(CCC=C1C2=CC=CC=C2CCC3=CC=CC=C31)[O-],0.3078274733154135,0.6064329320165616,0.3371134233823586
Amoxapine,C1CN(CCN1)C2=NC3=CC=CC=C3OC4=C2C=C(C=C4)Cl,0.13971463704661463,0.6141859661460062,0.1797749085661831
Amperozide,CCNC(=O)N1CCN(CC1)CCCC(C2=CC=C(C=C2)F)C3=CC=C(C=C3)F,0.04472158774383111,0.5724727080040384,0.08179268510680038
Amphetamine,CC(CC1=CC=CC=C1)N,0.22170062164154278,0.7060551858074544,0.18628740776091493
Amyl nitrite,CC(C)CCON=O,0.5924379485095163,0.4944438741013088,0.5279299880937584
Anafranil,CN(C)CCCN1C2=CC=CC=C2CCC3=C1C=C(C=C3)Cl.Cl,0.11280563225732293,0.7754261295616157,0.10685290806847007
Andarine,CC(=O)NC1=CC=C(C=C1)OCC(C)(C(=O)NC2=CC(=C(C=C2)[N+](=O)[O-])C(F)(F)F)O,0.45181975250401224,0.22139283541027788,0.7840568025063497
Aniracetam,COC1=CC=C(C=C1)C(=O)N2CCCC2=O,0.1538336352667473,0.3641156998426424,0.19184642114209186
AP-237,CCCC(=O)N1CCN(CC1)CC=CC2=CC=CC=C2,0.09773349618384572,0.5016510982052238,0.11521353515967508
AP-238,CCC(=O)N1C(CN(CC1C)CC=CC2=CC=CC=C2)C,0.09786645400473955,0.5136776669271945,0.1360536682405464
APICA,CCCCCN1C=C(C2=CC=CC=C21)C(=O)NC34CC5CC(C3)CC(C5)C4,0.0888985978850915,0.5632430806360942,0.14071505869742135
A-PVP,CCCC(C(=O)C1=CC=CC=C1)N2CCCC2,0.06790431679761855,0.6035892815776636,0.1259119281574378
Aripiprazole,C1CC(=O)NC2=C1C=CC(=C2)OCCCCN3CCN(CC3)C4=C(C(=CC=C4)Cl)Cl,0.07532768975184616,0.5964072696587946,0.10871914701665492
Aripiprazole lauroxil,CCCCCCCCCCCC(=O)OCN1C(=O)CCC2=C1C=C(C=C2)OCCCCN3CCN(CC3)C4=C(C(=CC=C4)Cl)Cl,0.08289636280377737,0.5128600012087153,0.167541018257401
Arketamine,CNC1(CCCCC1=O)C2=CC=CC=C2Cl,0.2566652999048636,0.6937571277988035,0.2599611694022089
Armodafinil,C1=CC=C(C=C1)C(C2=CC=CC=C2)S(=O)CC(=O)N,0.19357527601062902,0.39401784235952225,0.24773670976251733
Asenapine,CN1CC2C(C1)C3=C(C=CC(=C3)Cl)OC4=CC=CC=C24,0.1258251392091271,0.4067848850392693,0.21628456160344714
Asendin,C1CN(CCN1)C2=NC3=CC=CC=C3OC4=C2C=C(C=C4)Cl,0.13971463704661463,0.6141859661460062,0.1797749085661831
Asendis,C1CN(CCN1)C2=NC3=CC=CC=C3OC4=C2C=C(C=C4)Cl,0.13971463704661463,0.6141859661460062,0.1797749085661831
Ativan,C1=CC=C(C(=C1)C2=NC(C(=O)NC3=C2C=C(C=C3)Cl)O)Cl,0.2782230660771553,0.6538914389288673,0.26348646740459936
Atomoxetine,CC1=CC=CC=C1OC(CCNC)C2=CC=CC=C2,0.21247814890952046,0.6571855125339886,0.2687495454909626
Atravet,CC(=O)C1=CC2=C(C=C1)SC3=CC=CC=C3N2CCCN(C)C,0.08082864047204692,0.7499757898060541,0.10919329554363044
Atropine,CN1C2CCC1CC(C2)OC(=O)C(CO)C3=CC=CC=C3,0.06548590227885183,0.446040587367085,0.11301133825048064
Aurorix,C1COCCN1CCNC(=O)C2=CC=C(C=C2)Cl,0.06866815109347205,0.4301186889862524,0.09662980124527346
Aventyl,CNCCC=C1C2=CC=CC=C2CCC3=CC=CC=C31,0.2447268214886142,0.6116425806881158,0.23329452747355806
Axiomin,CCC1=NN(C(=O)N1CC)CCCN2CCN(CC2)C3=CC(=CC=C3)Cl.Cl,0.0602082545294238,0.6655576134024302,0.08023065690139379
"AY-23,028",CC(C)(C)C1(CCN2CC3C4=CC=CC=C4CCC5=C3C(=CC=C5)C2C1)O.Cl,0.17240731875548687,0.620276329169532,0.13341976146696788
Azafen,CN1CCN(CC1)C2=NN=C3C(=C2)N(C4=CC=CC=C4O3)C.Cl.Cl,0.10762553925073498,0.7054576855439,0.11489824284940646
Azaphen,CN1CCN(CC1)C2=NN=C3C(=C2)N(C4=CC=CC=C4O3)C.Cl.Cl,0.10762553925073498,0.7054576855439,0.11489824284940646
Azidomorphine,CN1CCC23C4C1CC5=C2C(=C(C=C5)O)OC3C(CC4)N=[N+]=[N-],0.16794828176223964,0.8064813561772464,0.15297990238479567
Baclofen,C1=CC(=CC=C1C(CC(=O)O)CN)Cl,0.22034469594755562,0.5590728197606436,0.24987023529745506
Baeocystin,CNCCC1=CNC2=C1C(=CC=C2)OP(=O)(O)O,0.20281075890245112,0.8103336585169504,0.2286983328262378
Barnetil,CCN1CCCC1CNC(=O)C2=C(C=CC(=C2)S(=O)(=O)CC)OC,0.09874991340304502,0.6537709298433048,0.11124174617308256
Barnotil,CCN1CCCC1CNC(=O)C2=C(C=CC(=C2)S(=O)(=O)CC)OC.Cl,0.09874991340304502,0.6902301485479289,0.11249174617308254
BDPC,CN(C)C1(CCC(CC1)(CCC2=CC=CC=C2)O)C3=CC=C(C=C3)Br,0.1403637909801936,0.45694749827548575,0.15225351932964956
Befol,C1COCCN1CCCNC(=O)C2=CC=C(C=C2)Cl.Cl,0.07234853936005751,0.5723556294546,0.10925327949887814
Benadryl,CN(C)CCOC(C1=CC=CC=C1)C2=CC=CC=C2,0.23781956758192307,0.45977656457249055,0.20247710643440645
Benmoxin,CC(C1=CC=CC=C1)NNC(=O)C2=CC=CC=C2,0.1746021226312503,0.3827777394756439,0.30825284906072176
Benperidol,C1CN(CCC1N2C3=CC=CC=C3NC2=O)CCCC(=O)C4=CC=C(C=C4)F,0.048644543144467735,0.540614722434849,0.041439393497571156
Benzedrex,CC(CC1CCCCC1)NC,0.3855254545450679,0.4760674981552791,0.341439649024389
Benzo Fury,CC(CC1=C2C(=CC=C1)OCO2)N,0.2794268363063694,0.7389133350713979,0.2584040489835224
Benzofury,CC(CC1=CC2=C(C=C1)C=CO2)N,0.33275082764335345,0.7004597161391496,0.2948196964275624
Benzoylthiomethylecgonine,CN1C2CCC1C(C(C2)SC(=O)C3=CC=CC=C3)C(=O)OC,0.11138596201310305,0.5812566801096609,0.1113863036885184
Benzydamine,CN(C)CCCOC1=NN(C2=CC=CC=C21)CC3=CC=CC=C3,0.12799809778314228,0.2976123161485515,0.1334264784371464
Benzylbutylbarbiturate,CCCCC1(C(=O)NC(=O)NC1=O)CC2=CC=CC=C2,0.26516490547401544,0.404982789771697,0.23013495370712936
Benzylmorphine,CN1CCC23C4C1CC5=C2C(=C(C=C5)OCC6=CC=CC=C6)OC3C(C=C4)O,0.08526979734918239,0.7308951953753333,0.12209620144854101
Benzylpiperazine,C1CN(CCN1)CC2=CC=CC=C2,0.13674199948086435,0.5005865876296572,0.12393038259687804
berberine,COC1=C(C2=C[N+]3=C(C=C2C=C1)C4=CC5=C(C=C4CC3)OCO5)OC,0.3286062817030575,0.6102220396755969,0.2432822496932806
Beta-Carboline,C1=CC=C2C(=C1)C3=C(N2)C=NC=C3,0.46218611342564775,0.37905648393534447,0.4055130980645974
Beta-D,COC1=CC(=CC(=C1OC)OC)CCN,0.3136341947195038,0.8883896202503254,0.25241891969911895
Beta-Phenylmethamphetamine,CC(C(C1=CC=CC=C1)C2=CC=CC=C2)NC,0.3501619158814772,0.5764560808518212,0.37070458092210906
Bifemelane,CNCCCCOC1=CC=CC=C1CC2=CC=CC=C2,0.1717185099818092,0.4823188647373402,0.23737091309891742
Bifeprunox,C1CN(CCN1CC2=CC(=CC=C2)C3=CC=CC=C3)C4=CC=CC5=C4OC(=O)N5,0.08280109795367573,0.4307362435715689,0.0819562144606186
BL-1020,C1CN(CCN1CCCN2C3=CC=CC=C3SC4=C2C=C(C=C4)Cl)CCOC(=O)CCCN,0.04301303924428334,0.7578668200037246,0.08434921007461037
Blonanserin,CCN1CCN(CC1)C2=NC3=C(CCCCCC3)C(=C2)C4=CC=C(C=C4)F,0.08978838896150437,0.4120850867311016,0.14364705475342246
"BMS-564,929",CC1=C(C=CC(=C1Cl)C#N)N2C(=O)C3C(CCN3C2=O)O,0.14171373519369188,0.45347866044738033,0.33130457911787276
BOB,COC1=CC(=C(C=C1C(CN)OC)OC)Br,0.30284368848011106,0.7337793710115443,0.3211395807628219
BOD,CC1=CC(=C(C=C1OC)C(CN)OC)OC,0.31663452636638767,0.6938680305128884,0.27753224254757947
BOH-2C-B,COC1=CC(=C(C=C1C(CN)O)OC)Br,0.22934883122752278,0.565257237310654,0.28340395138928826
BOHB,COC1=CC(=C(C=C1C(CN)O)OC)Br,0.22934883122752278,0.565257237310654,0.28340395138928826
BPC-157,CC(C)CC(C(=O)NC(C(C)C)C(=O)O)NC(=O)CNC(=O)C(C)NC(=O)C(CC(=O)O)NC(=O)C(CC(=O)O)NC(=O)C(C)NC(=O)C1CCCN1C(=O)C(CCCCN)NC(=O)CNC(=O)C2CCCN2C(=O)C3CCCN3C(=O)C4CCCN4C(=O)C(CCC(=O)O)NC(=O)CN,0.10565611764716025,0.337993305204815,0.2079189589451811
Brantur,CC1=CC(=NN=C1NCCN2CCOCC2)C3=CC=CC=C3,0.08103628333605839,0.21697020954675966,0.097157315622256
Bremelanotide,CCCCC(C(=O)NC1CC(=O)NCCCCC(NC(=O)C(NC(=O)C(NC(=O)C(NC(=O)C(NC1=O)CC2=CN=CN2)CC3=CC=CC=C3)CCCN=C(N)N)CC4=CNC5=CC=CC=C54)C(=O)O)NC(=O)C,0.14114338081357594,0.646736569506645,0.16456016982167007
Brephedrone,CC(C(=O)C1=CC=C(C=C1)Br)NC,0.21461023416769906,0.7892917911699491,0.272393804423913
Bretisilocin,CCN(C)CCC1=CNC2=C1C=C(C=C2)F,0.20359313331749226,0.8800204598913703,0.2525592276091737
Brexanolone,CC(=O)C1CCC2C1(CCC3C2CCC4C3(CCC(C4)O)C)C,0.41595197155300473,0.3477964065942214,0.47468946706617243
Brexpiprazole,C1CN(CCN1CCCCOC2=CC3=C(C=C2)C=CC(=O)N3)C4=C5C=CSC5=CC=C4,0.06443484432079642,0.4783785417146831,0.10461600379793817
Brintellix,CC1=CC(=C(C=C1)SC2=CC=CC=C2N3CCNCC3)C.Br,0.15563481869112944,0.6429791025845918,0.16990985839405615
Brolphetaminil,COC1=CC(=C(C=C1CCNC(C#N)C2=CC=CC=C2)OC)Br,0.2157406536325216,0.8055972570084319,0.27809562325765447
Bromadol,CN(C)C1(CCC(CC1)(CCC2=CC=CC=C2)O)C3=CC=C(C=C3)Br,0.1403637909801936,0.45694749827548575,0.15225351932964956
Bromadoline,CN(C)C1CCCCC1NC(=O)C2=CC=C(C=C2)Br,0.16494912181993926,0.2786985089979021,0.2604194334233305
Bromantane,C1C2CC3CC1CC(C2)C3NC4=CC=C(C=C4)Br,0.3662122645890991,0.2459913077254849,0.39798036382780905
Bromazepam,C1C(=O)NC2=C(C=C(C=C2)Br)C(=N1)C3=CC=CC=N3,0.21191902599957438,0.5712375702115593,0.27872845717305395
Bromazolam,CC1=NN=C2N1C3=C(C=C(C=C3)Br)C(=NC2)C4=CC=CC=C4,0.1520215455729591,0.801069322734678,0.23300506574613483
Bromo-DragonFLY,CC(CC1=C2C=COC2=C(C3=C1OC=C3)Br)N,0.36463706014789926,0.719689560541591,0.3804846690121868
Bromoketamine,CNC1(CCCCC1=O)C2=CC=CC=C2Br,0.253768478431214,0.7014373082096894,0.26949338425005653
Bromperidol,C1CN(CCC1(C2=CC=C(C=C2)Br)O)CCCC(=O)C3=CC=C(C=C3)F,0.046600183096991994,0.6817844801897133,0.07725914678374568
Bromperidol decanoate,CCCCCCCCCC(=O)OC1(CCN(CC1)CCCC(=O)C2=CC=C(C=C2)F)C3=CC=C(C=C3)Br,0.05239526355619744,0.6494213005153142,0.10099447119539554
Brorphine,CC(C1=CC=C(C=C1)Br)N2CCC(CC2)N3C4=CC=CC=C4NC3=O,0.1389008411730651,0.5499981399221374,0.14369563097589877
Buccastem,CN1CCN(CC1)CCCN2C3=CC=CC=C3SC4=C2C=C(C=C4)Cl,0.019658368283458204,0.6591392496334981,0.039231828816096645
Bucinnazine,CCCC(=O)N1CCN(CC1)CC=CC2=CC=CC=C2,0.09773349618384573,0.5016510982052238,0.11521353515967508
Bufotenin,CN(C)CCC1=CNC2=C1C=C(C=C2)O,0.2196906386803681,0.8380431868596813,0.3281377553322368
Bunil,CC1CCN(CC1)CCCC(=O)C2=CC=C(C=C2)F,0.0543045583761891,0.601337886630511,0.04406786602746791
Buprenorphine,CC(C)(C)C(C)(C1CC23CCC1(C4C25CCN(C3CC6=C5C(=C(C=C6)O)O4)CC7CC7)OC)O,0.1327915366578645,0.5005745895969554,0.21095246126230013
Bupropion,CC(C(=O)C1=CC(=CC=C1)Cl)NC(C)(C)C,0.14274743973283216,0.576074005925613,0.27648084516846394
Buronil,CC1CC[NH+](CC1)CCCC(=O)C2=CC=C(C=C2)F.[Cl-],0.13735400889390095,0.4949364820222285,0.18087489232365275
Buspirone,C1CCC2(C1)CC(=O)N(C(=O)C2)CCCCN3CCN(CC3)C4=NC=CC=N4,0.1042448925856402,0.49927352738500747,0.08989572128759737
Butaclamol,CC(C)(C)C1(CCN2CC3C4=CC=CC=C4CCC5=C3C(=CC=C5)C2C1)O,0.15994145078785002,0.5703432317690651,0.13216976146696785
Butaperazine,CCCC(=O)C1=CC2=C(C=C1)SC3=CC=CC=C3N2CCCN4CCN(CC4)C,0.02964908360478353,0.7203594449331042,0.04936321339738651
Butonitazene,CCCCOC1=CC=C(C=C1)CC2=NC3=C(N2CCN(CC)CC)C=CC(=C3)[N+](=O)[O-],0.33171566738100156,0.8641454092804551,0.3712517238521223
Butriptyline,CC(CC1C2=CC=CC=C2CCC3=CC=CC=C13)CN(C)C,0.17721556132622596,0.5126464956865677,0.17920923974188707
Butylone,CCC(C(=O)C1=CC2=C(C=C1)OCO2)NC,0.1858115498426249,0.8069639782330058,0.1866424407602321
Butyrfentanyl,CCCC(=O)N(C1CCN(CC1)CCC2=CC=CC=C2)C3=CC=CC=C3,0.052192353792052726,0.8205334518348042,0.0854339699747495
BZP,C1CN(CCN1)CC2=CC=CC=C2,0.13674199948086435,0.5005865876296571,0.12393038259687804
Caffeine,CN1C=NC2=C1C(=O)N(C(=O)N2C)C,0.2464784306948592,0.414001244294424,0.2029351943374592
Cannabidiol,CCCCCC1=CC(=C(C(=C1)O)C2C=C(CCC2C(=C)C)C)O,0.2462163694323433,0.5785073896755372,0.4583226839394638
Cannabis,CC1=CCC(C=CCC(=CCC1)C)(C)C,0.44894957386133527,0.47844521022038655,0.4978619261242407
Cantor,CC1=CC(=NN=C1NCCN2CCOCC2)C3=CC=CC=C3,0.08103628333605839,0.21697020954675966,0.097157315622256
Caplyta,CC1=CC=C(C=C1)S(=O)(=O)O.CN1CCN2C3CCN(CC3C4=C2C1=CC=C4)CCCC(=O)C5=CC=C(C=C5)F,0.08381936947794974,0.6510966669119448,0.11566386142160079
Captagon,CC(CC1=CC=CC=C1)NCCN2C=NC3=C2C(=O)N(C(=O)N3C)C,0.11114064911489796,0.4782169489266323,0.1288654603496704
Carfenazine,CCC(=O)C1=CC2=C(C=C1)SC3=CC=CC=C3N2CCCN4CCN(CC4)CCO,0.03914118534453117,0.8038660679134216,0.06775525451135783
Cariprazine,CN(C)C(=O)NC1CCC(CC1)CCN2CCN(CC2)C3=C(C(=CC=C3)Cl)Cl,0.06785533910167435,0.519261298119883,0.07848980833369618
Carisoprodol,CCCC(C)(COC(=O)N)COC(=O)NC(C)C,0.2760809009120658,0.4069156499538282,0.24376136368676682
Carnosine,C1=C(NC=N1)CC(C(=O)O)NC(=O)CCN,0.12275660959175451,0.3922944255977508,0.11737499880812774
Caroxazone,C1C2=CC=CC=C2OC(=O)N1CC(=O)N,0.15061357694631008,0.4018825978383314,0.1284775587669875
Carpipramine,C1CCN(CC1)C2(CCN(CC2)CCCN3C4=CC=CC=C4CCC5=CC=CC=C53)C(=O)N,0.0594710076313339,0.5519058872976556,0.0653316760716432
Cathinone,CC(C(=O)C1=CC=CC=C1)N,0.22197770715402773,0.5247895943979318,0.2944351510014215
Catron,CC(CNN)C1=CC=CC=C1.Cl,0.24962648788848188,0.5766051601090091,0.2612552444667818
CBD,CCCCCC1=CC(=C(C(=C1)O)C2C=C(CCC2C(=C)C)C)O,0.24621636943234326,0.5785073896755372,0.4583226839394638
Celeport,C[NH2+]CCCCOC1=CC=CC=C1CC2=CC=CC=C2.[Cl-],0.2355971868131042,0.465779149681172,0.2701200620228644
Celexa,CN(C)CCCC1(C2=C(CO1)C=C(C=C2)C#N)C3=CC=C(C=C3)F.Br,0.1554175952421665,0.6341658842252107,0.1886513800276729
CEY-19,CCN(CC)CCC1=CNC2=C1C(=CC=C2)OP(=O)(O)O,0.1926688440743561,0.9061260373051241,0.2122197962130941
Chaperon,COC1=CC2=C(CC(C2)N)C=C1,0.2988898820910233,0.5387952879178122,0.2626845498501732
China White,CCC(=O)N(C1CCN(CC1C)CCC2=CC=CC=C2)C3=CC=CC=C3,0.07198527087666612,0.6938510011805329,0.11142865810773182
Chlornaltrexamine,C1CC1CN2CCC34C5C(CCC3(C2CC6=C4C(=C(C=C6)O)O5)O)N(CCCl)CCCl,0.1877094591449305,0.6489917695396481,0.18858652576511026
Chloroxymorphamine,CN1CCC23C4C(CCC2(C1CC5=C3C(=C(C=C5)O)O4)O)N(CCCl)CCCl,0.14975513028841478,0.7910279003980039,0.17461039576378012
Chlorproethazine,CCN(CC)CCCN1C2=CC=CC=C2SC3=C1C=C(C=C3)Cl,0.08163708329752917,0.6630199825098244,0.11371421877720975
Chlorpromazine,CN(C)CCCN1C2=CC=CC=C2SC3=C1C=C(C=C3)Cl,0.09039723086765018,0.7790129826408166,0.11138945709406874
Chlorprothixene,CN(C)CCC=C1C2=CC=CC=C2SC3=C1C=C(C=C3)Cl,0.1749534972513285,0.4590685925085227,0.15393981123046568
Choline,C[N+](C)(C)CCO,0.5729256240890425,0.49009436474487694,0.5357133752116746
Choline bitartrate,C[N+](C)(C)CCO.C(C(C(=O)[O-])O)(C(=O)O)O,0.3707171583817206,0.4126852640042645,0.2729669167334532
Ciclindole,CN(C)C1CCC2=C(C1)C3=CC=CC=C3N2,0.20331386353886494,0.49268196813639903,0.21267886240495773
Cimbi-21,COC1=CC(=C(C=C1CCNCC2=CC=CC=C2F)OC)I,0.18277723734410675,0.9170181292179376,0.21678571967489846
Cimbi-27,COC1=CC(=C(C=C1CCNCC2=CC=CC=C2O)OC)I,0.19663742236321125,0.8771969677451567,0.2669760989503598
Cimbi-29,COC1=CC(=C(C=C1CCNCC2=C3C(=CC=C2)OCO3)OC)I,0.23712954371141154,0.8472829693563619,0.17632269839500483
Cimbi-36,COC1=CC=CC=C1CNCCC2=CC(=C(C=C2OC)Br)OC,0.22353363435168952,0.9246643783922619,0.24258404864158079
Cimbi-5,COC1=CC=CC=C1CNCCC2=CC(=C(C=C2OC)I)OC,0.24755135650611074,0.9264831112207073,0.21920531764407086
Cimbi-82,COC1=CC=CC=C1CNCCC2=CC(=C(C=C2OC)Cl)OC,0.23756967592600295,0.91401543876324,0.23922655261083337
Cincofarm,C1=CC2=C(C=C1O)C(=CN2)CC(C(=O)O)N,0.1004402561530478,0.5065560309686541,0.20892922498061078
Cipralex,CN(C)CCCC1(C2=C(CO1)C=C(C=C2)C#N)C3=CC=C(C=C3)F,0.15458426190883318,0.6345825508918774,0.18816448864190508
Cipramil,CN(C)CCCC1(C2=C(CO1)C=C(C=C2)C#N)C3=CC=C(C=C3)F,0.15458426190883318,0.6345825508918774,0.18816448864190508
Citalopram,CN(C)CCCC1(C2=C(CO1)C=C(C=C2)C#N)C3=CC=C(C=C3)F,0.15458426190883318,0.6345825508918774,0.18816448864190508
Citicoline,C[N+](C)(C)CCOP(=O)([O-])OP(=O)(O)OCC1C(C(C(O1)N2C=CC(=NC2=O)N)O)O,0.18765427995889486,0.3380665010097436,0.20324831056027498
CJC-1293,CCC(C)C(C(=O)NC(CC1=CC=CC=C1)C(=O)NC(C(C)O)C(=O)NC(CC(=O)N)C(=O)NC(CO)C(=O)NC(CC2=CC=C(C=C2)O)C(=O)NC(CCCNC(=N)N)C(=O)NC(CCCCN)C(=O)NC(C(C)C)C(=O)NC(CC(C)C)C(=O)NCC(=O)NC(CCC(=O)N)C(=O)NC(CC(C)C)C(=O)NC(CO)C(=O)NC(C)C(=O)NC(CCCNC(=N)N)C(=O)NC(CCCCN)C(=O)NC(CC(C)C)C(=O)NC(CC(C)C)C(=O)NC(CCC(=O)N)C(=O)NC(CC(=O)O)C(=O)NC(C(C)CC)C(=O)NC(CCSC)C(=O)NC(CO)C(=O)NC(CCCNC(=N)N)C(=O)NC(CCCCNC(=O)CCN3C(=O)C=CC3=O)C(=O)N)NC(=O)C(C)NC(=O)C(CC(=O)O)NC(=O)C(C)NC(=O)C(CC4=CC=C(C=C4)O)N,0.09870595279980422,0.3698140640663386,0.2337273286829978
CJC-1295,CCC(C)C(C(=O)NC(CC1=CC=CC=C1)C(=O)NC(C(C)O)C(=O)NC(CCC(=O)N)C(=O)NC(CO)C(=O)NC(CC2=CC=C(C=C2)O)C(=O)NC(CCCNC(=N)N)C(=O)NC(CCCCN)C(=O)NC(C(C)C)C(=O)NC(CC(C)C)C(=O)NC(C)C(=O)NC(CCC(=O)N)C(=O)NC(CC(C)C)C(=O)NC(CO)C(=O)NC(C)C(=O)NC(CCCNC(=N)N)C(=O)NC(CCCCN)C(=O)NC(CC(C)C)C(=O)NC(CC(C)C)C(=O)NC(CCC(=O)N)C(=O)NC(CC(=O)O)C(=O)NC(C(C)CC)C(=O)NC(CC(C)C)C(=O)NC(CO)C(=O)NC(CCCNC(=N)N)C(=O)NC(CCCCNC(=O)CCN3C(=O)C=CC3=O)C(=O)N)NC(=O)C(C)NC(=O)C(CC(=O)O)NC(=O)C(C)NC(=O)C(CC4=CC=C(C=C4)O)N,0.09167055232496707,0.3611754870080746,0.22835082569252438
Clephedrone,CC(C(=O)C1=CC=C(C=C1)Cl)NC,0.21659365474809547,0.7870918097902425,0.31089630802351825
Clocapramine,C1CCN(CC1)C2(CCN(CC2)CCCN3C4=CC=CC=C4CCC5=C3C=C(C=C5)Cl)C(=O)N,0.06079760063446019,0.5572991652100512,0.07511204352237036
Clofekton,C1CCN(CC1)C2(CCN(CC2)CCCN3C4=CC=CC=C4CCC5=C3C=C(C=C5)Cl)C(=O)N.Cl.Cl,0.06738093396779353,0.6241657998739654,0.07636204352237037
Clomipramine,CN(C)CCCN1C2=CC=CC=C2CCC3=C1C=C(C=C3)Cl,0.0989079873297867,0.7231683880803347,0.10626080280531217
Clonazepam,C1C(=O)NC2=C(C=C(C=C2)[N+](=O)[O-])C(=N1)C3=CC=CC=C3Cl,0.4946918118063602,0.8797645943452269,0.3956245282134411
Clonazolam,CC1=NN=C2N1C3=C(C=C(C=C3)[N+](=O)[O-])C(=NC2)C4=CC=CC=C4Cl,0.406206400976614,0.8797389027318414,0.34552130313820767
Clonidine,C1CN=C(N1)NC2=C(C=CC=C2Cl)Cl,0.25873004415323514,0.37580832618316135,0.2483764273207019
Cloniprazepam,C1CC1CN2C(=O)CN=C(C3=C2C=CC(=C3)[N+](=O)[O-])C4=CC=CC=C4Cl,0.34552205376197337,0.780587353126228,0.35775772732809885
Clonitazene,CCN(CC)CCN1C2=C(C=C(C=C2)[N+](=O)[O-])N=C1CC3=CC=C(C=C3)Cl,0.38908988450985715,0.8490176776156518,0.3944826569064447
Clopenthixol,C1CN(CCN1CCC=C2C3=CC=CC=C3SC4=C2C=C(C=C4)Cl)CCO,0.039918790583487136,0.40823068281468095,0.08790758149787063
Clopenthixol decanoate,CCCCCCCCCC(=O)OCCN1CCN(CC1)CCC=C2C3=CC=CC=C3SC4=C2C=C(C=C4)Cl,0.05117426555481244,0.4544742394905731,0.12089436374559838
Clophedrone,CC(C(=O)C1=CC(=CC=C1)Cl)NC,0.16453791361929151,0.7448365342472684,0.26777357936769125
Clopimozide,C1CN(CCC1N2C3=C(C=C(C=C3)Cl)NC2=O)CCCC(C4=CC=C(C=C4)F)C5=CC=C(C=C5)F,0.053161263337160695,0.5604030192577077,0.0845681949782333
Clopixol,C1CN(CCN1CCC=C2C3=CC=CC=C3SC4=C2C=C(C=C4)Cl)CCO,0.039918790583487136,0.40823068281468095,0.08790758149787063
Clorotepine,CN1CCN(CC1)C2CC3=CC=CC=C3SC4=C2C=C(C=C4)Cl,0.08637880547796611,0.6625572046150867,0.10861306529478117
Clostebol,CC12CCC3C(C1CCC2O)CCC4=C(C(=O)CCC34C)Cl,0.31653460697367675,0.4917586520231682,0.45381025824330884
Clotepin,CN1CCN(CC1)C2CC3=CC=CC=C3SC4=C2C=C(C=C4)Cl,0.08637880547796611,0.6625572046150867,0.10861306529478117
Clotiapine,CN1CCN(CC1)C2=NC3=CC=CC=C3SC4=C2C=C(C=C4)Cl,0.07222785914635611,0.5701100454296937,0.10006443479851773
Cloxan,CN(C)CCC=C1C2=CC=CC=C2SC3=C1C=C(C=C3)Cl,0.1749534972513285,0.4590685925085227,0.15393981123046568
Clozapine,CN1CCN(CC1)C2=NC3=C(C=CC(=C3)Cl)NC4=CC=CC=C42,0.0776116363130412,0.5647960677747088,0.11610707962744529
Clozaril,CN1CCN(CC1)C2=NC3=C(C=CC(=C3)Cl)NC4=CC=CC=C42,0.0776116363130412,0.5647960677747088,0.11610707962744529
CMY,C(CCCNC=O)CCN,0.3959240269909961,0.33618620501112273,0.3545888631073924
Coaxil,CN1C2=CC=CC=C2C(C3=C(S1(=O)=O)C=C(C=C3)Cl)NCCCCCCC(=O)O,0.10059608330573357,0.5777190445847463,0.12348610619216065
Cocaine,CN1C2CCC1C(C(C2)OC(=O)C3=CC=CC=C3)C(=O)OC,0.1003999526797663,0.6521152831445504,0.13974936378251443
Codeine,CN1CCC23C4C1CC5=C2C(=C(C=C5)OC)OC3C(C=C4)O,0.09969695629841528,0.810354481057553,0.08911701169390178
Codeine methylbromide,C[N+]1(CCC23C4C1CC5=C2C(=C(C=C5)OC)OC3C(C=C4)O)C.[Br-],0.20229931200147175,0.730441180271555,0.23426553891519128
Coluracetam,CC1=C(OC2=NC3=C(CCCC3)C(=C12)NC(=O)CN4CCCC4=O)C,0.14539663064339137,0.20022093116307565,0.1635481226913963
Compazine,CN1CCN(CC1)CCCN2C3=CC=CC=C3SC4=C2C=C(C=C4)Cl,0.019658368283458204,0.6591392496334981,0.039231828816096645
Concerta,COC(=O)C(C1CCCCN1)C2=CC=CC=C2,0.10501197549203044,0.7450106469152088,0.1328588103736257
Conflictan,CC(C)N1CCOC(C1)C2=CC(=CC=C2)C(F)(F)F.Cl,0.206052306584007,0.4334324230217391,0.24245907236105846
CP-F,C1CCC(C1)C(=O)N(C2CCN(CC2)CCC3=CC=CC=C3)C4=CC=CC=C4,0.06233428906896542,0.741479315653352,0.1111193420315222
CPM,CCN(CC)C1=CC2=C(C=C1)C(=C(C(=O)O2)C3=CC=C(C=C3)N4C(=O)C=CC4=O)C,0.26419392273298226,0.4270179886089896,0.2789245232324721
Creatine,CN(CC(=O)O)C(=N)N,0.35938128131681024,0.3301299778297944,0.20705730867159058
Cremin,C1CCN2C(C1)NC(=O)C23CCN(CC3)CCCN4C5=CC=CC=C5CCC6=C4C=C(C=C6)Cl.Cl.Cl,0.054052563902576775,0.6988963842116407,0.08765424151350885
Crotonylfentanyl,CC=CC(=O)N(C1CCN(CC1)CCC2=CC=CC=C2)C3=CC=CC=C3,0.07943676408031596,0.7764371885478463,0.09708574317312044
CX-59,CN(C)CCC1=CNC2=C1C(=CC=C2)O,0.28953888612869627,0.9056328228673017,0.27108072669690025
CY-39,CN(C)CCC1=CNC2=C1C(=CC=C2)OP(=O)(O)O,0.22108015697344488,0.8986863127406747,0.21253293180762117
Cyamemazine,CC(CN1C2=CC=CC=C2SC3=C1C=C(C=C3)C#N)CN(C)C,0.1512261796745661,0.556804903364608,0.1685933470844233
CYB003,CN(C)CCC1=CNC2=C1C(=CC=C2)O,0.28953888612869627,0.9056328228673017,0.27108072669690025
CYB210010,COC1=CC(=C(C=C1CCN)OC)SC(F)(F)F,0.24692093453474334,0.9220465859542726,0.2740908372473415
Cyclazodone,C1CC1N=C2NC(=O)C(O2)C3=CC=CC=C3,0.29016404714816957,0.2279758156953773,0.24816024393051803
Cyclopentylfentanyl,C1CCC(C1)C(=O)N(C2CCN(CC2)CCC3=CC=CC=C3)C4=CC=CC=C4,0.06233428906896542,0.7414793156533519,0.1111193420315222
Cyclopropylfentanyl,C1CC1C(=O)N(C2CCN(CC2)CCC3=CC=CC=C3)C4=CC=CC=C4,0.05645440118174522,0.7552953641881506,0.11114831989570773
Cyclopropylmescaline,COC1=CC(=CC(=C1OCC2CC2)OC)CCN,0.20532864084338281,0.823360241758877,0.19730071237555194
Cymbalta,CNCCC(C1=CC=CS1)OC2=CC=CC3=CC=CC=C32.Cl,0.27935339821064803,0.5882189108657586,0.24915048480907914
CZ-74,CCN(CC)CCC1=CNC2=C1C(=CC=C2)O,0.24938430106633314,0.9123311548878134,0.282044761763942
Dalcetin,CC(=O)OC1=CC=CC2=C1C(=CN2)CCN(CC=C)CC=C,0.2347940862353263,0.8941988699255359,0.24911898983966627
Dalocin,C=CCN(CCC1=CNC2=C1C(=CC=C2)O)CC=C,0.3457149737194094,0.8886279997079659,0.33661557442290335
DALT,C=CCN(CCC1=CNC2=CC=CC=C21)CC=C,0.36259566947396427,0.8736032174607412,0.3217284891083863
Dartal,CC(=O)OCCN1CCN(CC1)CCCN2C3=CC=CC=C3SC4=C2C=C(C=C4)Cl,0.03464086589906408,0.742578446961332,0.06729620393947139
Dartalan,CC(=O)OCCN1CCN(CC1)CCCN2C3=CC=CC=C3SC4=C2C=C(C=C4)Cl,0.03464086589906408,0.7425784469613319,0.06729620393947139
DB-MDBP,C1CN(CCN1)CC2=CC3=C(C=C2)OC(O3)(F)F,0.14913796744494326,0.5672476781534772,0.14748423236596656
Death,CC(CC1=CC=C(C=C1)OC)N,0.303048055564628,0.7235314938081061,0.2662806471767292
Defanyl,C1CN(CCN1)C2=NC3=CC=CC=C3OC4=C2C=C(C=C4)Cl,0.13971463704661463,0.6141859661460062,0.1797749085661831
Defekton,C1CCN(CC1)C2(CCN(CC2)CCCN3C4=CC=CC=C4CCC5=CC=CC=C53)C(=O)N.O.Cl.Cl,0.06780434096466724,0.6173732606978111,0.06932274750021464
Delcaine,CN1C2CCC1C(C(C2)OC(=O)C3=CC=CC=C3)C(=O)OC,0.1003999526797663,0.6521152831445504,0.13974936378251443
Delorazepam,C1C(=O)NC2=C(C=C(C=C2)Cl)C(=N1)C3=CC=CC=C3Cl,0.22383339690183854,0.8005465376492079,0.20518771996131271
Delta-8-THC,CCCCCC1=CC(=C2C3CC(=CCC3C(OC2=C1)(C)C)C)O,0.23723694137551884,0.7355065911795121,0.49153205706197506
Delta sleep-inducing peptide,CC(C(=O)NCC(=O)NCC(=O)NC(CC(=O)O)C(=O)NC(C)C(=O)NC(CO)C(=O)NCC(=O)NC(CCC(=O)O)C(=O)O)NC(=O)C(CC1=CNC2=CC=CC=C21)N,0.061464547071732475,0.5637402704453729,0.09985931965609637
Demexiptiline,CNCCON=C1C2=CC=CC=C2C=CC3=CC=CC=C31,0.36890563595091885,0.5178561893850585,0.2586879340288995
Demolox,C1CN(CCN1)C2=NC3=CC=CC=C3OC4=C2C=C(C=C4)Cl,0.13971463704661463,0.6141859661460062,0.1797749085661831
Deoxymethoxetamine,CCNC1(CCCCC1=O)C2=CC=CC(=C2)C,0.226405978328991,0.7720042406575085,0.21075897904783505
Deparon,CNCCON=C1C2=CC=CC=C2C=CC3=CC=CC=C31.Cl,0.37563831993360286,0.6254754981718779,0.2598754340288995
Depixol,C1CN(CCN1CCC=C2C3=CC=CC=C3SC4=C2C=C(C=C4)C(F)(F)F)CCO.Cl.Cl,0.05680702884568858,0.5322356951486309,0.11430137504381692
depracetin,CCCN(CCC)CCC1=CNC2=C1C(=CC=C2)OC(=O)C,0.1871052699489207,0.913928979735712,0.19841386293143257
Deprenon,CN1CC(CC2C1CC3=CNC4=CC=CC2=C34)CC(=O)N.C(C(C(=O)O)O)(C(=O)O)O.C(C(C(=O)O)O)(C(=O)O)O,0.07876635606064107,0.4391973991505641,0.10920413524732005
Depressin,C[N+](C)(C)CCCCCC[N+](C)(C)C.[Cl-].[Cl-],0.6360431586232115,0.4803885267833848,0.54006503369526
deprocin,CCCN(CCC)CCC1=CNC2=C1C(=CC=C2)O,0.28047536671426265,0.9101221890021514,0.28921156169813195
Depsococaine,CN1C2CCC1C(C(C2)OC(=O)C3=CC=CC=C3)C(=O)OC,0.1003999526797663,0.6521152831445504,0.13974936378251443
Deschloroclotizolam,CC1=NN=C2N1C3=C(C=C(S3)Cl)C(=NC2)C4=CC=CC=C4,0.12769690196903613,0.6018485743038833,0.14527452183866307
Deschloroethylnorketamine,CCNC1(CCCCC1=O)C2=CC=CC=C2Cl,0.21809761551985865,0.6692220527426715,0.2474479741424522
Deschloroetizolam,CCC1=CC2=C(S1)N3C(=NN=C3CN=C2C4=CC=CC=C4)C,0.14113666303757846,0.5738916551402303,0.1130794802143979
Deschloroketamine,CNC1(CCCCC1=O)C2=CC=CC=C2,0.2651270901053188,0.7098249556321431,0.21095670225559204
Desipramine,CNCCCN1C2=CC=CC=C2CCC3=CC=CC=C31,0.1101610550148232,0.7131451760200097,0.13011657832860163
Desmethyletizolam,CCC1=CC2=C(S1)N3C=NN=C3CN=C2C4=CC=CC=C4Cl,0.12196056490877379,0.5365524382776519,0.1508143002841714
Desmethylflunitrazepam,C1C(=O)NC2=C(C=C(C=C2)[N+](=O)[O-])C(=N1)C3=CC=CC=C3F,0.4780165350977519,0.8644007732653789,0.40215689530869075
Desmethylmoramide,C1CCN(C1)C(=O)C(CCN2CCOCC2)(C3=CC=CC=C3)C4=CC=CC=C4,0.0833037341303125,0.422398439280476,0.08922168902730228
Desmethylprodine,CCC(=O)OC1(CCN(CC1)C)C2=CC=CC=C2,0.08708282711221628,0.45707799753214523,0.10841265532022511
Desnitroetonitazene,CCN(CC)CCN1C2=CC=CC=C2N=C1CC3=CC=C(C=C3)OCC,0.11460719821437976,0.5114943189714173,0.16228370981205642
Desocodeine,CN1CCC23C4C1CC5=C2C(=C(C=C5)OC)OC3CCC4,0.11931298242630525,0.7971072874678776,0.09855259896463008
Desomorphine,CN1CCC23C4C1CC5=C2C(=C(C=C5)O)OC3CCC4,0.10072537944207431,0.7855996666078557,0.12290544085789534
desoxy,CC1=C(C=C(C=C1OC)CCN)OC,0.3263947900460098,0.8630403478938189,0.28128009819490113
Desoxymethyltestosterone,CC12CCC3C(C1CCC2(C)O)CCC4C3(CC=CC4)C,0.4340927049572134,0.5746478315836647,0.6271149792532952
Desoxypipradrol,C1CCNC(C1)C(C2=CC=CC=C2)C3=CC=CC=C3,0.2557075647638783,0.5192095055051204,0.22699760730702173
Desvenlafaxine,CN(C)CC(C1=CC=C(C=C1)O)C2(CCCCC2)O,0.1733517176877355,0.6450466458229894,0.3711008228184398
Desyrel,C1CN(CCN1CCCN2C(=O)N3C=CC=CC3=N2)C4=CC(=CC=C4)Cl.Cl,0.056183538419101176,0.5949650453741684,0.102661740476109
deupsilocin,CN(C)CCC1=CNC2=C1C(=CC=C2)O,0.28953888612869627,0.9056328228673017,0.27108072669690025
Dexmethylphenidate,COC(=O)C(C1CCCCN1)C2=CC=CC=C2,0.10501197549203044,0.7450106469152088,0.1328588103736257
Dextroamphetamine,CC(CC1=CC=CC=C1)N,0.2217006216415428,0.7060551858074544,0.18628740776091493
Dextrocaine,CN1C2CCC1C(C(C2)OC(=O)C3=CC=CC=C3)C(=O)OC,0.1003999526797663,0.6521152831445504,0.13974936378251443
Dextromethorphan,CN1CCC23CCCCC2C1CC4=C3C=C(C=C4)OC,0.12909253710830632,0.6723579107167513,0.15918108100349193
Dextropropoxyphene,CCC(=O)OC(CC1=CC=CC=C1)(C2=CC=CC=C2)C(C)CN(C)C,0.1415561897561283,0.34346673108476217,0.1725737171949545
Dextrorphan,CN1CCC23CCCCC2C1CC4=C3C=C(C=C4)O,0.11857915171459558,0.5688797590939756,0.2199655273625333
DFE,C(C(OCC(F)(F)F)(F)F)O,0.49386782094781945,0.35616218207085615,0.43344018178011795
DFM,CC(=O)NC(CC1=CC=CC=C1)C(=O)NC(CC2=CC=C(C=C2)C(F)(F)P(=O)(O)O)C(=O)N,0.14657841087664442,0.42984135772225857,0.16017929554707536
DF-MDBP,C1CN(CCN1)CC2=CC3=C(C=C2)OC(O3)(F)F,0.14913796744494326,0.5672476781534772,0.14748423236596656
Diacetyldihydromorphine,CC(=O)OC1CCC2C3CC4=C5C2(C1OC5=C(C=C4)OC(=O)C)CCN3C,0.11643311051378694,0.7550863499128142,0.13100127408538206
Diacetylmorphine,CC(=O)OC1C=CC2C3CC4=C5C2(C1OC5=C(C=C4)OC(=O)C)CCN3C,0.08869757278755434,0.7556912333487728,0.09806056612302642
Diallyltryptamine,C=CCN(CCC1=CNC2=CC=CC=C21)CC=C,0.36259566947396427,0.8736032174607412,0.3217284891083863
Diazepam,CN1C(=O)CN=C(C2=C1C=CC(=C2)Cl)C3=CC=CC=C3,0.1160611741117226,0.704560549226158,0.16619129572534888
Dibenzepin,CN1C2=CC=CC=C2C(=O)N(C3=CC=CC=C31)CCN(C)C,0.1550622046695326,0.6096368605191723,0.1149069180644776
Dibenzoylmorphine,CN1CCC23C4C1CC5=C2C(=C(C=C5)OC(=O)C6=CC=CC=C6)OC3C(C=C4)OC(=O)C7=CC=CC=C7,0.0743708597383382,0.6952792794898524,0.11989505702216526
Dibenzylpiperazine,C1CN(CCN1CC2=CC=CC=C2)CC3=CC=CC=C3,0.1504708866678707,0.38745767450875346,0.14583541393798014
Dibutylone,CCC(C(=O)C1=CC2=C(C=C1)OCO2)N(C)C,0.188664831963868,0.7804733626866017,0.17364062230631117
Dibutyltryptamine,CCCCN(CCCC)CCC1=CNC2=CC=CC=C21,0.255736073432521,0.8973289360396118,0.273393045565167
Dibutyrylmorphine,CCCC(=O)OC1C=CC2C3CC4=C5C2(C1OC5=C(C=C4)OC(=O)CCC)CCN3C,0.07208470772219211,0.8047632311158656,0.09624623222251741
Dichloropane,COC(=O)C1C2CCC(N2)CC1C3=CC(=C(C=C3)Cl)Cl,0.13161679966704423,0.45065306869938015,0.275759477852965
Diclazepam,CN1C(=O)CN=C(C2=C1C=CC(=C2)Cl)C3=CC=CC=C3Cl,0.09685675663534778,0.7625372652161474,0.14980449201273968
Diethyl ether,CCOCC,0.7251354991124103,0.3356139294932054,0.6330316067664548
Diethyltryptamine,CCN(CC)CCC1=CNC2=CC=CC=C21,0.24702423796696188,0.9059300660992513,0.2611918056756571
Difludiazepam,CN1C(=O)CN=C(C2=C1C=CC(=C2)Cl)C3=C(C=CC=C3F)F,0.12777280062015506,0.7066112099013689,0.19033692078077064
Difluoromethylenedioxyamphetamine,CC(CC1=CC2=C(C=C1)OC(O2)(F)F)N,0.23852049926957034,0.7535320437780917,0.24922226933839264
Difluoromethylenedioxybenzylpiperazine,C1CN(CCN1)CC2=CC3=C(C=C2)OC(O3)(F)F,0.14913796744494326,0.5672476781534772,0.14748423236596656
DiFMDA,CC(CC1=CC2=C(C=C1)OC(O2)(F)F)N,0.23852049926957034,0.7535320437780918,0.24922226933839264
Dihydrocodeine,CN1CCC23C4C1CC5=C2C(=C(C=C5)OC)OC3C(CC4)O,0.12460252004816948,0.8130435490149628,0.10082911370231395
dihydrodesoxymorphine,CN1CCC23C4C1CC5=C2C(=C(C=C5)O)OC3CCC4,0.10072537944207431,0.7855996666078557,0.12290544085789534
dihydroheroin,CC(=O)OC1CCC2C3CC4=C5C2(C1OC5=C(C=C4)OC(=O)C)CCN3C,0.11643311051378694,0.7550863499128142,0.13100127408538206
dihydroheterocodeine,CN1CCC23C4C1CC5=C2C(=C(C=C5)O)OC3C(CC4)OC,0.12454554195357179,0.828442965056101,0.13848254625811435
Dihydromorphine,CN1CCC23C4C1CC5=C2C(=C(C=C5)O)OC3C(CC4)O,0.10763708351204002,0.8151970636861426,0.13260967026887768
Diisopropyltryptamine,CC(C)N(CCC1=CNC2=CC=CC=C21)C(C)C,0.23480289304892316,0.8947489897454743,0.2341294533036849
Dilaudid,CN1CCC23C4C1CC5=C2C(=C(C=C5)O)OC3C(=O)CC4,0.10518053070572315,0.78747804210425,0.13829457628822203
dimemebfe,CN(C)CCC1=COC2=C1C=C(C=C2)OC,0.27549172121476456,0.689874358377881,0.24360305202786428
Dimetacrine,CC1(C2=CC=CC=C2N(C3=CC=CC=C31)CCCN(C)C)C,0.16564836626027785,0.6537123599897942,0.13979996567434994
Dimethandrolone,CC1CC2=CC(=O)CCC2C3C1C4CCC(C4(CC3C)C)O,0.29810605036092397,0.4864816509115669,0.6009565780669913
Dimethylmorphine,CN1CCC23C4C1CC5=C2C(=C(C=C5)OC)OC3C(C=C4)OC,0.12628397300299019,0.8152822110328753,0.09996796896209957
Dimethylone,CC(C(=O)C1=CC2=C(C=C1)OCO2)N(C)C,0.21155691186419914,0.7627671618708186,0.2536582034072111
Dimethyltrienolone,CC1CC2=CC(=O)CCC2=C3C1C4CCC(C4(C=C3)C)(C)O,0.2558325196794836,0.4705649613395272,0.6289120885674965
dionine,CCOC1=C2C3=C(CC4C5C3(CCN4C)C(O2)C(C=C5)O)C=C1,0.08674113707805108,0.7360012107757814,0.11949506811194756
Dipentylone,CCCC(C(=O)C1=CC2=C(C=C1)OCO2)N(C)C,0.18291491468606652,0.7875828511839988,0.17338685277350802
Diphenhydramine,CN(C)CCOC(C1=CC=CC=C1)C2=CC=CC=C2,0.23781956758192307,0.45977656457249055,0.20247710643440645
Diphenidine,C1CCN(CC1)C(CC2=CC=CC=C2)C3=CC=CC=C3,0.13665642064395983,0.5692725033398359,0.1567366867343678
Diphenpipenol,COC1=CC=CC=C1N2CCN(CC2)C(CC3=CC(=CC=C3)O)C4=CC=CC=C4,0.08396671586711381,0.5802547691731206,0.15072053995423737
Dipiperal,C1CCN(CC1)C2(CCN(CC2)CCCC(=O)C3=CC=C(C=C3)F)C(=O)N,0.04622506409942603,0.6606652229626506,0.07507082622809133
Dipiperon,C1CCN(CC1)C2(CCN(CC2)CCCC(=O)C3=CC=C(C=C3)F)C(=O)N,0.04622506409942603,0.6606652229626506,0.07507082622809133
Dipropanoylmorphine,CCC(=O)OC1C=CC2C3CC4=C5C2(C1OC5=C(C=C4)OC(=O)CC)CCN3C,0.06810061525650526,0.7934151515140583,0.09687375452737637
Dipropyltryptamine,CCCN(CCC)CCC1=CNC2=CC=CC=C21,0.28174183033369593,0.9066768414385075,0.26887502309002703
DiPT,CC(C)N(CCC1=CNC2=CC=CC=C21)C(C)C,0.23480289304892316,0.8947489897454743,0.2341294533036849
Dipyanone,CCC(=O)C(CC(C)N1CCCC1)(C2=CC=CC=C2)C3=CC=CC=C3,0.08517207591061092,0.4852375683296654,0.1323554201868863
Dixeran,CC1(C2=CC=CC=C2C(=CCCN(C)C)C3=CC=CC=C31)C,0.3068820008833465,0.4064605137023482,0.27220667320535336
Dixyrazine,CC(CN1CCN(CC1)CCOCCO)CN2C3=CC=CC=C3SC4=CC=CC=C42,0.11817015952414339,0.6155056087463621,0.12153179249889051
Dizocilpine,CC12C3=CC=CC=C3CC(N1)C4=CC=CC=C24,0.19023280594579364,0.45922757099802014,0.2960630984559932
DMXE,CCNC1(CCCCC1=O)C2=CC=CC(=C2)C,0.226405978328991,0.7720042406575085,0.2107589790478351
DOAM,CCCCCC1=CC(=C(C=C1OC)CC(C)N)OC,0.2849506448303309,0.9177652092710745,0.3177009642688662
DOB,CC(CC1=CC(=C(C=C1OC)Br)OC)N,0.28844489270279633,0.9115597607785628,0.31788496759674123
DOB-DragonFLY,CC(CC1=C2C=COC2=C(C3=C1OC=C3)Br)N,0.36463706014789926,0.719689560541591,0.3804846690121868
DOBU,CCCCC1=CC(=C(C=C1OC)CC(C)N)OC,0.2819591474584525,0.9174541909726902,0.3021081268980899
DOC,CC12CCC3C(C1CCC2C(=O)CO)CCC4=CC(=O)CCC34C,0.38183041132632634,0.36756648021270444,0.5581644493129763
DOEF,CC(CC1=C(C=C(C(=C1)OC)CCF)OC)N,0.23856720356196007,0.9274725788850827,0.26357288583007354
DOET,CCC1=CC(=C(C=C1OC)CC(C)N)OC,0.28625523374137374,0.8599838761722947,0.29092397348552873
DOI,CC(CC1=CC(=C(C=C1OC)I)OC)N,0.30663428549637545,0.90757965951463,0.29241576717688755
DOiP,CCCCC(CC)COC(=O)C1=CC(=CC=C1)C(=O)OCC(CC)CCCC,0.2560564967471699,0.3206329852433488,0.6974454886512561
DOiPR,CC(C)C1=C(C=C(C(=C1)OC)CC(C)N)OC,0.26515548972513725,0.8861231362689643,0.23784355238383056
DOM,CC1=CC(=C(C=C1OC)CC(C)N)OC,0.3023274812890238,0.8950032578238348,0.2766088617771923
Dopamine,C1=CC(=C(C=C1CCN)O)O,0.29883515453325826,0.3661726251723704,0.4402060223238471
DOPR,CCCC1=CC(=C(C=C1OC)CC(C)N)OC,0.3011903722432576,0.9244458928056276,0.28688650191117865
Dormicum,CC1=NC=C2N1C3=C(C=C(C=C3)Cl)C(=NC2)C4=CC=CC=C4F,0.09274921260925599,0.48993388391503856,0.13632491750896394
Dosulepin,CN(C)CCC=C1C2=CC=CC=C2CSC3=CC=CC=C31,0.17515271229257892,0.5425640501777519,0.17581293375262014
Doxepin,CN(C)CCC=C1C2=CC=CC=C2COC3=CC=CC=C31,0.17810785275738478,0.4573926007731164,0.13956901541646866
DPH,C1=CC=C(C=C1)N2C=C(C(=N2)C3=CC=C(C=C3)F)C4C(=O)NC(=O)N4,0.13367267905085703,0.4139488575318414,0.15085232291603962
D-Phe,C1=CC=C(C=C1)CC(C(=O)O)N,0.1772625390086894,0.3358472143839666,0.14408988757107885
D-Phenylalanine,C1=CC=C(C=C1)CC(C(=O)O)N,0.1772625390086894,0.3358472143839666,0.14408988757107885
Drazine,CC(COC1=CC=CC=C1)NN.C(=CC(=O)O)C(=O)O,0.14713972759168323,0.42827434825667976,0.1928737931630264
Dridol,C1CN(CC=C1N2C3=CC=CC=C3NC2=O)CCCC(=O)C4=CC=C(C=C4)F,0.05917527480887732,0.48998490950509255,0.09125592692108869
Droleptan,C1CN(CC=C1N2C3=CC=CC=C3NC2=O)CCCC(=O)C4=CC=C(C=C4)F,0.05917527480887732,0.48998490950509255,0.09125592692108869
Droperidol,C1CN(CC=C1N2C3=CC=CC=C3NC2=O)CCCC(=O)C4=CC=C(C=C4)F,0.05917527480887732,0.48998490950509255,0.09125592692108869
DU-29894,C1CN(CCN1CC2=CC=C(N2)C3=CC=C(C=C3)F)C4=CC=CC5=C4OC=C5,0.11678419090777048,0.5371669861169832,0.11312165589079695
Duloxetine,CNCCC(C1=CC=CS1)OC2=CC=CC3=CC=CC=C32,0.2644488604211176,0.5256722964935383,0.2491504848090791
Dutonin,CCC1=NN(C(=O)N1CCOC2=CC=CC=C2)CCCN3CCN(CC3)C4=CC(=CC=C4)Cl.Cl,0.056984675576053724,0.6328699890888124,0.07224298103643284
DXM,CN1CCC23CCCCC2C1CC4=C3C=C(C=C4)OC,0.12909253710830632,0.6723579107167513,0.15918108100349193
EAPB,CCC(CC1=CC=CC=C1)NCC,0.22518735521238875,0.5844347661166478,0.195148763534203
EBDB,CCC(CC1=CC2=C(C=C1)OCO2)NCC,0.3337304675235928,0.8110350977462367,0.2211292055445858
Eden,CCC(CC1=CC2=C(C=C1)OCO2)NC,0.332187790183435,0.8164177731799772,0.23655082371268388
EDMA,CC(CC1=CC2=C(C=C1)OCCO2)NC,0.27186530364535527,0.7646660334072253,0.22400303966043977
Edronax,CCOC1=CC=CC=C1OC(C2CNCCO2)C3=CC=CC=C3,0.15900688268370744,0.43672410296263736,0.21108150596056588
Efavirenz,C1CC1C#CC2(C3=C(C=CC(=C3)Cl)NC(=O)O2)C(F)(F)F,0.23759653535044845,0.31630767601200044,0.2802994076159629
Effexor,CN(C)CC(C1=CC=C(C=C1)OC)C2(CCCCC2)O.Cl,0.16914717577697524,0.7241716504041134,0.22828288776703368
EFLEA,CC(CC1=CC2=C(C=C1)OCCO2)N(C)O,0.20999501709553225,0.6432947354440742,0.23718674711001178
Eglonyl,CCN1CCCC1CNC(=O)C2=C(C=CC(=C2)S(=O)(=O)N)OC,0.0939400116297538,0.5781123556951203,0.10139644721990436
EiPT,CCN(CCC1=CNC2=CC=CC=C21)C(C)C,0.2193144031484156,0.8930851472297933,0.22792462531904736
Elamol,CC1=CC=CC=C1C(C2=CC=CC=C2)OCCNC,0.21227224592241536,0.5990869457183033,0.2595269581575237
Elanone-V,C1CN(CCC1C(=O)C2=CC=C(C=C2)F)CCCC(=O)C3=CC=C(C=C3)F.Cl,0.044286460049763665,0.677322418778983,0.054100080717212194
Elavil,CN(C)CCC=C1C2=CC=CC=C2CCC3=CC=CC=C31,0.1649622666537211,0.5265102396237628,0.16294707119840232
Eldepryl,CC(CC1=CC=CC=C1)N(C)CC#C.Cl,0.20456033853894035,0.6868668898810126,0.18948331923178954
Elemicin,COC1=CC(=CC(=C1OC)OC)CC=C,0.45914441711332543,0.5978558675903057,0.3186707747120564
Elen,C1COC(CN1)COC2=CC=CC3=C2CC=C3.Cl,0.24364588097947604,0.6043035422041013,0.23005746345158137
Elepsin,C[N+](C)(CCCN1C2=CC=CC=C2CCC3=CC=CC=C31)[O-],0.16468957981053417,0.7498540594634051,0.1500919784986091
Elontril,CC(C(=O)C1=CC(=CC=C1)Cl)NC(C)(C)C,0.14274743973283216,0.576074005925613,0.27648084516846394
Elopiprazole,C1CN(CCN1CC2=CC=C(N2)C3=CC=C(C=C3)F)C4=CC=CC5=C4OC=C5,0.11678419090777048,0.5371669861169832,0.11312165589079695
Elronon,C[NH+](C)CCON=C1C2=CC=CC=C2CCC3=CC=CC=C31.[Cl-],0.19871807931193552,0.35703117399337586,0.2390525514809137
Emilace,CC1C(CCN1CC2=CC=CC=C2)NC(=O)C3=CC(=C(C=C3OC)NC)Cl,0.08341040518155961,0.44543666476552074,0.14555616383442266
Emsam,CC(CC1=CC=CC=C1)N(C)CC#C,0.18499587034947212,0.6252946810297844,0.18948331923178954
Endep,CN(C)CCC=C1C2=CC=CC=C2CCC3=CC=CC=C31.Cl,0.18969490607615622,0.6327975246463406,0.16294707119840232
Enobosarm,CC(COC1=CC=C(C=C1)C#N)(C(=O)NC2=CC(=C(C=C2)C#N)C(F)(F)F)O,0.20578620325182848,0.1724059921397349,0.6512665112799451
Entumine,CN1CCN(CC1)C2=NC3=CC=CC=C3SC4=C2C=C(C=C4)Cl,0.07222785914635611,0.5701100454296937,0.10006443479851773
EPH,CCOC(=O)C(C1CCCCN1)C2=CC=CC=C2,0.0813375268225808,0.6744242436130483,0.1317725141604521
Ephedrine,CC(C(C1=CC=CC=C1)O)NC,0.28152235230994244,0.41023677864562663,0.3539321681366697
Ephenidine,CCNC(CC1=CC=CC=C1)C2=CC=CC=C2,0.22565978274675869,0.5479937638333908,0.21252178984416525
Ephenidine-2,CCN(C)C(CC1=CC=CC=C1)C2=CC=CC=C2,0.20791430842888084,0.5043129074962924,0.1925865489072483
Ephylone,CCCC(C(=O)C1=CC2=C(C=C1)OCO2)NCC,0.15959128121248045,0.8241062047995652,0.18829471325005628
Epiandrosterone,CC12CCC(CC1CCC3C2CCC4(C3CCC4=O)C)O,0.3340015367865979,0.48966912025902304,0.5312795396238804
Eprobemide,C1COCCN1CCCNC(=O)C2=CC=C(C=C2)Cl,0.06475914542066358,0.48368980848437926,0.10800327949887813
Equilibrin,C[N+](C)(CCC=C1C2=CC=CC=C2CCC3=CC=CC=C31)[O-],0.3078274733154135,0.6064329320165616,0.3371134233823585
Equilium,CCCC(C)(COC(=O)N)COC(=O)N,0.409069874624898,0.397602163318246,0.37232625345782144
Equipertine,CC1=C(C2=CC(=C(C=C2N1)OC)OC)CCN3CCN(CC3)C4=CC=CC=C4,0.06857840203978285,0.5989900073217158,0.10175600060242497
Ergolines,C1CC2C(CC3=CNC4=CC=CC2=C34)NC1,0.29160142252982424,0.5713397639478004,0.30214192389545824
Escaline,CCOC1=C(C=C(C=C1OC)CCN)OC,0.252678069857041,0.8819946734244034,0.24449139949823617
Escitalopram,CN(C)CCCC1(C2=C(CO1)C=C(C=C2)C#N)C3=CC=C(C=C3)F,0.15458426190883318,0.6345825508918774,0.18816448864190508
Esketamine,CNC1(CCCCC1=O)C2=CC=CC=C2Cl,0.2566652999048636,0.6937571277988035,0.2599611694022089
Esucos,CC(CN1CCN(CC1)CCOCCO)CN2C3=CC=CC=C3SC4=CC=CC=C42,0.11817015952414339,0.6155056087463621,0.12153179249889051
Eszopiclone,CN1CCN(CC1)C(=O)OC2C3=NC=CN=C3C(=O)N2C4=NC=C(C=C4)Cl,0.08212668813826283,0.37710607114400985,0.11626717834014673
Etaqualone,CCC1=CC=CC=C1N2C(=NC3=CC=CC=C3C2=O)C,0.18214762964476666,0.6569942230879735,0.245835849134961
Etazene,CCN(CC)CCN1C2=CC=CC=C2N=C1CC3=CC=C(C=C3)OCC,0.11460719821437976,0.5114943189714173,0.16228370981205642
ethacetin,CCN(CC)CCC1=CNC2=C1C(=CC=C2)OC(=O)C,0.16633861290869656,0.9168175125070167,0.1957196308106733
ETH-CAT,CCNC(C)C(=O)C1=CC=CC=C1,0.14660135541949032,0.7935205562330507,0.2273948780090183
Ethcathinone,CCNC(C)C(=O)C1=CC=CC=C1,0.14660135541949032,0.7935205562330507,0.2273948780090183
Ether,CCOCC,0.7251354991124103,0.3356139294932054,0.6330316067664548
ethipracetin,CCN(CCC1=CNC2=C1C(=CC=C2)OC(=O)C)C(C)C,0.15357892123052963,0.902247331424059,0.19063179213876402
ETH-LAD,CCN1CC(C=C2C1CC3=CNC4=CC=CC2=C34)C(=O)N(CC)CC,0.14605051961867105,0.8380635833548751,0.16878199030978677
ethocin,CCN(CC)CCC1=CNC2=C1C(=CC=C2)O,0.24938430106633314,0.9123311548878134,0.282044761763942
Ethocybin,CCN(CC)CCC1=CNC2=C1C(=CC=C2)OP(=O)(O)O,0.1926688440743561,0.9061260373051242,0.2122197962130941
Ethylbenzodioxolylbutanamine,CCC(CC1=CC2=C(C=C1)OCO2)NCC,0.3337304675235928,0.8110350977462367,0.2211292055445858
Ethylenedioxymethylamphetamine,CC(CC1=CC2=C(C=C1)OCCO2)NC,0.27186530364535527,0.7646660334072253,0.22400303966043977
Ethylisopropyltryptamine,CCN(CCC1=CNC2=CC=CC=C21)C(C)C,0.2193144031484156,0.8930851472297933,0.22792462531904736
Ethylmorphine,CCOC1=C2C3=C(CC4C5C3(CCN4C)C(O2)C(C=C5)O)C=C1,0.08674113707805108,0.7360012107757814,0.11949506811194756
Ethylone,CCNC(C)C(=O)C1=CC2=C(C=C1)OCO2,0.14879225759646575,0.8550180425193229,0.18962482595055566
Ethylphenidate,CCOC(=O)C(C1CCCCN1)C2=CC=CC=C2,0.0813375268225808,0.6744242436130484,0.1317725141604521
Ethylpropyltryptamine,CCCN(CC)CCC1=CNC2=CC=CC=C21,0.2678801414292632,0.9087882010346898,0.2688193766601225
Eticyclidine,CCNC1(CCCCC1)C2=CC=CC=C2,0.25247656674062824,0.6678832630208719,0.24068518159267765
Etizolam,CCC1=CC2=C(S1)N3C(=NN=C3CN=C2C4=CC=CC=C4Cl)C,0.1025600458790013,0.6334682137383159,0.107810615662574
Etonin,CCC1=NN(C(=O)N1CC)CCCN2CCN(CC2)C3=CC(=CC=C3)Cl.Cl,0.0602082545294238,0.6655576134024302,0.0802306569013938
Etonitazene,CCN(CC)CCN1C2=C(C=C(C=C2)[N+](=O)[O-])N=C1CC3=CC=C(C=C3)OCC,0.36404865951402693,0.8725401874318105,0.37288395090657994
Etonitazepyne,CCOC1=CC=C(C=C1)CC2=NC3=C(N2CCN4CCCC4)C=CC(=C3)[N+](=O)[O-],0.2843060155009566,0.7931610302688631,0.2949824305556989
Etoperidone,CCC1=NN(C(=O)N1CC)CCCN2CCN(CC2)C3=CC(=CC=C3)Cl,0.056458254529423796,0.5360174624287797,0.07898065690139379
Etryptamine,CCC(CC1=CNC2=CC=CC=C21)N,0.281759458118456,0.7485264423247924,0.26960623558438124
Eunerpan,CC1CC[NH+](CC1)CCCC(=O)C2=CC=C(C=C2)F.[Cl-],0.13735400889390095,0.4949364820222285,0.18087489232365275
Eutylone,CCC(C(=O)C1=CC2=C(C=C1)OCO2)NCC,0.16594629288271054,0.8252412298466816,0.19216240047514355
Evadyne,CC(CC1C2=CC=CC=C2CCC3=CC=CC=C13)CN(C)C,0.17721556132622596,0.5126464956865678,0.17920923974188707
Eve,CCOC=C,0.7854449424195407,0.36242042939106434,0.7114723244026435
Examorelin,CC1=C(C2=CC=CC=C2N1)CC(C(=O)NC(C)C(=O)NC(CC3=CNC4=CC=CC=C43)C(=O)NC(CC5=CC=CC=C5)C(=O)NC(CCCCN)C(=O)N)NC(=O)C(CC6=CN=CN6)N,0.08758697239343173,0.728036665537319,0.13376493299206907
Exxua,CC1(CC(=O)N(C(=O)C1)CCCCN2CCN(CC2)C3=NC=CC=N3)C.Cl,0.0961880395320684,0.5057339117611801,0.10713735305767705
F-15063,CC1(CC2=C(O1)C(=CC=C2)OCCNCC3=CC(=CC=C3)C4=CCCC4)C,0.1565310038859426,0.5143912467636702,0.2002670813569895
Fanapt,CC(=O)C1=CC(=C(C=C1)OCCCN2CCC(CC2)C3=NOC4=C3C=CC(=C4)F)OC,0.0562547555248638,0.42811780090255297,0.10047284759978335
Faverin,COCCCCC(=NOCCN)C1=CC=C(C=C1)C(F)(F)F.C(=CC(=O)O)C(=O)O,0.1515775489043296,0.41019393151916533,0.2890289160087775
FE,[Fe],0.8761737259028188,0.29161100142581875,0.7303049676446932
Fenethylline,CC(CC1=CC=CC=C1)NCCN2C=NC3=C2C(=O)N(C(=O)N3C)C,0.11114064911489799,0.47821694892663225,0.1288654603496704
Fentanyl,CCC(=O)N(C1CCN(CC1)CCC2=CC=CC=C2)C3=CC=CC=C3,0.04203192965914639,0.780569754843306,0.08714281058072292
Fetzima,CCN(CC)C(=O)C1(CC1CN)C2=CC=CC=C2.Cl,0.12316484254943168,0.5962885243549774,0.1259095717526527
Flakka,CCCC(C(=O)C1=CC=CC=C1)N2CCCC2,0.06790431679761855,0.6035892815776637,0.1259119281574378
FLEA,CC(CC1=CC2=C(C=C1)OCO2)N(C)O,0.23411645896406477,0.7525251999739022,0.2316661491447176
Flephedrone,CC(C(=O)C1=CC=C(C=C1)F)NC,0.16299531491027455,0.80477137615269,0.21383520149845497
Flipiperazine,C1CN(CCN1)C2=CC=C(C=C2)F,0.22292547481346212,0.5450998504936123,0.21432811483997619
Fluacizine,CCN(CC)CCC(=O)N1C2=CC=CC=C2SC3=C1C=C(C=C3)C(F)(F)F,0.07642305328579876,0.4579386197939423,0.1484247382555091
Flualprazolam,CC1=NN=C2N1C3=C(C=C(C=C3)Cl)C(=NC2)C4=CC=CC=C4F,0.09696099173645796,0.8142091509980213,0.14433469752414088
Fluanisone,COC1=CC=CC=C1N2CCN(CC2)CCCC(=O)C3=CC=C(C=C3)F,0.04184226488089716,0.6216604312728301,0.054700617110152276
Fluanxol,C1CN(CCN1CCC=C2C3=CC=CC=C3SC4=C2C=C(C=C4)C(F)(F)F)CCO.Cl.Cl,0.05680702884568858,0.5322356951486309,0.11430137504381692
Flubromazepam,C1C(=O)NC2=C(C=C(C=C2)Br)C(=N1)C3=CC=CC=C3F,0.22620035433165156,0.7724321145522502,0.2786843441460682
Flubromazolam,CC1=NN=C2N1C3=C(C=C(C=C3)Br)C(=NC2)C4=CC=CC=C4F,0.12980864839416445,0.8393842986771247,0.21745589348075142
Flubrotizolam,CC1=NN=C2N1C3=C(C=C(S3)Br)C(=NC2)C4=CC=CC=C4F,0.13162430134348907,0.6628575113706081,0.12562016382748684
Flucindole,CN(C)C1CCC2=C(C1)C3=C(N2)C(=CC(=C3)F)F,0.20174146641039822,0.5159716067754482,0.23865064632643207
Fluclotizolam,CC1=NN=C2N1C3=C(C=C(S3)Cl)C(=NC2)C4=CC=CC=C4F,0.1195783919123035,0.6810818373266189,0.124339144863516
Fludiazepam,CN1C(=O)CN=C(C2=C1C=CC(=C2)Cl)C3=CC=CC=C3F,0.10160522051870947,0.753909537447137,0.15302194629805743
Flunitazene,CCN(CC)CCN1C2=C(C=C(C=C2)[N+](=O)[O-])N=C1CC3=CC=C(C=C3)F,0.35392560587403016,0.8349249395323932,0.34728863908965657
Flunitrazepam,CN1C(=O)CN=C(C2=C1C=CC(=C2)[N+](=O)[O-])C3=CC=CC=C3F,0.3785816063817927,0.8679109999143257,0.37577827576257616
Flunitrazolam,CC1=NN=C2N1C3=C(C=C(C=C3)[N+](=O)[O-])C(=NC2)C4=CC=CC=C4F,0.3902737749460853,0.8735770885363379,0.3573835453507692
Fluoperazine,CN1CCN(CC1)CCCN2C3=CC=CC=C3SC4=C2C=C(C=C4)C(F)(F)F.Cl.Cl,0.03445107990009274,0.7312673438165589,0.047378967600037604
Fluoroeticyclidinone,CCNC1(CCCCC1=O)C2=CC(=CC=C2)F,0.17528948856189444,0.7640846306759415,0.2011521469341839
Fluoroketamine,CNC1(CCCCC1=O)C2=CC=CC=C2F,0.20678573960853644,0.7351997356137171,0.2548093156735021
Fluorolintane,C1CCN(C1)C(CC2=CC=CC=C2)C3=CC=CC=C3F,0.11326010555864682,0.5472773154451412,0.1519197813335099
Fluotracen,CC1C2=C(C=C(C=C2)C(F)(F)F)C(C3=CC=CC=C13)CCCN(C)C,0.21451398632769073,0.5273993470279366,0.2723939216774965
Fluoxetine,CNCCC(C1=CC=CC=C1)OC2=CC=C(C=C2)C(F)(F)F,0.17666319895142724,0.6081899167063157,0.2566394299935041
Flupentixol,C1CN(CCN1CCC=C2C3=CC=CC=C3SC4=C2C=C(C=C4)C(F)(F)F)CCO,0.04225048514784055,0.4467369429454457,0.11367637504381695
Flupentixol decanoate,CCCCCCCCCC(=O)OCCN1CCN(CC1)CCC=C2C3=CC=CC=C3SC4=C2C=C(C=C4)C(F)(F)F,0.04229119056887929,0.45871068627209005,0.12759321320003625
Fluperlapine,CN1CCN(CC1)C2=NC3=C(CC4=CC=CC=C42)C=CC(=C3)F,0.0974945101594272,0.43227618141506646,0.11045189680284034
Fluphenazine,C1CN(CCN1CCCN2C3=CC=CC=C3SC4=C2C=C(C=C4)C(F)(F)F)CCO,0.0461138606978752,0.7829341901152498,0.06951571384053203
Fluphenazine decanoate,CCCCCCCCCC(=O)OCCN1CCN(CC1)CCCN2C3=CC=CC=C3SC4=C2C=C(C=C4)C(F)(F)F,0.031085785230058588,0.7232795847493051,0.0874032138922792
Fluphenazine enanthate,CCCCCCC(=O)OCCN1CCN(CC1)CCCN2C3=CC=CC=C3SC4=C2C=C(C=C4)C(F)(F)F,0.031085785230058588,0.723279584749305,0.0874032138922792
Fluspirilene,C1CN(CCC12C(=O)NCN2C3=CC=CC=C3)CCCC(C4=CC=C(C=C4)F)C5=CC=C(C=C5)F,0.05619166561439808,0.5685244328544629,0.10332971015568178
Fluvoxamine,COCCCCC(=NOCCN)C1=CC=C(C=C1)C(F)(F)F,0.1822179686748326,0.3664754733975458,0.28980178373375415
Focalin,COC(=O)C(C1CCCCN1)C2=CC=CC=C2.Cl,0.1154492049292599,0.755001302840637,0.1328588103736257
Forit,CC1=C(C2=CC(=C(C=C2N1)OC)OC)CCN3CCN(CC3)C4=CC=CC=C4,0.06857840203978285,0.5989900073217159,0.10175600060242497
Foxy,CN1CCC23C4C(CCC2(C1CC5=C3C(=C(C=C5)O)O4)O)F,0.12050428012659321,0.7951186658433038,0.15903217621337803
Foxy Methoxy,CC(C)N(CCC1=CNC2=C1C=C(C=C2)OC)C(C)C,0.2096158256224751,0.9108610886199007,0.23068196117466142
FP,C1CC(N(C1)C(=O)C(CC2=CC=CC=C2)N)C(=O)O,0.09329471405678377,0.40703298666121124,0.11325796473499578
Frenactyl,C1CN(CCC1N2C3=CC=CC=C3NC2=O)CCCC(=O)C4=CC=C(C=C4)F,0.048644543144467735,0.540614722434849,0.041439393497571156
FT-104,CC(C)N(CCC1=CNC2=C1C(=CC=C2)OC(=O)CCCC(=O)O)C(C)C,0.1367849504072076,0.8180741661313097,0.1843392370998348
Fu-F,C1CN(CCC1N(C2=CC=CC=C2)C(=O)C3=CC=CO3)CCC4=CC=CC=C4,0.08227177016783775,0.7446692971221596,0.09543189917156072
Furanylfentanyl,C1CN(CCC1N(C2=CC=CC=C2)C(=O)C3=CC=CO3)CCC4=CC=CC=C4,0.08227177016783775,0.7446692971221596,0.09543189917156072
GABA,C(CC(=O)O)CN,0.21994386090232182,0.31222802740289046,0.23210853626493955
Gabapentin,C1CCC(CC1)(CC(=O)O)CN,0.2793541387207954,0.3231266605273844,0.22632071605812434
Gaboxadol,C1CNCC2=C1C(=O)NO2,0.42578741628401834,0.3940367505277682,0.2932027395120342
Galantamine,CN1CCC23C=CC(CC2OC4=C(C=CC(=C34)C1)OC)O,0.09452700463007904,0.5463690274910135,0.07212843619489731
Galatur,CN(C)CCCN1C2=C(CCCCCC2)C3=CC=CC=C31,0.11624684649430375,0.44445052401433055,0.1080215027710829
Gamanil,CN(CCCN1C2=CC=CC=C2CCC3=CC=CC=C31)CC(=O)C4=CC=C(C=C4)Cl,0.10116399231105438,0.656930799957912,0.12092347579550818
GBL,C1CC(=O)OC1,0.6138020189322637,0.35752443561550357,0.4809222583659254
Genabol,CCC12CCC3C(C1CCC2(CC)O)CCC4=CC(=O)CCC34,0.20709839102266905,0.4753204878239845,0.8000558867804347
Gendenafil,CCCC1=NN(C2=C1N=C(NC2=O)C3=C(C=CC(=C3)C(=O)C)OCC)C,0.08282557619220546,0.6834384316247052,0.13982499866564516
Geodon,CS(=O)(=O)O.C1CN(CCN1CCC2=C(C=C3C(=C2)CC(=O)N3)Cl)C4=NSC5=CC=CC=C54.O.O.O,0.061075854840842714,0.6979061690841267,0.11153803793397861
Gepirone,CC1(CC(=O)N(C(=O)C1)CCCCN2CCN(CC2)C3=NC=CC=N3)C,0.09636661096063984,0.39635924806566636,0.10588735305767702
Gevotroline,C1CN(CC2=C1NC3=C2C=C(C=C3)F)CCCC4=CN=CC=C4,0.09251054853860884,0.4056098839338885,0.12624697844637922
GHB,C(CC(=O)O)CO,0.2744592834092357,0.3248148496505475,0.2468162148067015
GHRP-2,CC(C(=O)NC(CC1=CC2=CC=CC=C2C=C1)C(=O)NC(C)C(=O)NC(CC3=CNC4=CC=CC=C43)C(=O)NC(CC5=CC=CC=C5)C(=O)NC(CCCCN)C(=O)N)N,0.13864340497282945,0.6793556229331201,0.15796869430278654
GHRP-6,CC(C(=O)NC(CC1=CNC2=CC=CC=C21)C(=O)NC(CC3=CC=CC=C3)C(=O)NC(CCCCN)C(=O)N)NC(=O)C(CC4=CNC5=CC=CC=C54)NC(=O)C(CC6=CN=CN6)N,0.0879773394931322,0.7447649093524429,0.12364453220407132
Gidazepam,C1C(=O)N(C2=C(C=C(C=C2)Br)C(=N1)C3=CC=CC=C3)CC(=O)NN,0.10001461937529987,0.5171067095279567,0.16389102739614228
GTx-007,CC(=O)NC1=CC=C(C=C1)OCC(C)(C(=O)NC2=CC(=C(C=C2)[N+](=O)[O-])C(F)(F)F)O,0.45181975250401224,0.22139283541027788,0.7840568025063497
GTx-024,CC(COC1=CC=C(C=C1)C#N)(C(=O)NC2=CC(=C(C=C2)C#N)C(F)(F)F)O,0.20578620325182848,0.1724059921397349,0.6512665112799451
Haldol,CCCCCCCCCC(=O)OC1(CCN(CC1)CCCC(=O)C2=CC=C(C=C2)F)C3=CC=C(C=C3)Cl,0.045036598662341616,0.6296533646977082,0.11038506787958804
Haloperidol,C1CN(CCC1(C2=CC=C(C=C2)Cl)O)CCCC(=O)C3=CC=C(C=C3)F,0.046771946581788335,0.678899376808846,0.0837487400123294
Haloperidol decanoate,CCCCCCCCCC(=O)OC1(CCN(CC1)CCCC(=O)C2=CC=C(C=C2)F)C3=CC=C(C=C3)Cl,0.045036598662341616,0.6296533646977082,0.11038506787958804
Harmaline,CC1=NCCC2=C1NC3=C2C=CC(=C3)OC,0.23816654378581853,0.6001699896008319,0.21175551404865683
Harmine,CC1=NC=CC2=C1NC3=C2C=CC(=C3)OC,0.2623545189057477,0.4705932607247684,0.25093727529273385
HDMP-28,COC(=O)C(C1CCCCN1)C2=CC3=CC=CC=C3C=C2,0.12899824453270248,0.6487387926645493,0.1637734667269624
Hecate,CCC1=CC(=C(C=C1OC)CC(C)N)OC,0.28625523374137374,0.8599838761722947,0.29092397348552873
Heroin,CC(=O)OC1C=CC2C3CC4=C5C2(C1OC5=C(C=C4)OC(=O)C)CCN3C,0.08869757278755436,0.7556912333487728,0.09806056612302642
Heterocodeine,CN1CCC23C4C1CC5=C2C(=C(C=C5)O)OC3C(C=C4)OC,0.09941941083275214,0.7771835865843868,0.12305127208483378
Hexahydrocannabinol,CCCCCC1=CC(=C2C3CC(CCC3C(OC2=C1)(C)C)C)O,0.25666097893078704,0.6777200322676097,0.4768043339348603
Hexarelin,CC1=C(C2=CC=CC=C2N1)CC(C(=O)NC(C)C(=O)NC(CC3=CNC4=CC=CC=C43)C(=O)NC(CC5=CC=CC=C5)C(=O)NC(CCCCN)C(=O)N)NC(=O)C(CC6=CN=CN6)N,0.08758697239343173,0.728036665537319,0.13376493299206907
Hexedrone,CCCCC(C(=O)C1=CC=CC=C1)NC,0.18509736050691653,0.6828048248090423,0.25549679707602274
HEX-EN,CCCCC(C(=O)C1=CC=CC=C1)NCC,0.14704187419409037,0.6913366331139512,0.2623466559750188
Histamine,C1=C(NC=N1)CCN,0.29848160031075416,0.3853937345154753,0.24886390198155456
Homosildenafil,CCCC1=NN(C2=C1N=C(NC2=O)C3=C(C=CC(=C3)S(=O)(=O)N4CCN(CC4)CC)OCC)C,0.08108586354175978,0.5672873206955852,0.08710882999659061
HOT-17,CCC(C)SC1=C(C=C(C(=C1)OC)CCNO)OC,0.1919914014184622,0.8629172747265079,0.2614375020212239
HOT-2,CCSC1=C(C=C(C(=C1)OC)CCNO)OC,0.2130342875371875,0.8610476998999488,0.25772658569879986
HOT-7,CCCSC1=C(C=C(C(=C1)OC)CCNO)OC,0.2045125967645734,0.8727684736645781,0.264320577879936
Humoryl,CC1=CC(=CC=C1)N2CC(OC2=O)CO,0.1660567147018149,0.15509732430099848,0.1573811547951991
Hydrocodone,CN1CCC23C4C1CC5=C2C(=C(C=C5)OC)OC3C(=O)CC4,0.12352588676109849,0.7998582616681301,0.10855820601914998
Hydromorphinol,CN1CCC23C4C(CCC2(C1CC5=C3C(=C(C=C5)O)O4)O)O,0.10838502404024533,0.7835530502243483,0.16653316233768398
Hydromorphone,CN1CCC23C4C1CC5=C2C(=C(C=C5)O)OC3C(=O)CC4,0.10518053070572315,0.78747804210425,0.13829457628822203
Hydroxetamine,CCNC1(CCCCC1=O)C2=CC(=CC=C2)O,0.17941158150647635,0.6960610937370524,0.2535645607968772
Hydroxyacetildenafil,CCCC1=NN(C2=C1N=C(NC2=O)C3=C(C=CC(=C3)C(=O)CN4CCN(CC4)CCO)OCC)C,0.07928157313792501,0.7669306846830465,0.09773471242270357
Hydroxythiohomosildenafil,CCCC1=NN(C2=C1NC(=NC2=S)C3=C(C=CC(=C3)S(=O)(=O)N4CCN(CC4)CCO)OCC)C,0.08327869505557453,0.41860423272777486,0.10442462928541987
Hyoscine,CN1C2CC(CC1C3C2O3)OC(=O)C(CO)C4=CC=CC=C4,0.08404887737635194,0.4383371773503986,0.11999684184716887
Hyoscyamine,CN1C2CCC1CC(C2)OC(=O)C(CO)C3=CC=CC=C3,0.06548590227885183,0.446040587367085,0.11301133825048064
Hypericum perforatum,CC1=CC(=O)C2=C(C3=C(C=C(C4=C3C5=C2C1=C6C(=CC(=O)C7=C(C8=C(C=C(C4=C8C5=C67)O)O)O)C)O)O)O,0.34050794399122436,0.12625663462442321,0.4840777513303573
IAP,CC(CC1=CC2=C(CCC2)C=C1)N,0.2010808036392064,0.7364370747676342,0.22023492609265297
IB,CN1CCN(CC1)C2=CC3=C(C=C2)N=C(N3)C4=CC5=C(C=C4)N=C(N5)C6=CC(=C(C=C6)OC)I,0.08706360687900831,0.48582057695013303,0.10894362744184308
Ibogaine,CCC1CC2CC3C1N(C2)CCC4=C3NC5=C4C=C(C=C5)OC,0.17989462160243222,0.6109989657560654,0.19908984405946648
Ibotenic acid,C1=C(ONC1=O)C(C(=O)O)N,0.26385562978599875,0.332709978600585,0.24523052372685394
Ibutamoren,CC(C)(C(=O)NC(COCC1=CC=CC=C1)C(=O)N2CCC3(CC2)CN(C4=CC=CC=C34)S(=O)(=O)C)N,0.08896003146472711,0.5899981277806637,0.13429816987791043
Iloperidone,CC(=O)C1=CC(=C(C=C1)OCCCN2CCC(CC2)C3=NOC4=C3C=CC(=C4)F)OC,0.0562547555248638,0.42811780090255297,0.10047284759978335
Imagotan,CN1CCCCC1CCN2C3=CC=CC=C3SC4=C2C=C(C=C4)S(=O)(=O)C,0.07958272660098782,0.6546706446423061,0.10112021847437301
Imap,C1CN(CCC12C(=O)NCN2C3=CC=CC=C3)CCCC(C4=CC=C(C=C4)F)C5=CC=C(C=C5)F,0.05619166561439808,0.5685244328544629,0.10332971015568178
Imipramine,CN(C)CCCN1C2=CC=CC=C2CCC3=CC=CC=C31,0.12397308491579347,0.7552721289175663,0.093036846443918
Imipraminoxide,C[N+](C)(CCCN1C2=CC=CC=C2CCC3=CC=CC=C31)[O-],0.16468957981053417,0.7498540594634051,0.1500919784986091
Imiprex,C[N+](C)(CCCN1C2=CC=CC=C2CCC3=CC=CC=C31)[O-].Cl,0.18542533947061712,0.795971683562003,0.15134197849860911
Inapsine,C1CN(CC=C1N2C3=CC=CC=C3NC2=O)CCCC(=O)C4=CC=C(C=C4)F,0.05917527480887732,0.48998490950509266,0.09125592692108869
Indalpine,C1CNCCC1CCC2=CNC3=CC=CC=C32,0.24581657253673875,0.7349421375043772,0.2474181531492015
Indanylaminopropane,CC(CC1=CC2=C(CCC2)C=C1)N,0.2010808036392064,0.7364370747676342,0.22023492609265294
Indapex,CC1=C(C2=C(N1)C=CC(=C2)OC)CCN(C)C,0.2426704459979479,0.693879228456025,0.19654004943810333
Indeloxazine,C1COC(CN1)COC2=CC=CC3=C2CC=C3,0.2382898203734154,0.5352202990960138,0.23005746345158137
Indopan,CC(CC1=CNC2=CC=CC=C21)N,0.23979360943624897,0.8138507506173464,0.26521560659307314
Inkazan,CN1CCN2C3=C(C=C(C=C3)OC)C4=C2C1=NCC4,0.1715734359909909,0.5913182529320371,0.20356879567091785
Innovar,C1CN(CC=C1N2C3=CC=CC=C3NC2=O)CCCC(=O)C4=CC=C(C=C4)F,0.05917527480887732,0.48998490950509255,0.09125592692108869
Inofal,CN1CCCCC1CCN2C3=CC=CC=C3SC4=C2C=C(C=C4)S(=O)(=O)C,0.07958272660098782,0.6546706446423061,0.10112021847437301
Insidon,C1CN(CCN1CCCN2C3=CC=CC=C3C=CC4=CC=CC=C42)CCO.Cl.Cl,0.10554299636837597,0.772345882242075,0.10076201707820695
Invega,CC1=C(C(=O)N2CCCC(C2=N1)O)CCN3CCC(CC3)C4=NOC5=C4C=CC(=C5)F,0.09347294392270543,0.5044051002204847,0.14436196026025316
Ipamorelin,CC(C)(C(=O)NC(CC1=CN=CN1)C(=O)NC(CC2=CC3=CC=CC=C3C=C2)C(=O)NC(CC4=CC=CC=C4)C(=O)NC(CCCCN)C(=O)N)N,0.13744923629596228,0.3735735576472247,0.1717629949604695
ipracetin,CC(C)N(CCC1=CNC2=C1C(=CC=C2)OC(=O)C)C(C)C,0.15474914655507857,0.901849501769443,0.1994602195639326
Iprindole,CN(C)CCCN1C2=C(CCCCCC2)C3=CC=CC=C31,0.11624684649430375,0.44445052401433055,0.1080215027710829
iprocin,CC(C)N(CCC1=CNC2=C1C(=CC=C2)O)C(C)C,0.23725322522844713,0.8964855393888195,0.2869647038045971
Iproclozide,CC(C)NNC(=O)COC1=CC=C(C=C1)Cl,0.15132357391985926,0.34150189111983825,0.26281750528143516
Iproniazid,CC(C)NNC(=O)C1=CC=NC=C1,0.14451001803388716,0.3206014105513743,0.16445054380356797
Isocarboxazid,CC1=CC(=NO1)C(=O)NNCC2=CC=CC=C2,0.13706655583415103,0.3616643538848082,0.18015994826260676
Isococaine,CN1C2CCC1C(C(C2)OC(=O)C3=CC=CC=C3)C(=O)OC,0.1003999526797663,0.6521152831445504,0.13974936378251443
Isocodeine,CN1CCC23C4C1CC5=C2C(=C(C=C5)OC)OC3C(C=C4)O,0.09969695629841528,0.810354481057553,0.08911701169390178
Isopropyl nitrite,CC(C)ON=O,0.673423698373705,0.43118548348682284,0.5199133255302724
Isopropylphenidate,CC(C)OC(=O)C(C1CCCCN1)C2=CC=CC=C2,0.11460434035166539,0.6677478164556194,0.16114087719685288
Isoproscaline,CC(C)OC1=C(C=C(C=C1OC)CCN)OC,0.24031426884229704,0.8763730100016984,0.23931584535161307
Isotonitazene,CCN(CC)CCN1C2=C(C=C(C=C2)[N+](=O)[O-])N=C1CC3=CC=C(C=C3)OC(C)C,0.3580382412130458,0.8979238232465926,0.3753090018648526
Isotonitazepyne,CC(C)OC1=CC=C(C=C1)CC2=NC3=C(N2CCN4CCCC4)C=CC(=C3)[N+](=O)[O-],0.28866517647958845,0.8226021115492617,0.3016687423951328
Istonil,CC1(C2=CC=CC=C2N(C3=CC=CC=C31)CCCN(C)C)C.C(C(C(=O)O)O)(C(=O)O)O,0.10256422741283876,0.5733362033116303,0.12561561155192336
ITI-007,CN1CCN2C3CCN(CC3C4=C2C1=CC=C4)CCCC(=O)C5=CC=C(C=C5)F,0.060777257686229255,0.6983935883814393,0.09109102860322826
Ixel,CCN(CC)C(=O)C1(CC1CN)C2=CC=CC=C2.Cl,0.12316484254943168,0.5962885243549774,0.1259095717526527
Jelena,CC(C)C1=C(C=C(C(=C1)OC)CCN)OC,0.25324833814509135,0.9202399215874038,0.21485920073846462
Jimscaline,COC1=C(C(=C2CCC(C2=C1)CN)OC)OC,0.2938496694358287,0.6660902396399241,0.2293456487475619
JNJ-28330835,CC1(CC(=NN1)C(F)(F)F)C(=O)NC2=CC(=C(C=C2)C#N)C(F)(F)F,0.16004717122303055,0.34793047788677156,0.33996127299475093
JWH-018,CCCCCN1C=C(C2=CC=CC=C21)C(=O)C3=CC=CC4=CC=CC=C43,0.19107194614748324,0.3704946040358426,0.25866277127040305
JWH-073,CCCCN1C=C(C2=CC=CC=C21)C(=O)C3=CC=CC4=CC=CC=C43,0.18931332700399564,0.3658160326072713,0.2475243489050208
Kava,COC1=CC(=O)OC(C1)C=CC2=CCCC=C2,0.38591347759498845,0.4462069098267288,0.3515777137753397
KC-9172,CCCCN1C(=O)C2C(=O)N(C(=O)C(C1=O)C2(C)C)CCCCN3CCN(CC3)C4=CC=CC=C4OC,0.07417779544127699,0.6223009444695817,0.08708119697217985
Ketalar,CNC1(CCCCC1=O)C2=CC=CC=C2Cl,0.2566652999048636,0.6937571277988035,0.2599611694022089
Ketamine,CNC1(CCCCC1=O)C2=CC=CC=C2Cl,0.2566652999048636,0.6937571277988035,0.2599611694022089
Kevopril,C1CN2CCC1C(C2)N3C4=CC=CC=C4CCC5=CC=CC=C53,0.13706613608065596,0.30230594862500754,0.1686919749068339
Klonopin,C1C(=O)NC2=C(C=C(C=C2)[N+](=O)[O-])C(=N1)C3=CC=CC=C3Cl,0.4946918118063602,0.8797645943452269,0.3956245282134411
Krokodil,CN1CCC23C4C1CC5=C2C(=C(C=C5)O)OC3CCC4,0.10072537944207431,0.7855996666078557,0.12290544085789534
"L-163,191",CC(C)(C(=O)NC(COCC1=CC=CC=C1)C(=O)N2CCC3(CC2)CN(C4=CC=CC=C34)S(=O)(=O)C)N,0.08896003146472711,0.5899981277806639,0.13429816987791043
LAE-32,CCNC(=O)C1CN(C2CC3=CNC4=CC=CC(=C34)C2=C1)C,0.08813878462201291,0.7328810787512223,0.09633296130087611
Largactil,CN(C)CCCN1C2=CC=CC=C2SC3=C1C=C(C=C3)Cl,0.09039723086765021,0.7790129826408168,0.11138945709406872
LA-SS-Az,CC1CC(N1C(=O)C2CN(C3CC4=CNC5=CC=CC(=C45)C3=C2)C)C,0.142081491619142,0.7228222532087527,0.16612028339715013
Latuda,C1CCC(C(C1)CN2CCN(CC2)C3=NSC4=CC=CC=C43)CN5C(=O)C6C7CCC(C7)C6C5=O.Cl,0.10557375769458252,0.6879765396352624,0.12949927321254598
Lenperone,C1CN(CCC1C(=O)C2=CC=C(C=C2)F)CCCC(=O)C3=CC=C(C=C3)F,0.038369793383097005,0.5955938268371576,0.052850080717212186
Levomepromazine,CC(CN1C2=CC=CC=C2SC3=C1C=C(C=C3)OC)CN(C)C,0.15018468855825506,0.5661310744070724,0.13425758055173564
Levomilnacipran,CCN(CC)C(=O)C1(CC1CN)C2=CC=CC=C2,0.10233535655877189,0.5059817504784679,0.12590957175265266
Levoprome,CC(CN1C2=CC=CC=C2SC3=C1C=C(C=C3)OC)CN(C)C,0.15018468855825506,0.5661310744070724,0.13425758055173564
Levosulpiride,CCN1CCCC1CNC(=O)C2=C(C=CC(=C2)S(=O)(=O)N)OC,0.0939400116297538,0.5781123556951203,0.10139644721990436
Levothym,C1=CC2=C(C=C1O)C(=CN2)CC(C(=O)O)N,0.1004402561530478,0.5065560309686541,0.20892922498061078
Lexapro,CN(C)CCCC1(C2=C(CO1)C=C(C=C2)C#N)C3=CC=C(C=C3)F.C(=O)(C(=O)O)O,0.1292414900385757,0.5930661885330485,0.17763556254762677
LGD-2226,C1=CC2=C(C=C1N(CC(F)(F)F)CC(F)(F)F)C(=CC(=O)N2)C(F)(F)F,0.4312324643060231,0.48345013531146536,0.3861865449748144
LGD-3303,CCC1=C(C2=C(N1CC(F)(F)F)C=CC3=C2C(=CC(=O)N3)Cl)C,0.261954178220604,0.2793773821296178,0.41646314778851384
LGD-4033,C1CC(N(C1)C2=CC(=C(C=C2)C#N)C(F)(F)F)C(C(F)(F)F)O,0.1727608376637729,0.42036090637147877,0.4642426715509342
L-Glutamate,C(CC(=O)O)C(C(=O)O)N,0.22524356996280315,0.33756207052363346,0.15887315139044264
Lisdexamfetamine,CC(CC1=CC=CC=C1)NC(=O)C(CCCCN)N,0.11075350456614147,0.4714386819781922,0.12214109318186844
Lisdexamphetamine,CC(CC1=CC=CC=C1)NC(=O)C(CCCCN)N,0.11075350456614147,0.4714386819781922,0.12214109318186843
Lodenafil,CCCC1=NN(C2=C1N=C(NC2=O)C3=C(C=CC(=C3)S(=O)(=O)N4CCN(CC4)CCO)OCC)C,0.07271383070095724,0.5612870779090201,0.08372318029296949
Lofepramine,CN(CCCN1C2=CC=CC=C2CCC3=CC=CC=C31)CC(=O)C4=CC=C(C=C4)Cl,0.10116399231105438,0.656930799957912,0.12092347579550818
Lomont,CN(CCCN1C2=CC=CC=C2CCC3=CC=CC=C31)CC(=O)C4=CC=C(C=C4)Cl,0.10116399231105438,0.656930799957912,0.12092347579550818
Lonasen,CCN1CCN(CC1)C2=NC3=C(CCCCCC3)C(=C2)C4=CC=C(C=C4)F,0.08978838896150437,0.41208508673110167,0.14364705475342246
Longoperidol,C1CN(CCC1(C2=CC(=C(C=C2)Cl)C(F)(F)F)O)CCCC(C3=CC=C(C=C3)F)C4=CC=C(C=C4)F,0.06476587949088836,0.4535053307490013,0.13890204169901366
Lorazepam,C1=CC=C(C(=C1)C2=NC(C(=O)NC3=C2C=C(C=C3)Cl)O)Cl,0.2782230660771553,0.6538914389288673,0.26348646740459936
Lormetazepam,CN1C2=C(C=C(C=C2)Cl)C(=NC(C1=O)O)C3=CC=CC=C3Cl,0.11470027617218527,0.5373396188008314,0.2585915494050781
Loxapac,CN1CCN(CC1)C2=NC3=CC=CC=C3OC4=C2C=C(C=C4)Cl.C(CC(=O)O)C(=O)O,0.05666081695597985,0.5731833559729668,0.11175980051025639
Loxapine,CN1CCN(CC1)C2=NC3=CC=CC=C3OC4=C2C=C(C=C4)Cl,0.08689237237412291,0.6313749422699676,0.12191069451473348
Loxitane,CN1CCN(CC1)C2=NC3=CC=CC=C3OC4=C2C=C(C=C4)Cl,0.08689237237412291,0.6313749422699676,0.12191069451473348
LSD,CCN(CC)C(=O)C1CN(C2CC3=CNC4=CC=CC(=C34)C2=C1)C,0.12446501641306554,0.8351031988680346,0.1432777280460331
LSD-25,CCN(CC)C(=O)C1CN(C2CC3=CNC4=CC=CC(=C34)C2=C1)C,0.12446501641306554,0.8351031988680346,0.1432777280460331
LSM-775,CN1CC(C=C2C1CC3=CNC4=CC=CC2=C34)C(=O)N5CCOCC5,0.13454685877689113,0.7286327191143391,0.1240559552120686
LSZ,CC1CC(N1C(=O)C2CN(C3CC4=CNC5=CC=CC(=C45)C3=C2)C)C,0.142081491619142,0.7228222532087527,0.16612028339715013
L-Theanine,CCNC(=O)CCC(C(=O)O)N,0.1781233785139562,0.3717108454375503,0.1532335375847979
L-Tyrosine,C1=CC(=CC=C1CC(C(=O)O)N)O,0.17562922720015892,0.2775400666815023,0.316337828865131
Lu 31-130,CC1(CN(CCN1C)C2CC(C3=C2C=C(C=C3)Cl)C4=CC=CC=C4)C,0.14617649266054347,0.45373463865397234,0.2205558515994529
Lucelan,C1CCC2(C1)CC(=O)N(C(=O)C2)CCCCN3CCN(CC3)C4=NC=CC=N4.Cl,0.10406632115706875,0.5911785375518859,0.09052072128759737
lucigenol,CN1CCCC1CC2=CNC3=C2C(=CC=C3)O,0.11107922283933941,0.5836880024188603,0.1328837413835727
Ludiomil,CNCCCC12CCC(C3=CC=CC=C31)C4=CC=CC=C24.Cl,0.20194771994704244,0.5792846018554747,0.23862470251570161
Lullan,C1CCC2C(C1)C(=O)N(C2=O)CCCCN3CCN(CC3)C4=NSC5=CC=CC=C54.O.O.Cl,0.05102808026772054,0.7800105967454352,0.11582150512563982
Lumateperone,CN1CCN2C3CCN(CC3C4=C2C1=CC=C4)CCCC(=O)C5=CC=C(C=C5)F,0.060777257686229255,0.6983935883814393,0.09109102860322828
Lunesta,CN1CCN(CC1)C(=O)OC2C3=NC=CN=C3C(=O)N2C4=NC=C(C=C4)Cl,0.08212668813826283,0.37710607114400985,0.11626717834014673
Lurasidone,C1CCC(C(C1)CN2CCN(CC2)C3=NSC4=CC=CC=C43)CN5C(=O)C6C7CCC(C7)C6C5=O,0.10557375769458252,0.6879765396352624,0.12949927321254598
Lustral,CNC1CCC(C2=CC=CC=C12)C3=CC(=C(C=C3)Cl)Cl.Cl,0.24509746210888064,0.6867789520389637,0.4625897827393073
Luvatren,CC1=CC=C(C=C1)C2(CCN(CC2)CCCC(=O)C3=CC=C(C=C3)F)O.Cl,0.04910521761163269,0.7358212688731137,0.07511090587739319
Luvesilocin,CC(C)N(CCC1=CNC2=C1C(=CC=C2)OC(=O)CCCC(=O)O)C(C)C,0.1367849504072076,0.8180741661313097,0.18433923709983482
Luvox,COCCCCC(=NOCCN)C1=CC=C(C=C1)C(F)(F)F.C(=CC(=O)O)C(=O)O,0.1515775489043296,0.41019393151916533,0.2890289160087775
LY2140023,CSCCC(C(=O)NC1(CS(=O)(=O)C2C1C2C(=O)O)C(=O)O)N,0.15213582174306184,0.23140521721682208,0.17788857936453048
Lyrica,CC(C)CC(CC(=O)O)CN,0.2156627890054757,0.35616808203550643,0.20558982704411757
Lysergic acid diethylamide,CCN(CC)C(=O)C1CN(C2CC3=CNC4=CC=CC(=C34)C2=C1)C,0.12446501641306552,0.8351031988680346,0.1432777280460331
M11,CC(C(=O)C1=CC2=C(C=C1)OCO2)N(C)C,0.21155691186419914,0.7627671618708186,0.2536582034072111
M1T,COCC(=O)CCCC(=O)O,0.28228095042630463,0.33614920092895995,0.28759714258335833
Madol,CC12CCC3C(C1CCC2(C)O)CCC4C3(CC=CC4)C,0.4340927049572134,0.5746478315836647,0.6271149792532953
Majeptil,CN1CCN(CC1)CCCN2C3=CC=CC=C3SC4=C2C=C(C=C4)S(=O)(=O)N(C)C.CS(=O)(=O)O.CS(=O)(=O)O,0.044178776076919724,0.6398684248435873,0.060693644520961786
MALT,CN(CCC1=CNC2=CC=CC=C21)CC=C,0.3177010493515442,0.8897341551126141,0.30052046177189157
Maneon,C1CC2=CC=CC=C2C(C3=CC=CC=C31)NCCCCCCC(=O)O.Cl,0.145281585501728,0.6259626187564842,0.15605330071966036
Manerix,C1COCCN1CCNC(=O)C2=CC=C(C=C2)Cl,0.06866815109347205,0.4301186889862524,0.09662980124527346
Maprotiline,CNCCCC12CCC(C3=CC=CC=C31)C4=CC=CC=C24,0.17812149821280188,0.45997378757814983,0.23862470251570161
Marplan,CC1=CC(=NO1)C(=O)NNCC2=CC=CC=C2,0.13706655583415103,0.3616643538848082,0.18015994826260676
Marsilid,CC(C)NNC(=O)C1=CC=NC=C1,0.14451001803388713,0.3206014105513743,0.16445054380356797
Masteron,CCC(=O)OC1CCC2C1(CCC3C2CCC4C3(CC(C(=O)C4)C)C)C,0.2266827008228034,0.5554443476680491,0.2861172556485045
MBDB,CCC(CC1=CC2=C(C=C1)OCO2)NC,0.332187790183435,0.8164177731799773,0.23655082371268393
MBDP,CCCC(CC1=CC2=C(C=C1)OCO2)NC,0.3135728980633464,0.8146531477675093,0.2338138200873297
MBZP,CN1CCN(CC1)CC2=CC=CC=C2,0.07987950894881957,0.44156520975913294,0.08624587312828419
McPT,CN(CCC1=CNC2=CC=CC=C21)C3CC3,0.23815140945400834,0.8387734854537114,0.21581350737074967
MDA,CC(CC1=CC2=C(C=C1)OCO2)N,0.32528007361136113,0.8473043611064878,0.22212629396414144
MDAI,C1C(CC2=CC3=C(C=C21)OCO3)N,0.4569300221043167,0.5976934733323567,0.3708843456097427
MDBZP,C1CN(CCN1)CC2=CC3=C(C=C2)OCO3,0.2168736239302897,0.6722518147156863,0.13999974262449255
MDE,CCNC(C)CC1=CC2=C(C=C1)OCO2,0.30291601179388944,0.8241717231671438,0.2187291578161086
MDEA,CN(CCO)CCO,0.6105561892007398,0.3480064599892688,0.4970270248968018
MDHMA,CC(CC1=CC2=C(C=C1)OCO2)N(C)O,0.23411645896406477,0.7525251999739022,0.2316661491447176
"MDL-100,907",COC1=CC=CC(=C1OC)C(C2CCN(CC2)CCC3=CC=C(C=C3)F)O,0.05275259579087868,0.5429170639411917,0.078892469660905
MDMA,CC(CC1=CC2=C(C=C1)OCO2)NC,0.30308145563516553,0.8239651943181434,0.2200858542138335
MDMAI,CNC1CC2=CC3=C(C=C2C1)OCO3,0.382933440246077,0.6025421387219658,0.3333438161419182
MDOH,CC(CC1=CC2=C(C=C1)OCO2)NO,0.22201364533430745,0.72131169670366,0.19603247898477055
MDPV,CCCC(C(=O)C1=CC2=C(C=C1)OCO2)N3CCCC3,0.11948917304529313,0.7525697856291914,0.14971305740116875
MEAI,COC1=CC2=C(CC(C2)N)C=C1,0.2988898820910233,0.5387952879178121,0.2626845498501732
Mebanazine,CC(C1=CC=CC=C1)NN,0.3591141680986152,0.5640255423081374,0.340387227236497
mebfap,CC(CC1=COC2=C1C=C(C=C2)OC)N,0.2637160814114048,0.7271589359567069,0.28268167550528106
Mebroqualone,CC1=NC2=CC=CC=C2C(=O)N1C3=CC=CC=C3Br,0.22345567734008043,0.689950422542113,0.3060401515101402
mebufotenin,CN(C)CCC1=CNC2=C1C=C(C=C2)OC,0.23816583008216097,0.9065174431982459,0.21942960259951985
Meclofenoxate,CN(C)CCOC(=O)COC1=CC=C(C=C1)Cl,0.2508208622296011,0.3118686256690673,0.30128224844047735
Meclonazepam,CC1C(=O)NC2=C(C=C(C=C2)[N+](=O)[O-])C(=N1)C3=CC=CC=C3Cl,0.5059403837488724,0.7862891838955426,0.4513123155062783
Mecloqualone,CC1=NC2=CC=CC=C2C(=O)N1C3=CC=CC=C3Cl,0.20659343559487567,0.6913406112882058,0.3027431650040527
Medifoxamine,CN(C)CC(OC1=CC=CC=C1)OC2=CC=CC=C2,0.2926239964517601,0.5360977305754442,0.2802048140169284
mefloquine,C1CCNC(C1)C(C2=CC(=NC3=C2C=CC=C3C(F)(F)F)C(F)(F)F)O,0.13236292590786583,0.23244690928005965,0.20823342873844958
Melanotan,CCCCC(C(=O)NC(CCC(=O)O)C(=O)NC(CC1=CN=CN1)C(=O)NC(CC2=CC=CC=C2)C(=O)NC(CCCNC(=N)N)C(=O)NC(CC3=CNC4=CC=CC=C43)C(=O)NCC(=O)NC(CCCCN)C(=O)N5CCCC5C(=O)NC(C(C)C)C(=O)N)NC(=O)C(CO)NC(=O)C(CC6=CC=C(C=C6)O)NC(=O)C(CO)NC(=O)C,0.08227554663914212,0.5891140328577863,0.2417020410699275
Melanotan II,CCCCC(C(=O)NC1CC(=O)NCCCCC(NC(=O)C(NC(=O)C(NC(=O)C(NC(=O)C(NC1=O)CC2=CN=CN2)CC3=CC=CC=C3)CCCN=C(N)N)CC4=CNC5=CC=CC=C54)C(=O)N)NC(=O)C,0.14382455904658056,0.6562470069883211,0.15618173142657238
Melatonin,CC(=O)NCCC1=CNC2=C1C=C(C=C2)OC,0.10578140180426937,0.7172812103620917,0.18730256755646185
Melitracen,CC1(C2=CC=CC=C2C(=CCCN(C)C)C3=CC=CC=C31)C,0.30688200088334655,0.4064605137023482,0.2722066732053534
Mellaril,CN1CCCCC1CCN2C3=CC=CC=C3SC4=C2C=C(C=C4)SC,0.0698915069183495,0.7452773432086509,0.15307031596843554
Melleril,CN1CCCCC1CCN2C3=CC=CC=C3SC4=C2C=C(C=C4)SC,0.0698915069183495,0.7452773432086509,0.15307031596843554
Melperone,CC1CCN(CC1)CCCC(=O)C2=CC=C(C=C2)F,0.0543045583761891,0.6013378866305111,0.04406786602746791
Memantine,CC12CC3CC(C1)(CC(C3)(C2)N)C,0.4800644317714592,0.36837601641264484,0.3776695067997302
MENT,CC1CC2=CC(=O)CCC2C3C1C4CCC(C4(CC3)C)O,0.290001016912985,0.5073785005603886,0.6460546434726576
MEOP,CN1CCN(CC1)C(=O)C2=CC=C(C=C2)OC,0.13731888127185093,0.3551742673079019,0.1577337181354873
MeOPP,COC1=CC=C(C=C1)N2CCNCC2,0.2153523551347774,0.5300741918724682,0.1948236883288005
Mephedrone,CC1=CC=C(C=C1)C(=O)C(C)NC,0.19174174538826705,0.7967504077798279,0.28214948418770786
meprocin,CCCN(C)CCC1=CNC2=C1C(=CC=C2)O,0.2780409384291184,0.89751249744347,0.29269900093357554
Merital,CN1CC(C2=C(C1)C(=CC=C2)N)C3=CC=CC=C3.C(=CC(=O)O)C(=O)O,0.15808734976938774,0.5224856151025719,0.12981133792043248
Mescaline,COC1=CC(=CC(=C1OC)OC)CCN,0.3136341947195038,0.8883896202503254,0.25241891969911895
Mesoridazine,CN1CCCCC1CCN2C3=CC=CC=C3SC4=C2C=C(C=C4)S(=O)C,0.07947665845784603,0.718913968176407,0.09937133661024265
Mestanolone,CC12CCC(=O)CC1CCC3C2CCC4(C3CCC4(C)O)C,0.44019673516459634,0.6289416839836225,0.7063971648269092
Mesterolone,CC1CC(=O)CC2C1(C3CCC4(C(C3CC2)CCC4O)C)C,0.3130253720611229,0.5163571235524228,0.5313232551181681
MET,CSCCC(C(=O)O)N,0.24332758963733625,0.3431187193047141,0.20975051847718426
metacetin,CCN(C)CCC1=CNC2=C1C(=CC=C2)OC(=O)C,0.19462654981234942,0.908950879027425,0.20761466760726774
meta-Chlorophenylpiperazine,C1CN(CCN1)C2=CC(=CC=C2)Cl,0.2287377032484418,0.5441118080179596,0.23519609546297005
Metaescaline,CCOC1=CC(=CC(=C1OC)OC)CCN,0.2606955907491597,0.8702559402383132,0.22647856144631603
Metapramine,CNC1CC2=CC=CC=C2N(C3=CC=CC=C13)C,0.12221028557654048,0.672749141048689,0.15966415040278328
Metatone,C1COC(CN1)COC2=CC=CC=C2CC3=CC=CS3.C(=CC(=O)O)C(=O)O,0.1952838200475137,0.33612338776563916,0.19078930257331847
Metenolone enanthate,CCCCCCC(=O)OC1CCC2C1(CCC3C2CCC4C3(C(=CC(=O)C4)C)C)C,0.23313605142011515,0.5821160454999766,0.37518933513277786
Meth,CC(CC1=CC=CC=C1)NC,0.20927106773382195,0.697681810224033,0.20066382615446585
Methadone,CCC(=O)C(CC(C)N(C)C)(C1=CC=CC=C1)C2=CC=CC=C2,0.17964387478828467,0.4006020788071358,0.19746385742636732
Methallylescaline,CC(=C)COC1=C(C=C(C=C1OC)CCN)OC,0.28092269874488773,0.7445367859154295,0.3119390845911836
Methamnetamine,CC(CC1=CC2=CC=CC=C2C=C1)NC,0.37535898203049717,0.6605893901064995,0.33346124114866854
Methamphetamine,CC(CC1=CC=CC=C1)NC,0.20927106773382195,0.697681810224033,0.20066382615446585
Methaqualone,CC1=CC=CC=C1N2C(=NC3=CC=CC=C3C2=O)C,0.23351943069737857,0.710244209092363,0.29446544004243624
Methasteron,CC1CC2(C(CCC3C2CCC4(C3CCC4(C)O)C)CC1=O)C,0.40369649407839314,0.6201779892070377,0.5727797914103286
Methasterone,CC1CC2(C(CCC3C2CCC4(C3CCC4(C)O)C)CC1=O)C,0.40369649407839314,0.6201779892070377,0.5727797914103286
Methcathinone,CC(C(=O)C1=CC=CC=C1)NC,0.21045251671780768,0.7666998821425282,0.24917838702038442
Methiopropamine,CC(CC1=CC=CS1)NC,0.30660147129694004,0.6487481159312501,0.272338417341547
Methoxetamine,CCNC1(CCCCC1=O)C2=CC(=CC=C2)OC,0.20504567950252162,0.8078037793776829,0.19703454331871179
Methoxisopropamine,CC(C)NC1(CCCCC1=O)C2=CC(=CC=C2)OC,0.2115105924027743,0.741053829696225,0.21826248742416296
Methoxmetamine,CNC1(CCCCC1=O)C2=CC(=CC=C2)OC,0.2595979430130587,0.7778571438191115,0.21957706952415948
Methoxphenidine,COC1=CC=CC=C1C(CC2=CC=CC=C2)N3CCCCC3,0.096187730124218,0.6389765856959878,0.1258825722557294
Methoxpropamine,CCCNC1(CCCCC1=O)C2=CC(=CC=C2)OC,0.22129496789842665,0.7779113645387598,0.19710148531713614
Methoxyacetylfentanyl,COCC(=O)N(C1CCN(CC1)CCC2=CC=CC=C2)C3=CC=CC=C3,0.05237365319624969,0.7685420739354162,0.09226678068560495
Methoxydine,COC1=CC=C(C=C1)C2(CCCCC2)N3CCCCC3,0.1987950696853191,0.6912841156791814,0.2190060658348484
Methoxyketamine,CNC1(CCCCC1=O)C2=CC=CC=C2OC,0.2603371051458836,0.6548365030234422,0.21798020127096293
Methoxypiperamide,CN1CCN(CC1)C(=O)C2=CC=C(C=C2)OC,0.13731888127185093,0.3551742673079019,0.1577337181354873
Methyl-1-testosterone,CC12CCC3C(C1CCC2(C)O)CCC4C3(C=CC(=O)C4)C,0.35012659375508126,0.6517050008635304,0.6392508604092096
Methylbenzodioxylbutanamine,CCCC(C)(C1COC2=CC=CC=C2O1)N,0.2164279977451282,0.48981672585554975,0.21634540852360715
Methylbenzylpiperazine,CN1CCN(CC1)CC2=CC=CC=C2,0.07987950894881957,0.44156520975913294,0.08624587312828419
Methylcyclopropyltryptamine,CN(CCC1=CNC2=CC=CC=C21)C3CC3,0.23815140945400834,0.8387734854537114,0.21581350737074967
Methyldesorphine,CC1=CCC2C3CC4=C5C2(C1OC5=C(C=C4)O)CCN3C,0.13229214474537465,0.7662121649630096,0.14164283226475122
Methyldihydromorphine,CC1(CCC2C3CC4=C5C2(C1OC5=C(C=C4)O)CCN3C)O,0.12572458108620277,0.8185897201629873,0.1852156980297072
Methyldrostanolone,CC1CC2(C(CCC3C2CCC4(C3CCC4(C)O)C)CC1=O)C,0.40369649407839314,0.6201779892070377,0.5727797914103286
Methylenedioxybenzylpiperazine,C1CN(CCN1)CC2=CC3=C(C=C2)OCO3,0.21687362393028967,0.6722518147156863,0.13999974262449255
Methylenedioxydeschlorobupropion,CC(C(=O)C1=CC2=C(C=C1)OCO2)NC(C)(C)C,0.1521417980717404,0.7298401617160323,0.2127115740190265
Methylenedioxyhydroxyamphetamine,CC(CC1=CC2=C(C=C1)OCO2)NO,0.22201364533430745,0.72131169670366,0.19603247898477055
Methylenedioxyhydroxymethamphetamine,CC(CC1=CC2=C(C=C1)OCO2)N(C)O,0.23411645896406477,0.7525251999739022,0.23166614914471753
Methylethyltryptamine,CCN(C)CCC1=CNC2=CC=CC=C21,0.27589648020373647,0.9101577389412512,0.2756915190047086
Methylisopropyllysergamide,CC(C)N(C)C(=O)C1CN(C2CC3=CNC4=CC=CC(=C34)C2=C1)C,0.12201071084810802,0.8145087877791033,0.14352860330253192
Methylmethaqualone,CC1=CC(=C(C=C1)N2C(=NC3=CC=CC=C3C2=O)C)C,0.23470530163632847,0.6663100870527076,0.33193801668830014
Methylnaphetamine,CC(CC1=CC2=CC=CC=C2C=C1)NC,0.37535898203049717,0.6605893901064994,0.3334612411486685
Methylnaphthidate,COC(=O)C(C1CCCCN1)C2=CC3=CC=CC=C3C=C2,0.12899824453270248,0.6487387926645493,0.1637734667269624
Methylone,CC(C(=O)C1=CC2=C(C=C1)OCO2)NC,0.18462980659312575,0.8254108918472264,0.20876087658303724
Methylphenidate,COC(=O)C(C1CCCCN1)C2=CC=CC=C2,0.10501197549203041,0.7450106469152088,0.1328588103736257
Methylpropyltryptamine,CCCN(C)CCC1=CNC2=CC=CC=C21,0.28746797720446615,0.9059512342071243,0.27110517024146036
Methylvanillylecgonine,CN1C2CCC1C(C(C2)OC(=O)C3=CC(=C(C=C3)OC)O)C(=O)OC,0.1217259696765642,0.6040930609703431,0.1694349464268598
Metitepine,CN1CCN(CC1)C2CC3=CC=CC=C3SC4=C2C=C(C=C4)SC,0.08837976592308973,0.7173446134465606,0.12588980326311586
Metizolam,CCC1=CC2=C(S1)N3C=NN=C3CN=C2C4=CC=CC=C4Cl,0.12196056490877379,0.5365524382776519,0.1508143002841714
Metocin,CCN(C)CCC1=CNC2=C1C(=CC=C2)O,0.2681051665118933,0.907543272523463,0.2929109638018488
Metodesnitazene,CCN(CC)CCN1C2=CC=CC=C2N=C1CC3=CC=C(C=C3)OC,0.1223961008822128,0.5684676901827145,0.1816247614177873
Metonitazene,CCN(CC)CCN1C2=C(C=C(C=C2)[N+](=O)[O-])N=C1CC3=CC=C(C=C3)OC,0.3948870778338017,0.870005929927177,0.36902867978051823
Metralindole,CN1CCN2C3=C(C=C(C=C3)OC)C4=C2C1=NCC4,0.1715734359909909,0.5913182529320371,0.20356879567091785
Mexedrone,CC1=CC=C(C=C1)C(=O)C(COC)NC,0.252298887023356,0.5771409973653986,0.3758699121184452
MEXP,CN1CCN(CC1)C(=O)C2=CC=C(C=C2)OC,0.13731888127185093,0.3551742673079019,0.1577337181354873
MGF,[F-].[F-].[F-].[Mg+2],0.8872936746621369,0.3139591057748909,0.736249657479386
Mianserin,CN1CCN2C(C1)C3=CC=CC=C3CC4=CC=CC=C42,0.0872709008114803,0.585598755055238,0.0879895359998841
Micefal,C1CN(CCC1(C2=CC(=C(C=C2)Cl)C(F)(F)F)O)CCCC(C3=CC=C(C=C3)F)C4=CC=C(C=C4)F,0.06476587949088836,0.4535053307490012,0.13890204169901366
Midazolam,CC1=NC=C2N1C3=C(C=C(C=C3)Cl)C(=NC2)C4=CC=CC=C4F,0.09274921260925599,0.48993388391503856,0.13632491750896394
Milnacipran,CCN(CC)C(=O)C1(CC1CN)C2=CC=CC=C2,0.10233535655877189,0.5059817504784678,0.1259095717526527
Minaprine,CC1=CC(=NN=C1NCCN2CCOCC2)C3=CC=CC=C3,0.08103628333605839,0.21697020954675966,0.097157315622256
MiPLA,CC(C)N(C)C(=O)C1CN(C2CC3=CNC4=CC=CC(=C34)C2=C1)C,0.12201071084810802,0.8145087877791033,0.14352860330253192
mipracetin,CC(C)N(C)CCC1=CNC2=C1C(=CC=C2)OC(=O)C,0.14627161760559196,0.8675810581966356,0.17285304223985137
miprocin,CC(C)N(C)CCC1=CNC2=C1C(=CC=C2)O,0.20798650910519656,0.8798215647784208,0.24171511340763685
MiPT,CC(C)N(C)CCC1=CNC2=CC=CC=C21,0.20309609728315767,0.85599576249556,0.19942188501050065
Mirtazapine,CN1CCN2C(C1)C3=CC=CC=C3CC4=C2N=CC=C4,0.07503186857333846,0.4403636441313239,0.07236367826594599
MK-2866,CC(COC1=CC=C(C=C1)C#N)(C(=O)NC2=CC(=C(C=C2)C#N)C(F)(F)F)O,0.20578620325182848,0.17240599213973493,0.6512665112799451
MK-677,CC(C)(C(=O)NC(COCC1=CC=CC=C1)C(=O)N2CCC3(CC2)CN(C4=CC=CC=C34)S(=O)(=O)C)N.CS(=O)(=O)O,0.08896003146472711,0.5910973924865461,0.1320913759534441
MK-801,CC12C3=CC=CC=C3CC(N1)C4=CC=CC=C24.C(=CC(=O)O)C(=O)O,0.1553180506423817,0.4689850338451753,0.2289714588900434
MMDA,CC(CC1=CC2=C(C(=C1)OC)OCO2)N,0.2688139822025139,0.8440259475231242,0.19801652098848785
MMDA-2,CC(CC1=CC2=C(C=C1OC)OCO2)N,0.297783776690704,0.8514616809729897,0.23286208772751635
MMQ,C(P(=O)(O)O)S,0.5106448347847562,0.2320847213753965,0.4258956210097798
MMXE,CNC1(CCCCC1=O)C2=CC(=CC=C2)OC,0.2595979430130587,0.7778571438191115,0.21957706952415948
MNT,CC1=CC(=CC=C1)[N+](=O)[O-],0.8049012840222641,0.6155964744043558,0.6558001192449087
Moban,CCC1=C(NC2=C1C(=O)C(CC2)CN3CCOCC3)C.Cl,0.24354392711118192,0.6487434641236031,0.17297382120130994
Moclobemide,C1COCCN1CCNC(=O)C2=CC=C(C=C2)Cl,0.06866815109347206,0.4301186889862524,0.09662980124527348
Modafiendz,CNC(=O)CS(=O)C(C1=CC=C(C=C1)F)C2=CC=C(C=C2)F,0.13122696085811233,0.5674040640933508,0.26767851219990485
Modafinil,C1=CC=C(C=C1)C(C2=CC=CC=C2)S(=O)CC(=O)N,0.19357527601062902,0.39401784235952225,0.24773670976251733
Modecate,CCCCCCCCCC(=O)OCCN1CCN(CC1)CCCN2C3=CC=CC=C3SC4=C2C=C(C=C4)C(F)(F)F,0.031085785230058588,0.7232795847493051,0.0874032138922792
Molindone,CCC1=C(NC2=C1C(=O)C(CC2)CN3CCOCC3)C,0.24333559377784858,0.5778687521040912,0.17172382120130994
Monase,CCC(CC1=CNC2=CC=CC=C21)N,0.281759458118456,0.7485264423247923,0.26960623558438124
Monkey Dust,C1CCC(CC1)(C2=CC=CC=C2)N3CCCCC3,0.21521649482569227,0.7193842603752162,0.25643289090822685
Moperone,CC1=CC=C(C=C1)C2(CCN(CC2)CCCC(=O)C3=CC=C(C=C3)F)O,0.04516582367223874,0.6908965412923918,0.07386090587739319
Morphine,CN1CCC23C4C1CC5=C2C(=C(C=C5)O)OC3C(C=C4)O,0.09359246031345204,0.7158494176286577,0.12405907766931441
Morphine methylbromide,C[N+]1(CCC23C4C1CC5=C2C(=C(C=C5)O)OC3C(C=C4)O)C.[Br-],0.20961449029933157,0.655904674289184,0.3480171813327597
morpholinylethylmorphine,CN1CCC23C4C1CC5=C2C(=C(C=C5)OCCN6CCOCC6)OC3C(C=C4)O,0.08448316551679,0.6456891959130638,0.11421328086637511
Mosapramine,C1CCN2C(C1)NC(=O)C23CCN(CC3)CCCN4C5=CC=CC=C5CCC6=C4C=C(C=C6)Cl,0.04946923056924344,0.6212723282654402,0.08640424151350885
Moxy,CC(C)N(C)CCC1=CNC2=C1C=C(C=C2)OC,0.19414922284460212,0.8859567034048554,0.1911938952787538
MPPP,CCC(=O)OC1(CCN(CC1)C)C2=CC=CC=C2,0.08708282711221628,0.45707799753214523,0.10841265532022511
MT-45,C1CCC(CC1)N2CCN(CC2)C(CC3=CC=CC=C3)C4=CC=CC=C4,0.1385127004295878,0.4933016571313413,0.13160603995254097
Muscimol,C1=C(ONC1=O)CN,0.4338455445814796,0.43996455293432485,0.35274613678995614
MXE,CCNC1(CCCCC1=O)C2=CC(=CC=C2)OC,0.20504567950252162,0.8078037793776829,0.19703454331871179
MXM,CNC1(CCCCC1=O)C2=CC(=CC=C2)OC,0.2595979430130587,0.7778571438191115,0.21957706952415948
MXP,COC1=CC=CC=C1C(CC2=CC=CC=C2)N3CCCCC3,0.096187730124218,0.6389765856959878,0.12588257225572938
MXPr,CCCNC1(CCCCC1=O)C2=CC(=CC=C2)OC,0.22129496789842665,0.7779113645387598,0.19710148531713612
Myristicin,COC1=CC(=CC2=C1OCO2)CC=C,0.4826087247592968,0.69370981086341,0.29716869945899543
Myrophine,CCCCCCCCCCCCCC(=O)OC1C=CC2C3CC4=C5C2(C1OC5=C(C=C4)OCC6=CC=CC=C6)CCN3C,0.08191530116325159,0.7449286043481615,0.13065110673000574
N-(2C-B) fentanyl,CCC(=O)N(C1CCN(CC1)CCC2=CC(=C(C=C2OC)Br)OC)C3=CC=CC=C3,0.06688916281979218,0.9189554916140957,0.1135454589745678
N-(2C-C) fentanyl,CCC(=O)N(C1CCN(CC1)CCC2=CC(=C(C=C2OC)Cl)OC)C3=CC=CC=C3,0.07494472490434942,0.9113942200548095,0.12200189446019705
N-(2C-D) fentanyl,CCC(=O)N(C1CCN(CC1)CCC2=C(C=C(C(=C2)OC)C)OC)C3=CC=CC=C3,0.06851252808674019,0.904402451916784,0.09514003145019283
N-(2C-E) fentanyl,CCC1=CC(=C(C=C1OC)CCN2CCC(CC2)N(C3=CC=CC=C3)C(=O)CC)OC,0.07346814742334998,0.9253392986972122,0.10037033433069326
N-(2C-G) fentanyl,CCC(=O)N(C1CCN(CC1)CCC2=CC(=C(C(=C2OC)C)C)OC)C3=CC=CC=C3,0.07080713683582228,0.8383799037997551,0.095631342114399
N-(2C-I) fentanyl,CCC(=O)N(C1CCN(CC1)CCC2=CC(=C(C=C2OC)I)OC)C3=CC=CC=C3,0.06630807323556133,0.920965626159194,0.1050943163277983
N-(2C-IP) fentanyl,CCC(=O)N(C1CCN(CC1)CCC2=CC(=C(C=C2OC)C(C)C)OC)C3=CC=CC=C3,0.06335203510968651,0.9208669994520138,0.10957599147325628
N-(2C-N) fentanyl,CCC(=O)N(C1CCN(CC1)CCC2=CC(=C(C=C2OC)[N+](=O)[O-])OC)C3=CC=CC=C3,0.24689286880737124,0.9094990089911578,0.2440099058929523
N-(2C-P) fentanyl,CCCC1=CC(=C(C=C1OC)CCN2CCC(CC2)N(C3=CC=CC=C3)C(=O)CC)OC,0.06769956616218056,0.9138532674883675,0.09870102959063652
N-(2C-T-2) fentanyl,CCC(=O)N(C1CCN(CC1)CCC2=CC(=C(C=C2OC)SCC)OC)C3=CC=CC=C3,0.07091504394885159,0.9059050238372311,0.11832006700113508
N-(2C-T-4) fentanyl,CCC(=O)N(C1CCN(CC1)CCC2=CC(=C(C=C2OC)SC(C)C)OC)C3=CC=CC=C3,0.06631813285292218,0.9175131536707631,0.12004842377249786
N-(2C-T-7) fentanyl,CCCSC1=C(C=C(C(=C1)OC)CCN2CCC(CC2)N(C3=CC=CC=C3)C(=O)CC)OC,0.07097037164239352,0.9158507183969088,0.11402291194155492
N-(2C-T) fentanyl,CCC(=O)N(C1CCN(CC1)CCC2=CC(=C(C=C2OC)SC)OC)C3=CC=CC=C3,0.06407040026948967,0.9198621639061865,0.1311169427398399
N-(2C-TFM) fentanyl,CCC(=O)N(C1CCN(CC1)CCC2=CC(=C(C=C2OC)C(F)(F)F)OC)C3=CC=CC=C3,0.059416503858838114,0.8874294966355809,0.13263230833840245
N2O,[N-]=[N+]=O,0.8317834671459265,0.3057395504324892,0.64519485995373
N-Acetylcysteine,CC(=O)NC(CS)C(=O)O,0.3297075846798683,0.29117310809620034,0.214290356057179
Naloxone,C=CCN1CCC23C4C(=O)CCC2(C1CC5=C3C(=C(C=C5)O)O4)O,0.15579899761598692,0.6195756631820967,0.20921758389401002
"N,alpha-Diethylphenylethylamine",CCC(CC1=CC=CC=C1)NCC,0.22518735521238875,0.5844347661166478,0.195148763534203
Naranol,CC1CN(CC2C1(OC3=C(C2)C4=CC=CC=C4C=C3)O)C,0.1905021417707016,0.28509221213021535,0.19990959594940066
Nardil,C1=CC=C(C=C1)CCNN,0.266923912485185,0.392276441068762,0.1937118481087258
Navane,CN1CCN(CC1)CCC=C2C3=CC=CC=C3SC4=C2C=C(C=C4)S(=O)(=O)N(C)C,0.05032477154250554,0.42859362804220746,0.08442383049529857
NB 106-689,CN1CCN(CC1)C2=NC3=C(CC4=CC=CC=C42)C=CC(=C3)F,0.0974945101594272,0.43227618141506646,0.11045189680284034
N-Desethylisotonitazene,CCNCCN1C2=C(C=C(C=C2)[N+](=O)[O-])N=C1CC3=CC=C(C=C3)OC(C)C,0.3647476243884632,0.8154849829200513,0.41824914101899613
N-Desmethyl-BDPC,CNC1(CCC(CC1)(CCC2=CC=CC=C2)O)C3=CC=C(C=C3)Br,0.1465552799660345,0.41339252027270973,0.1534230189259847
N-Desmethylclozapine,C1CN(CCN1)C2=NC3=C(C=CC(=C3)Cl)NC4=CC=CC=C42,0.139324531711686,0.5917762028498043,0.1873785600850188
NEDPA,CCNC(CC1=CC=CC=C1)C2=CC=CC=C2,0.22565978274675869,0.5479937638333908,0.21252178984416525
Nefadar,CCC1=NN(C(=O)N1CCOC2=CC=CC=C2)CCCN3CCN(CC3)C4=CC(=CC=C4)Cl,0.05573467557605374,0.5381006632385125,0.07099298103643284
Nefazodone,CCC1=NN(C(=O)N1CCOC2=CC=CC=C2)CCCN3CCN(CC3)C4=CC(=CC=C4)Cl,0.05573467557605374,0.5381006632385124,0.07099298103643284
Nemonapride,CC1C(CCN1CC2=CC=CC=C2)NC(=O)C3=CC(=C(C=C3OC)NC)Cl,0.08341040518155961,0.44543666476552074,0.14555616383442266
NENK,CCNC1(CCCCC1=O)C2=CC=CC=C2Cl,0.21809761551985865,0.6692220527426714,0.2474479741424522
N-Ethyl-2C-B,CCNCCC1=CC(=C(C=C1OC)Br)OC,0.290019924907371,0.8952464212710174,0.32787554108198563
N-Ethylhexedrone,CCCCC(C(=O)C1=CC=CC=C1)NCC,0.14704187419409037,0.6913366331139512,0.2623466559750188
N-Ethylnorketamine,CCNC1(CCCCC1=O)C2=CC=CC=C2Cl,0.21809761551985865,0.6692220527426714,0.2474479741424522
N-Ethylpentedrone,CCCC(C(=O)C1=CC=CC=C1)NCC,0.15939099297840886,0.6987728430034257,0.23582290133772116
N-Ethylpentylone,CCCC(C(=O)C1=CC2=C(C=C1)OCO2)NCC,0.15959128121248045,0.8241062047995652,0.18829471325005628
Neulactil,C1CN(CCC1O)CCCN2C3=CC=CC=C3SC4=C2C=C(C=C4)C#N,0.037095636195596395,0.6270584462374298,0.08621282269533595
Neuleptil,C1CN(CCC1O)CCCN2C3=CC=CC=C3SC4=C2C=C(C=C4)C#N,0.037095636195596395,0.6270584462374298,0.08621282269533595
Neuralex,CC(C1=CC=CC=C1)NNC(=O)C2=CC=CC=C2,0.1746021226312503,0.3827777394756439,0.30825284906072176
N-Hydroxy-EDMA,CC(CC1=CC2=C(C=C1)OCCO2)N(C)O,0.20999501709553225,0.6432947354440742,0.23718674711001178
Nialamide,C1=CC=C(C=C1)CNC(=O)CCNNC(=O)C2=CC=NC=C2,0.11210681139142531,0.22445752978708033,0.10443245179589677
Niamid,C1=CC=C(C=C1)CNC(=O)CCNNC(=O)C2=CC=NC=C2,0.11210681139142531,0.22445752978708033,0.10443245179589677
Nicomorphine,CN1CCC23C4C1CC5=C2C(=C(C=C5)OC(=O)C6=CN=CC=C6)OC3C(C=C4)OC(=O)C7=CN=CC=C7,0.08425110958854638,0.6990600832277771,0.13050728321744143
Nifoxipam,C1=CC=C(C(=C1)C2=NC(C(=O)NC3=C2C=C(C=C3)[N+](=O)[O-])O)F,0.4581480186472205,0.7499155830138736,0.4617822109402745
Nimetazepam,CN1C(=O)CN=C(C2=C1C=CC(=C2)[N+](=O)[O-])C3=CC=CC=C3,0.3912641790430829,0.8398368284335167,0.3618161472454318
Nipolept,CN(C)CCOC1=CC2=CC=CC=C2SC3=C1C=C(C=C3)Cl,0.17756138028149748,0.32114293708425706,0.207743093953951
Nitrazepam,C1C(=O)NC2=C(C=C(C=C2)[N+](=O)[O-])C(=N1)C3=CC=CC=C3,0.5056372423555981,0.8280103002035771,0.38946292905688573
Nitrazolam,CC1=NN=C2N1C3=C(C=C(C=C3)[N+](=O)[O-])C(=NC2)C4=CC=CC=C4,0.3957945439484643,0.850951301054359,0.3432506142863889
Nitromethaqualone,CC1=NC2=CC=CC=C2C(=O)N1C3=C(C=C(C=C3)[N+](=O)[O-])OC,0.43432718154983385,0.7116806746040488,0.415161711292404
Nitrosoprodenafil,CCCC1=NN(C2=C1N=C(N=C2OC3=NC=C(S3)N(C)N=O)C4=C(C=CC(=C4)S(=O)(=O)N5CC(NC(C5)C)C)OCC)C,0.16845505600888178,0.5354263799218771,0.1752173699550617
Nitrous Oxide,[N-]=[N+]=O,0.8317834671459265,0.3057395504324891,0.64519485995373
Nitroxazepine,CN(C)CCCN1C2=CC=CC=C2OC3=C(C1=O)C=C(C=C3)[N+](=O)[O-],0.37899787287933245,0.7851371568222798,0.3338584925791133
NM-2-AI,CNC1CC2=CC=CC=C2C1,0.3410686679027136,0.5536268824294085,0.3764452698000334
N-Methylephenidine,CCN(C)C(CC1=CC=CC=C1)C2=CC=CC=C2,0.20791430842888087,0.5043129074962924,0.1925865489072483
N-Methylmescaline,CNCCC1=CC(=C(C(=C1)OC)OC)OC,0.2822658684934083,0.723167896780339,0.235211615174003
N-Methyl-PAL-287,CC(CC1=CC2=CC=CC=C2C=C1)NC,0.37535898203049717,0.6605893901064994,0.33346124114866854
N-Methyltryptamine,CNCCC1=CNC2=CC=CC=C21,0.28490678236385053,0.8131422677786999,0.27581572928113873
N-Morpholinyllysergamide,CN1CC(C=C2C1CC3=CNC4=CC=CC2=C34)C(=O)N5CCOCC5,0.13454685877689113,0.7286327191143391,0.1240559552120686
"N,N-Diformylmescaline",COC1=CC(=CC(=C1OC)OC)CCN(C=O)C=O,0.28246084937370897,0.634135915894603,0.23107774573302398
"N,N-dimethylmescaline",C[NH+](C)CCC1=CC(=C(C(=C1)OC)OC)OC,0.36866291782924066,0.7676814558297393,0.3287938512573729
Nogedal,C[NH+](C)CCON=C1C2=CC=CC=C2CCC3=CC=CC=C31.[Cl-],0.19871807931193552,0.35703117399337586,0.23905255148091367
Nomifensine,CN1CC(C2=C(C1)C(=CC=C2)N)C3=CC=CC=C3,0.1744558282892601,0.4481785452373264,0.11728629760488307
Noopept,CCOC(=O)CNC(=O)C1CCCN1C(=O)CC2=CC=CC=C2,0.07398574666118417,0.4179811217731668,0.12407888572927263
Norbaeocystin,C1=CC2=C(C(=C1)OP(=O)(O)O)C(=CN2)CCN,0.23082060871837412,0.8316517871752258,0.26460976747710496
Norbolethone,CCC12CCC3C(C1CCC2(CC)O)CCC4=CC(=O)CCC34,0.20709839102266905,0.4753204878239845,0.8000558867804347
Norbromadol,CNC1(CCC(CC1)(CCC2=CC=CC=C2)O)C3=CC=C(C=C3)Br,0.14655527996603449,0.41339252027270973,0.1534230189259847
Nordazepam,C1C(=O)NC2=C(C=C(C=C2)Cl)C(=N1)C3=CC=CC=C3,0.2659543537126463,0.7136064902519424,0.20744760991038178
Norflurazepam,C1C(=O)NC2=C(C=C(C=C2)Cl)C(=N1)C3=CC=CC=C3F,0.23028939698588155,0.7842123838253516,0.19825484347719666
Normud,CN(C)CC=C(C1=CC=C(C=C1)Br)C2=CN=CC=C2.Cl.Cl,0.21389616132785336,0.3564575685844048,0.18562248666572112
Norpramin,CNCCCN1C2=CC=CC=C2CCC3=CC=CC=C31.Cl,0.13129383848442994,0.7719538257031833,0.13136657832860163
Nortilidine,CCOC(=O)C1(CCC=CC1NC)C2=CC=CC=C2,0.12446797065959726,0.4965165757148414,0.18103460049275444
Nortriptyline,CNCCC=C1C2=CC=CC=C2CCC3=CC=CC=C31,0.2447268214886142,0.6116425806881158,0.23329452747355806
Nosinan,CC(CN1C2=CC=CC=C2SC3=C1C=C(C=C3)OC)CN(C)C,0.15018468855825506,0.5661310744070724,0.13425758055173564
Noveril,CN1C2=CC=CC=C2C(=O)N(C3=CC=CC=C31)CCN(C)C.Cl,0.1766477157920682,0.6985645543766528,0.1161569180644776
Noxiptiline,CN(C)CCON=C1C2=CC=CC=C2CCC3=CC=CC=C31,0.1632506767722868,0.42539313312710336,0.1655547515767088
Nozinan,CC(CN1C2=CC=CC=C2SC3=C1C=C(C=C3)OC)CN(C)C,0.15018468855825506,0.5661310744070724,0.13425758055173564
N-Phenethyl-14-ethoxymetopon,CCOC12CCC(=O)C3(C14CCN(C2CC5=C4C(=C(C=C5)O)O3)CCC6=CC=CC=C6)C,0.09239555023636316,0.608679819683262,0.16147144912088834
N-Phenethylnormorphine,C1CN(C2CC3=C4C15C2C=CC(C5OC4=C(C=C3)O)O)CCC6=CC=CC=C6,0.0849777538600129,0.6836713143818727,0.1078947647299041
N-Propylbutylone,CCCNC(CC)C(=O)C1=CC2=C(C=C1)OCO2,0.14415927886316054,0.7922478867619656,0.17136674562744558
N-Tert-Butyl-Methylone,CC(C(=O)C1=CC2=C(C=C1)OCO2)NC(C)(C)C,0.1521417980717404,0.7298401617160323,0.2127115740190265
O-AMKD,CC(=O)C1(CCN(CC1)C)C2=CC(=CC=C2)OC(=O)C,0.12475856443601979,0.45082204461501135,0.1573492027000311
Ocaperidone,CC1=CC=CN2C1=NC(=C(C2=O)CCN3CCC(CC3)C4=NOC5=C4C=CC(=C5)F)C,0.09090220233720564,0.41923204038897793,0.11862691292382609
Octamoxin,CCCCCCC(C)NN,0.3995640024003756,0.5232462410359099,0.42710144560794994
O-Desmethyltramadol,CN(C)CC1CCCCC1(C2=CC(=CC=C2)O)O,0.17111981487151312,0.602521951634855,0.23063902837773362
O-DSMT,CN(C)CC1CCCCC1(C2=CC(=CC=C2)O)O,0.17111981487151312,0.6025219516348549,0.23063902837773362
Olanzapine,CC1=CC2=C(S1)NC3=CC=CC=C3N=C2N4CCN(CC4)C,0.09143278911053242,0.5519986362370266,0.13884919976487503
Omberacetam,CCOC(=O)CNC(=O)C1CCCN1C(=O)CC2=CC=CC=C2,0.07398574666118417,0.4179811217731668,0.12407888572927264
Omnopon,CN1CCC23C4C1CC5=C2C(=C(C=C5)O)OC3C(C=C4)O.CN1CCC23C4C1CC5=C2C(=C(C=C5)OC)OC3C(C=C4)O.COC1=C(C=C(C=C1)CC2=NC=CC3=CC(=C(C=C32)OC)OC)OC.Cl.Cl.Cl,0.10600490699093411,0.716482537923542,0.10802884004427042
O-PCE,CCNC1(CCCCC1=O)C2=CC=CC=C2,0.21718054021123254,0.7406718129019448,0.1830913271718851
Opertil,CC1=C(C2=CC(=C(C=C2N1)OC)OC)CCN3CCN(CC3)C4=CC=CC=C4,0.06857840203978285,0.5989900073217159,0.10175600060242497
Opioids,CCC(=O)N(C1CCN(CC1)CCC2=CC=CC=C2)C3=CC=CC=C3.CCOC(=O)C1(CCN(CC1)C)C2=CC=CC=C2.CN1CCC23C4C(=O)CCC2(C1CC5=C3C(=C(C=C5)OC)O4)O,0.07982662962429742,0.6948393076104263,0.11750118464984444
Opipramol,C1CN(CCN1CCCN2C3=CC=CC=C3C=CC4=CC=CC=C42)CCO,0.09116327153484677,0.71011615026682,0.09951201707820694
Optimax,CC1=NC=C(C(=C1O)CO)CO.C1=CC=C2C(=C1)C(=CN2)CC(C(=O)O)N.C(C(C1C(=C(C(=O)O1)O)O)O)O.Cl,0.10853836105435426,0.37895650839854544,0.1418015723417723
Orap,C1CN(CCC1N2C3=CC=CC=C3NC2=O)CCCC(C4=CC=C(C=C4)F)C5=CC=C(C=C5)F,0.05709774413280672,0.6068769848534287,0.05946301656829934
Oripavine,CN1CCC23C4C(=CC=C2C1CC5=C3C(=C(C=C5)O)O4)OC,0.13261974819161768,0.7123860903386281,0.20234727795993962
Ortetamine,CC1=CC=CC=C1CC(C)N,0.2971171398352568,0.7285066023130207,0.32271645353631323
Ostarine,CC(COC1=CC=C(C=C1)C#N)(C(=O)NC2=CC(=C(C=C2)C#N)C(F)(F)F)O,0.20578620325182848,0.1724059921397349,0.6512665112799451
Oxaflozane,CC(C)N1CCOC(C1)C2=CC(=CC=C2)C(F)(F)F,0.19792980959849626,0.34274035643375167,0.24245907236105846
Oxiracetam,C1C(CN(C1=O)CC(=O)N)O,0.2196186206383583,0.4399496318828171,0.20386745414602372
Oxitriptan,C1=CC2=C(C=C1O)C(=CN2)CC(C(=O)O)N,0.1004402561530478,0.5065560309686541,0.20892922498061078
Oxycodone,CN1CCC23C4C(=O)CCC2(C1CC5=C3C(=C(C=C5)OC)O4)O,0.09248368861574409,0.7385256024408102,0.1276198661407749
OxyContin,CN1CCC23C4C(=O)CCC2(C1CC5=C3C(=C(C=C5)OC)O4)O,0.09248368861574409,0.73852560244081,0.1276198661407749
Oxymorphone,CN1CCC23C4C(=O)CCC2(C1CC5=C3C(=C(C=C5)O)O4)O,0.0944415141761972,0.7142011444631611,0.15646098878329076
Oxypertine,CC1=C(C2=CC(=C(C=C2N1)OC)OC)CCN3CCN(CC3)C4=CC=CC=C4,0.06857840203978285,0.5989900073217159,0.10175600060242497
Oxyprothepin decanoate,CCCCCCCCCC(=O)OCCCN1CCN(CC1)C2CC3=CC=CC=C3SC4=C2C=C(C=C4)SC,0.06463919842609929,0.6563371364101732,0.1294713731127142
Oxyprothepine,CSC1=CC2=C(C=C1)SC3=CC=CC=C3CC2N4CCN(CC4)CCCO,0.05130060196675203,0.7006176050955257,0.08272453193302122
Pagoclone,CC(C)CCC(=O)CC1C2=CC=CC=C2C(=O)N1C3=NC4=C(C=C3)C=CC(=N4)Cl,0.15539187915059682,0.17051916066304937,0.25609372708361855
PAL-313,CC1=CC=C(C=C1)CC(C)N,0.34765747875648145,0.7449208835104425,0.3300186168873649
PAL-571,CC(CC1=CC2=C(C=C1)NC=C2)N,0.3006627115436284,0.7168989123332562,0.29828274232919955
Paliperidone,CC1=C(C(=O)N2CCCC(C2=N1)O)CCN3CCC(CC3)C4=NOC5=C4C=CC(=C5)F,0.09347294392270543,0.5044051002204847,0.14436196026025316
Paliperidone palmitate,CCCCCCCCCCCCCCCC(=O)OC1CCCN2C1=NC(=C(C2=O)CCN3CCC(CC3)C4=NOC5=C4C=CC(=C5)F)C,0.08974999176025826,0.5764650821649733,0.13964697339462556
Pamelor,CNCCC=C1C2=CC=CC=C2CCC3=CC=CC=C31.Cl,0.2679110839343323,0.710835204598786,0.23329452747355806
Pantopon,CN1CCC23C4C1CC5=C2C(=C(C=C5)O)OC3C(C=C4)O.CN1CCC23C4C1CC5=C2C(=C(C=C5)OC)OC3C(C=C4)O.COC1=C(C=C(C=C1)CC2=NC=CC3=CC(=C(C=C32)OC)OC)OC.Cl.Cl.Cl,0.10600490699093411,0.716482537923542,0.10802884004427042
Papaveretum,CN1CCC23C4C1CC5=C2C(=C(C=C5)O)OC3C(C=C4)O.CN1CCC23C4C1CC5=C2C(=C(C=C5)OC)OC3C(C=C4)O.COC1=C(C=C(C=C1)CC2=NC=CC3=CC(=C(C=C32)OC)OC)OC,0.10350490699093409,0.7116363635228231,0.10677884004427045
Para-Bromoamphetamine,CC(CC1=CC=C(C=C1)Br)N,0.3461228982657791,0.7514096913365436,0.3298716222471521
Para-Chloroamphetamine,CC(CC1=CC=C(C=C1)Cl)N,0.3292113690856872,0.7079686057746838,0.32568637318872684
Para-Chloromethamphetamine,CC(CC1=CC=C(C=C1)Cl)NC,0.29322442802072,0.6756834700959959,0.35432349431259685
para-Fluorophenylpiperazine,C1CN(CCN1)C2=CC=C(C=C2)F,0.22292547481346212,0.5450998504936123,0.21432811483997619
Paramethoxyamphetamine,CC(CC1=CC=C(C=C1)OC)N,0.303048055564628,0.7235314938081061,0.2662806471767292
Paramethoxymethamphetamine,CC(CC1=CC=C(C=C1)OC)NC,0.27153312808208385,0.6408055933961869,0.2721131813727322
para-Methoxyphenylpiperazine,COC1=CC=C(C=C1)N2CCNCC2,0.2153523551347774,0.5300741918724682,0.1948236883288005
Paraperazine,COC1=CC=C(C=C1)N2CCNCC2,0.2153523551347774,0.5300741918724682,0.1948236883288005
PARGY-LAD,CCN(CC)C(=O)C1CN(C2CC3=CNC4=CC=CC(=C34)C2=C1)CC#C,0.14210227592687302,0.7989412747078564,0.16948481764272136
Parnate,C1C(C1N)C2=CC=CC=C2,0.3325866227525148,0.3583995465602979,0.41767650833740577
Paroxetine,C1CNCC(C1C2=CC=C(C=C2)F)COC3=CC4=C(C=C3)OCO4,0.21314346518328922,0.5884846539107164,0.22682802183609874
Paxil,C1CNCC(C1C2=CC=C(C=C2)F)COC3=CC4=C(C=C3)OCO4,0.21314346518328922,0.5884846539107164,0.22682802183609874
PBA,C1=CC=C(C=C1)CCCC(=O)O,0.1847687887720487,0.3117169398329873,0.18820975802483897
p-CliBF,CC(C)C(=O)N(C1CCN(CC1)CCC2=CC=CC=C2)C3=CC=C(C=C3)Cl,0.06386213734076718,0.7118728738719536,0.09863282352934266
PCMA,CC(CC1=CC=C(C=C1)Cl)NC,0.29322442802072,0.6756834700959959,0.35432349431259685
PD-137889,CNC12CCCCC1CC3=CC=CC=C23,0.21833612646291944,0.4938341905564812,0.2834991855609046
Penfluridol,C1CN(CCC1(C2=CC(=C(C=C2)Cl)C(F)(F)F)O)CCCC(C3=CC=C(C=C3)F)C4=CC=C(C=C4)F,0.06476587949088836,0.4535053307490012,0.13890204169901366
Pentedrone,CCCC(C(=O)C1=CC=CC=C1)NC,0.19702555765629218,0.6990986444780454,0.22248122800316064
Pentobarbital,CCCC(C)C1(C(=O)NC(=O)NC1=O)CC,0.214564923026885,0.44283346672211626,0.2107395999119418
Pentylone,CCCC(C(=O)C1=CC2=C(C=C1)OCO2)NC,0.18454483129807595,0.8015637373593316,0.1906714070083141
Perazine,CN1CCN(CC1)CCCN2C3=CC=CC=C3SC4=CC=CC=C42,0.04306244260227016,0.662602113178294,0.042747140099010796
Periciazine,C1CN(CCC1O)CCCN2C3=CC=CC=C3SC4=C2C=C(C=C4)C#N,0.037095636195596395,0.6270584462374298,0.08621282269533595
Perospirone,C1CCC2C(C1)C(=O)N(C2=O)CCCCN3CCN(CC3)C4=NSC5=CC=CC=C54,0.05170863582327609,0.7807068286146196,0.11300438427832236
Perphenazine,C1CN(CCN1CCCN2C3=CC=CC=C3SC4=C2C=C(C=C4)Cl)CCO,0.038262742012128856,0.7749798665982843,0.06534640910979278
Perphenazine decanoate,CCCCCCCCCC(=O)OCCN1CCN(CC1)CCCN2C3=CC=CC=C3SC4=C2C=C(C=C4)Cl,0.03742965046921779,0.771332138508712,0.09890727601246184
Perphenazine enanthate,CCCCCCC(=O)OCCN1CCN(CC1)CCCN2C3=CC=CC=C3SC4=C2C=C(C=C4)Cl,0.03742965046921779,0.771332138508712,0.09890727601246184
Pertofrane,CNCCCN1C2=CC=CC=C2CCC3=CC=CC=C31.Cl,0.13129383848442994,0.7719538257031833,0.13136657832860163
Pethidine,CCOC(=O)C1(CCN(CC1)C)C2=CC=CC=C2,0.052980689216383985,0.41001852307932984,0.08917431239152157
p-FBF,CCCC(=O)N(C1CCN(CC1)CCC2=CC=CC=C2)C3=CC=C(C=C3)F,0.062173164869002845,0.8095049861930255,0.0788624475092692
p-FF,CCC(=O)N(C1CCN(CC1)CCC2=CC=CC=C2)C3=CC=C(C=C3)F,0.05607275126620244,0.7722581241178058,0.088534972171447
p-FiBF,CC(C)C(=O)N(C1CCN(CC1)CCC2=CC=CC=C2)C3=CC=C(C=C3)F,0.05701423761707882,0.7517165718190515,0.08419846020957905
pFPP,C1CN(CCN1)C2=CC=C(C=C2)F,0.22292547481346212,0.5450998504936123,0.21432811483997619
Phenazepam,C1C(=O)NC2=C(C=C(C=C2)Br)C(=N1)C3=CC=CC=C3Cl,0.2349759771860997,0.8072887957264143,0.2811137544307502
Phencyclidine,C1CCC(CC1)(C2=CC=CC=C2)N3CCCCC3,0.21521649482569227,0.7193842603752162,0.25643289090822685
Phenelzine,C1=CC=C(C=C1)CCNN,0.26692391248518504,0.392276441068762,0.1937118481087258
Phenethylamine,C1=CC=C(C=C1)CCN,0.2909369851543808,0.4493088814140728,0.2611152633852327
Phenibut,C1=CC=C(C=C1)C(CC(=O)O)CN,0.18348303284924114,0.5499632510933464,0.20364941064314265
Pheniprazine,CC(CC1=CC=CC=C1)NN,0.21346095427664352,0.6333333914134288,0.17450749436499027
Phenoxypropazine,CC(COC1=CC=CC=C1)NN,0.23745415264873784,0.5444471991125792,0.22961106752022295
Phentermine,CC(C)(CC1=CC=CC=C1)N,0.30492502503311736,0.343909767073865,0.22413796615587067
Phenylpiracetam,C1C(CN(C1=O)CC(=O)N)C2=CC=CC=C2,0.10075037783518426,0.49850667243820146,0.12945306846156482
Pholcodine,CN1CCC23C4C1CC5=C2C(=C(C=C5)OCCN6CCOCC6)OC3C(C=C4)O,0.08448316551679,0.6456891959130638,0.11421328086637511
Phtorazisin,CCN(CC)CCC(=O)N1C2=CC=CC=C2SC3=C1C=C(C=C3)C(F)(F)F,0.07642305328579876,0.4579386197939423,0.1484247382555091
p-hydroxy-butyrylfentanyl,CCCC(=O)N(C1CCN(CC1)CCC2=CC=CC=C2)C3=CC=C(C=C3)O,0.07119590312316915,0.7746556223329987,0.17363267252883258
Pimavanserin,CC(C)COC1=CC=C(C=C1)CNC(=O)N(CC2=CC=C(C=C2)F)C3CCN(CC3)C,0.08619034701221405,0.2613037151860648,0.1061356450580749
Pimozide,C1CN(CCC1N2C3=CC=CC=C3NC2=O)CCCC(C4=CC=C(C=C4)F)C5=CC=C(C=C5)F,0.05709774413280672,0.6068769848534287,0.05946301656829934
Pipamperone,C1CCN(CC1)C2(CCN(CC2)CCCC(=O)C3=CC=C(C=C3)F)C(=O)N,0.04622506409942603,0.6606652229626506,0.07507082622809133
Piperacetazine,CC(=O)C1=CC2=C(C=C1)SC3=CC=CC=C3N2CCCN4CCC(CC4)CCO,0.03360651516064162,0.6792775386223017,0.06673497053661279
Piperidino acetildenafil,CCCC1=NN(C2=C1N=C(NC2=O)C3=C(C=CC(=C3)C(=O)CN4CCCCC4)OCC)C,0.07524085528987358,0.7778680007678545,0.09891965542871889
Piperidinovardenafil,CCCC1=NC(=C2N1N=C(NC2=O)C3=C(C=CC(=C3)S(=O)(=O)N4CCCCC4)OCC)C,0.1283584939769426,0.4860554407856785,0.14183686688051664
Piperidylthiambutene,CC(C=C(C1=CC=CS1)C2=CC=CS2)N3CCCCC3,0.11877353003339776,0.3351452744983871,0.2013055548289467
Piperonil,C1CCN(CC1)C2(CCN(CC2)CCCC(=O)C3=CC=C(C=C3)F)C(=O)N.Cl.Cl,0.05005839743275936,0.7191659485658635,0.07632082622809133
Piperonyl,C1CCN(CC1)C2(CCN(CC2)CCCC(=O)C3=CC=C(C=C3)F)C(=O)N,0.04622506409942603,0.6606652229626506,0.07507082622809133
Pipofezine,CN1CCN(CC1)C2=NN=C3C(=C2)N(C4=CC=CC=C4O3)C,0.09689589639177408,0.6256186139313705,0.11427324284940645
Piportil,CN(C)S(=O)(=O)C1=CC2=C(C=C1)SC3=CC=CC=C3N2CCCN4CCC(CC4)CCO,0.03461422183233229,0.6014916947460228,0.06634949416978246
Pipotiazine,CN(C)S(=O)(=O)C1=CC2=C(C=C1)SC3=CC=CC=C3N2CCCN4CCC(CC4)CCO,0.03461422183233229,0.6014916947460228,0.06634949416978246
Pipotiazine palmitate,CCCCCCCCCCCCCCCC(=O)OCCC1CCN(CC1)CCCN2C3=CC=CC=C3SC4=C2C=C(C=C4)S(=O)(=O)N(C)C,0.06237938521890794,0.60595668211776,0.09383737522381656
Pipotiazine undecylenate,CN(C)S(=O)(=O)C1=CC2=C(C=C1)SC3=CC=CC=C3N2CCCN4CCC(CC4)CCOC(=O)CCCCCCCCC=C,0.08667927234105598,0.5806041421345772,0.10418767296806095
PiPT,CCCN(CCC1=CNC2=CC=CC=C21)C(C)C,0.2285900875877309,0.8939323273533156,0.216113440926994
Piquindone,CCC1=C(NC2=C1C(=O)C3CN(CCC3C2)C)C,0.22191420849703053,0.47759977323489056,0.15402310269250552
Piracetam,C1CC(=O)N(C1)CC(=O)N,0.22355602841153138,0.41548365699606393,0.1964338260029897
Pirazidol,CC1=CC2=C(C=C1)N3CCNC4C3=C2CCC4,0.15939283499935045,0.4398536992217172,0.16796915644376575
Pirlindole,CC1=CC2=C(C=C1)N3CCNC4C3=C2CCC4,0.15939283499935045,0.4398536992217172,0.16796915644376578
Pivagabine,CC(C)(C)C(=O)NCCCC(=O)O,0.22388460268692065,0.3124622686785726,0.213180058669592
Pivhydrazine,CC(C)(C)C(=O)NNCC1=CC=CC=C1,0.21104673125830672,0.3923333328215455,0.20248301691537374
pMPP,CN1C(=O)C2=CN(C1=O)CCCN3C=NC4=C3N=CN=C4SCCC2,0.13878982521477887,0.4140229775133467,0.15936056343122287
Pomaglumetad,C1C(C2C(C2S1(=O)=O)C(=O)O)(C(=O)O)N,0.3288367251750088,0.2066319246109806,0.2935528610528955
Pramiracetam,CC(C)N(CCNC(=O)CN1CCCC1=O)C(C)C,0.1723726629096951,0.38381776755954866,0.16474008029233492
Prazinil,C1CCN(CC1)C2(CCN(CC2)CCCN3C4=CC=CC=C4CCC5=CC=CC=C53)C(=O)N.O.Cl.Cl,0.06780434096466724,0.6173732606978111,0.06932274750021464
Pregabalin,CC(C)CC(CC(=O)O)CN,0.21566278900547572,0.35616808203550643,0.20558982704411757
Primobolan,CC1=CC(=O)CC2C1(C3CCC4(C(C3CC2)CCC4OC(=O)C)C)C,0.26384769518944173,0.5765129241319831,0.4267663966497499
Pristiq,CN(C)CC(C1=CC=C(C=C1)O)C2(CCCCC2)O.C(CC(=O)O)C(=O)O.O,0.13349482348214342,0.5905781942214545,0.26357603502506094
Prochlorperazine,CN1CCN(CC1)CCCN2C3=CC=CC=C3SC4=C2C=C(C=C4)Cl,0.019658368283458204,0.6591392496334981,0.039231828816096645
PRO-LAD,CCCN1CC(C=C2C1CC3=CNC4=CC=CC2=C34)C(=O)N(CC)CC,0.13080650542070743,0.8337332712058277,0.1325084584842015
Prolintane,CCCC(CC1=CC=CC=C1)N2CCCC2,0.09331099210938427,0.5714869295598263,0.11661301998549303
Prolixin,C1CN(CCN1CCCN2C3=CC=CC=C3SC4=C2C=C(C=C4)C(F)(F)F)CCO.Cl.Cl,0.05644719403120853,0.8120018583271502,0.07014071384053203
Promazine,CN(C)CCCN1C2=CC=CC=C2SC3=CC=CC=C31,0.11461635663716985,0.7721144969902207,0.10014449067674094
Promethazine,CC(CN1C2=CC=CC=C2SC3=CC=CC=C31)N(C)C,0.17043447928657432,0.5422860375755106,0.12818365335208554
Prondol,CN(C)CCCN1C2=C(CCCCCC2)C3=CC=CC=C31,0.11624684649430375,0.44445052401433055,0.1080215027710829
Propitan,C1CCN(CC1)C2(CCN(CC2)CCCC(=O)C3=CC=C(C=C3)F)C(=O)N.Cl.Cl,0.05005839743275936,0.7191659485658636,0.07632082622809133
Propizepine,CC(CN1C2=CC=CC=C2NC3=C(C1=O)C=CC=N3)N(C)C,0.1213351381726555,0.6077837995004061,0.10643067314710773
Propylhexedrine,CC(CC1CCCCC1)NC,0.3855254545450679,0.4760674981552791,0.34143964902438895
Propylisopropyltryptamine,CCCN(CCC1=CNC2=CC=CC=C21)C(C)C,0.2285900875877309,0.8939323273533156,0.216113440926994
Proscaline,CCCOC1=C(C=C(C=C1OC)CCN)OC,0.24074675470599352,0.8438507115677669,0.24872797175999162
Prostanozol,CC12CCC3C(C1CCC2OC4CCCCO4)CCC5C3(CC6=C(C5)NN=C6)C,0.2300820678790456,0.4958077717168266,0.3350920310082124
Prothiaden,CN(C)CCC=C1C2=CC=CC=C2CSC3=CC=CC=C31.Cl,0.20201184625222285,0.6368522069661663,0.17581293375262014
Prothipendyl,CN(C)CCCN1C2=CC=CC=C2SC3=C1N=CC=C3,0.10723389555212305,0.6562595197464186,0.10047967015333528
Protonitazene,CCCOC1=CC=C(C=C1)CC2=NC3=C(N2CCN(CC)CC)C=CC(=C3)[N+](=O)[O-],0.3484278806227639,0.8715767973912549,0.37347055432453014
Protriptyline,CNCCCC1C2=CC=CC=C2C=CC3=CC=CC=C13,0.261003616184273,0.44297841491440315,0.3050719081974117
Proviron,CC1CC(=O)CC2C1(C3CCC4(C(C3CC2)CCC4O)C)C,0.3130253720611229,0.5163571235524228,0.5313232551181681
Prozac,CNCCC(C1=CC=CC=C1)OC2=CC=C(C=C2)C(F)(F)F.Cl,0.19954118763878184,0.6843889519846258,0.2566394299935041
Pseudomorphine,CN1CCC23C4C1CC5=CC(=C(C(=C52)OC3C(C=C4)O)O)C6=C(C7=C8C(=C6)CC9C1C8(CCN9C)C(O7)C(C=C1)O)O,0.14278286872454612,0.5306942679548091,0.1622152283833629
Psicaine,CN1C2CCC1C(C(C2)OC(=O)C3=CC=CC=C3)C(=O)OC.C(C(C(=O)O)O)(C(=O)O)O,0.10091850282103745,0.6004853510596577,0.14295093448543894
Psilacetin,CC(=O)OC1=CC=CC2=C1C(=CN2)CCN(C)C,0.1933189346956608,0.9101788153307147,0.2035491228926437
Psilocin,CN(C)CCC1=CNC2=C1C(=CC=C2)O,0.2895388861286963,0.9056328228673017,0.27108072669690025
Psilocybin,CN(C)CCC1=CNC2=C1C(=CC=C2)OP(=O)(O)O,0.22108015697344488,0.8986863127406747,0.21253293180762117
Psychoson,CN1CCCCC1CCN2C3=CC=CC=C3SC4=C2C=C(C=C4)S(=O)(=O)C,0.07958272660098782,0.6546706446423061,0.10112021847437301
PT-141,CCCCC(C(=O)NC1CC(=O)NCCCCC(NC(=O)C(NC(=O)C(NC(=O)C(NC(=O)C(NC1=O)CC2=CN=CN2)CC3=CC=CC=C3)CCCN=C(N)N)CC4=CNC5=CC=CC=C54)C(=O)O)NC(=O)C,0.14114338081357594,0.646736569506645,0.16456016982167007
Putylone,CCCNC(CC)C(=O)C1=CC2=C(C=C1)OCO2,0.14415927886316054,0.7922478867619656,0.17136674562744558
Pyrazolam,CC1=NN=C2N1C3=C(C=C(C=C3)Br)C(=NC2)C4=CC=CC=N4,0.15576529508364023,0.5967185875705106,0.22845057080430645
pyr-T,C1CCN(C1)CCC2=CNC3=CC=CC=C32,0.09543674261065353,0.6613782922205924,0.12073504818241085
Qelbree,CCOC1=CC=CC=C1OCC2CNCCO2.Cl,0.2881443631604331,0.5006827248834046,0.25141770943023617
Quaalude,CC1=CC=CC=C1N2C(=NC3=CC=CC=C3C2=O)C,0.23351943069737857,0.710244209092363,0.29446544004243624
Quetiapine,C1CN(CCN1CCOCCO)C2=NC3=CC=CC=C3SC4=CC=CC=C42,0.05447713149743432,0.46981598875576885,0.06065545186018724
Quide,CC(=O)C1=CC2=C(C=C1)SC3=CC=CC=C3N2CCCN4CCC(CC4)CCO,0.03360651516064162,0.6792775386223014,0.06673497053661279
Quinupramine,C1CN2CCC1C(C2)N3C4=CC=CC=C4CCC5=CC=CC=C53,0.13706613608065596,0.30230594862500754,0.1686919749068339
R 79598,CC1=CC=CN2C1=NC(=C(C2=O)CCN3CCC(CC3)C4=NOC5=C4C=CC(=C5)F)C,0.09090220233720561,0.41923204038897793,0.11862691292382609
RAD140,CC1=C(C=CC(=C1Cl)C#N)NC(C2=NN=C(O2)C3=CC=C(C=C3)C#N)C(C)O,0.22196932863417218,0.3601279393756711,0.5004840289098975
RAM-378,C1CC2(C3CC4=C5C2(CCN3CCC6=CC=CC=C6)C(C1O)OC5=C(C=C4)O)O,0.0924528443826288,0.69287961778432,0.1437588382650088
Raudixin,COC1C(CC2CN3CCC4=C(C3CC2C1C(=O)OC)NC5=C4C=CC(=C5)OC)OC(=O)C6=CC(=C(C(=C6)OC)OC)OC,0.3351158547343865,0.4874339586073967,0.1433233364633111
RE-104,CC(C)N(CCC1=CNC2=C1C(=CC=C2)OC(=O)CCCC(=O)O)C(C)C,0.1367849504072076,0.8180741661313097,0.18433923709983482
Reboxetine,CCOC1=CC=CC=C1OC(C2CNCCO2)C3=CC=CC=C3,0.15900688268370744,0.43672410296263736,0.21108150596056588
REC,C=C1CSC(N=C1C(=O)O)C(C(=O)O)NC(=O)CCCCC(C(=O)O)N,0.1343738128947095,0.19287442378900546,0.16507843739429698
Redeptin,C1CN(CCC12C(=O)NCN2C3=CC=CC=C3)CCCC(C4=CC=C(C=C4)F)C5=CC=C(C=C5)F,0.05619166561439808,0.568524432854463,0.10332971015568178
Remeron,CN1CCN2C(C1)C3=CC=CC=C3CC4=C2N=CC=C4,0.07503186857333846,0.44036364413132395,0.07236367826594599
Remoxipride,CCN1CCCC1CNC(=O)C2=C(C=CC(=C2OC)Br)OC,0.09570364505462806,0.6318009502263577,0.10705114131043049
Repoise,CCCC(=O)C1=CC2=C(C=C1)SC3=CC=CC=C3N2CCCN4CCN(CC4)C,0.02964908360478353,0.7203594449331042,0.04936321339738651
Rexulti,C1CN(CCN1CCCCOC2=CC3=C(C=C2)C=CC(=O)N3)C4=C5C=CSC5=CC=C4,0.06443484432079642,0.4783785417146831,0.10461600379793817
Risperdal,CC1=C(C(=O)N2CCCCC2=N1)CCN3CCC(CC3)C4=NOC5=C4C=CC(=C5)F,0.09271048192937517,0.5476348859890147,0.134432259597677
Risperidone,CC1=C(C(=O)N2CCCCC2=N1)CCN3CCC(CC3)C4=NOC5=C4C=CC(=C5)F,0.09271048192937517,0.5476348859890147,0.134432259597677
Ritalin,COC(=O)C(C1CCCCN1)C2=CC=CC=C2.Cl,0.11544920492925989,0.755001302840637,0.1328588103736257
Ro05-4082,CN1C(=O)CN=C(C2=C1C=CC(=C2)[N+](=O)[O-])C3=CC=CC=C3Cl,0.41220775018957034,0.8805134514760316,0.3610656010148519
Ro07-5220,CN1C(=O)CN=C(C2=C1C=CC(=C2)Cl)C3=C(C=CC=C3Cl)Cl,0.11743807304132943,0.7081399917017062,0.20501959823491167
Ro 22-1319,CCC1=C(NC2=C1C(=O)C3CN(CCC3C2)C)C,0.22191420849703053,0.47759977323489056,0.15402310269250552
Ro4-1539,C1CCC23CCN(C(C2C1)CC4=C3C=C(C=C4)O)CCC5=CC=CO5,0.12203520118163715,0.5611798209644498,0.1958226871722176
Ro5-4864,CN1C(=O)CN=C(C2=C1C=CC(=C2)Cl)C3=CC=C(C=C3)Cl,0.12791365181783398,0.6537995887298187,0.21855193578580817
Ro60-0175,CC(CN1C=CC2=CC(=C(C=C21)Cl)F)N,0.1805329026559416,0.5449013213154152,0.32020435526780944
Rohypnol,CN1C(=O)CN=C(C2=C1C=CC(=C2)[N+](=O)[O-])C3=CC=CC=C3F,0.3785816063817927,0.8679109999143257,0.37577827576257616
Rolicyclidine,C1CCC(CC1)(C2=CC=CC=C2)N3CCCC3,0.21521649482569227,0.7193842603752162,0.25643289090822685
Roxiam,CCN1CCCC1CNC(=O)C2=C(C=CC(=C2OC)Br)OC.O.Cl,0.09907864505462805,0.678863777785908,0.11346593531792111
RP5063,C1CN(CCN1CCCCOC2=CC3=C(C=C2)OCC(=O)N3)C4=C(C(=CC=C4)Cl)Cl,0.07168434018902707,0.5987684718291311,0.1156585995334272
RTI-111,CN1C2CCC1C(C(C2)C3=CC(=C(C=C3)Cl)Cl)C(=O)OC.Cl,0.08996909487644693,0.6106613743786693,0.23712477634259788
RU-28253,COC1=CC2=C(C=C1)NC=C2C3=CCCNC3,0.2928600161644486,0.7096379380209479,0.2735003435662719
RU-28306,CN(C)C1CC2=C3C(=CNC3=CC=C2)C1,0.32077511310531714,0.5774318698883847,0.2948205049124672
Ruoxinlin,CC1=CC=C(C=C1)C(=O)OC2=CC=C(C=C2)C(CN(C)C)C3(CCCCC3)O,0.10495015865771955,0.5528451528335111,0.2646302207564796
S-23,CC(COC1=CC(=C(C=C1)Cl)F)(C(=O)NC2=CC(=C(C=C2)C#N)C(F)(F)F)O,0.1903542119793168,0.1532043550392259,0.6803316803114592
S-40503,CC(C)(CO)C1CC(C2=C(N1)C=CC(=C2)[N+](=O)[O-])N(C)C,0.4498186935990633,0.6067355999422627,0.449539517371866
Sabiden,C1=CC=C(C=C1)CC(C(=O)O)N,0.1772625390086894,0.3358472143839666,0.14408988757107885
S-Adenosyl-L-methionine,C[S+](CCC(C(=O)[O-])N)CC1C(C(C(O1)N2C=NC3=C(N=CN=C32)N)O)O,0.1341174187258475,0.08362386748883072,0.11552544815347565
S-Adenosyl methionine,C[S+](CCC(C(=O)[O-])N)CC1C(C(C(O1)N2C=NC3=C(N=CN=C32)N)O)O,0.1341174187258475,0.08362386748883072,0.11552544815347565
Safra,CC(CCC1=CC2=C(C=C1)OCO2)NN,0.26307306122388924,0.752902012180159,0.20801148261493857
Safrazine,CC(CCC1=CC2=C(C=C1)OCO2)NN,0.26307306122388924,0.752902012180159,0.20801148261493857
Salicylmethylecgonine,CN1C2CCC1C(C(C2)OC(=O)C3=CC=CC=C3O)C(=O)OC,0.09654243299901831,0.6251785170443551,0.2085072998538968
Salvinorin A,CC(=O)OC1CC(C2(CCC3C(=O)OC(CC3(C2C1=O)C)C4=COC=C4)C)C(=O)OC,0.15071711855659056,0.5461665475569975,0.23578466000058182
Salvinorin B methoxymethyl ether,CC12CCC3C(=O)OC(CC3(C1C(=O)C(CC2C(=O)OC)OCOC)C)C4=COC=C4,0.13025119175929314,0.5464910830863532,0.24099088420134482
SAMe,C[S+](CCC(C(=O)[O-])N)CC1C(C(C(O1)N2C=NC3=C(N=CN=C32)N)O)O,0.1341174187258475,0.08362386748883072,0.11552544815347562
Saphris,CN1CC2C(C1)C3=C(C=CC(=C3)Cl)OC4=CC=CC=C24.C(=CC(=O)O)C(=O)O,0.10550782406994333,0.5113470809182953,0.17324388634378404
Sarafem,CNCCC(C1=CC=CC=C1)OC2=CC=C(C=C2)C(F)(F)F.Cl,0.19954118763878184,0.6843889519846258,0.2566394299935041
Savella,CCN(CC)C(=O)C1(CC1CN)C2=CC=CC=C2.Cl,0.12316484254943168,0.5962885243549774,0.1259095717526527
SCA-136,C1CC2CN3CCNCC4=C3C(=CC=C4)C2C1.Cl,0.1469475097863756,0.3588309217451399,0.16727628039054515
Scopolamine,CN1C2CC(CC1C3C2O3)OC(=O)C(CO)C4=CC=CC=C4,0.08404887737635194,0.4383371773503986,0.11999684184716887
Secobarbital,CCCC(C)C1(C(=O)NC(=O)NC1=O)CC=C,0.1731065461319993,0.3874661293310897,0.18272272813180312
Selegiline,CC(CC1=CC=CC=C1)N(C)CC#C,0.18499587034947212,0.6252946810297844,0.18948331923178952
Semap,C1CN(CCC1(C2=CC(=C(C=C2)Cl)C(F)(F)F)O)CCCC(C3=CC=C(C=C3)F)C4=CC=C(C=C4)F,0.06476587949088836,0.4535053307490013,0.13890204169901366
Semax,CSCCC(C(=O)NC(CCC(=O)O)C(=O)NC(CC1=CN=CN1)C(=O)NC(CC2=CC=CC=C2)C(=O)N3CCCC3C(=O)NCC(=O)N4CCCC4C(=O)O)N,0.08039780484357838,0.5073049468074561,0.1320455172969199
Serdolect,C1CN(CCC1C2=CN(C3=C2C=C(C=C3)Cl)C4=CC=C(C=C4)F)CCN5CCNC5=O,0.1052359047147511,0.4204042662809109,0.12049870438052712
Serentil,CN1CCCCC1CCN2C3=CC=CC=C3SC4=C2C=C(C=C4)S(=O)C,0.07947665845784603,0.718913968176407,0.09937133661024265
Sermorelin,CCC(C)C(C(=O)NC(CC1=CC=CC=C1)C(=O)NC(C(C)O)C(=O)NC(CC(=O)N)C(=O)NC(CO)C(=O)NC(CC2=CC=C(C=C2)O)C(=O)NC(CCCNC(=N)N)C(=O)NC(CCCCN)C(=O)NC(C(C)C)C(=O)NC(CC(C)C)C(=O)NCC(=O)NC(CCC(=O)N)C(=O)NC(CC(C)C)C(=O)NC(CO)C(=O)NC(C)C(=O)NC(CCCNC(=N)N)C(=O)NC(CCCCN)C(=O)NC(CC(C)C)C(=O)NC(CC(C)C)C(=O)NC(CCC(=O)N)C(=O)NC(CC(=O)O)C(=O)NC(C(C)CC)C(=O)NC(CCSC)C(=O)NC(CO)C(=O)NC(CCCNC(=N)N)C(=O)N)NC(=O)C(C)NC(=O)C(CC(=O)O)NC(=O)C(C)NC(=O)C(CC3=CC=C(C=C3)O)N,0.09380072691945979,0.3678742320274596,0.25881197618562657
Seroquel,C1CN(CCN1CCOCCO)C2=NC3=CC=CC=C3SC4=CC=CC=C42,0.05447713149743432,0.46981598875576885,0.06065545186018724
Serotonin,C1=CC2=C(C=C1O)C(=CN2)CCN,0.24267782863278492,0.7331570343975293,0.37897528425248433
Seroxat,C1CNCC(C1C2=CC=C(C=C2)F)COC3=CC4=C(C=C3)OCO4,0.21314346518328922,0.5884846539107164,0.22682802183609874
Serpalan,COC1C(CC2CN3CCC4=C(C3CC2C1C(=O)OC)NC5=C4C=CC(=C5)OC)OC(=O)C6=CC(=C(C(=C6)OC)OC)OC,0.3351158547343865,0.4874339586073967,0.1433233364633111
Serpasil,COC1C(CC2CN3CCC4=C(C3CC2C1C(=O)OC)NC5=C4C=CC(=C5)OC)OC(=O)C6=CC(=C(C(=C6)OC)OC)OC,0.3351158547343865,0.4874339586073967,0.1433233364633111
Sertindole,C1CN(CCC1C2=CN(C3=C2C=C(C=C3)Cl)C4=CC=C(C=C4)F)CCN5CCNC5=O,0.1052359047147511,0.4204042662809109,0.12049870438052712
Sertraline,CNC1CCC(C2=CC=CC=C12)C3=CC(=C(C=C3)Cl)Cl,0.22195774621680628,0.5734396353364274,0.46258978273930723
Serzone,CCC1=NN(C(=O)N1CCOC2=CC=CC=C2)CCCN3CCN(CC3)C4=CC(=CC=C4)Cl.Cl,0.056984675576053724,0.6328699890888124,0.07224298103643284
Setiptiline,CN1CCC2=C(C1)C3=CC=CC=C3CC4=CC=CC=C24,0.15703466292129217,0.2535059436509877,0.13267120542350935
SH-I-048A,CC1C(=O)NC2=C(C=C(C=C2)Br)C(=N1)C3=CC=CC=C3F,0.24349683633930108,0.6063935382241695,0.3489631998655723
Sinequan,CN(C)CCC=C1C2=CC=CC=C2COC3=CC=CC=C31,0.17810785275738478,0.4573926007731164,0.13956901541646866
Sintamil,CN(C)CCCN1C2=CC=CC=C2OC3=C(C1=O)C=C(C=C3)[N+](=O)[O-].Cl,0.38838775383171337,0.8060136462075951,0.3351084925791133
S-Ketamine,CNC1(CCCCC1=O)C2=CC=CC=C2Cl,0.2566652999048636,0.6937571277988035,0.2599611694022089
SL-164,CC1=C(C=CC(=C1)Cl)N2C(=NC3=C(C2=O)C(=CC=C3)Cl)C,0.21869427905247632,0.556637275354565,0.4015048494686193
Sodium oxybate,C(CC(=O)[O-])CO.[Na+],0.5228869311900276,0.3946253208748345,0.42935355394480257
Solian,CCN1CCCC1CNC(=O)C2=CC(=C(C=C2OC)N)S(=O)(=O)CC,0.12055965746890013,0.5356885359378368,0.10286379464394849
Soma,CCCC(C)(COC(=O)N)COC(=O)NC(C)C,0.2760809009120658,0.4069156499538282,0.24376136368676682
Sordinol,C1CN(CCN1CCC=C2C3=CC=CC=C3SC4=C2C=C(C=C4)Cl)CCO,0.039918790583487136,0.40823068281468095,0.08790758149787063
Sparine,CN(C)CCCN1C2=CC=CC=C2SC3=CC=CC=C31.Cl,0.13763990736180756,0.8124033241815005,0.10139449067674093
Spiperone,C1CN(CCC12C(=O)NCN2C3=CC=CC=C3)CCCC(=O)C4=CC=C(C=C4)F,0.042292244373885624,0.5666587509757055,0.10291931703785961
Spiroperidol,C1CN(CCC12C(=O)NCN2C3=CC=CC=C3)CCCC(=O)C4=CC=C(C=C4)F,0.042292244373885624,0.5666587509757055,0.10291931703785961
Spiropitan,C1CN(CCC12C(=O)NCN2C3=CC=CC=C3)CCCC(=O)C4=CC=C(C=C4)F,0.042292244373885624,0.5666587509757055,0.10291931703785961
Spravato,CNC1(CCCCC1=O)C2=CC=CC=C2Cl.Cl,0.26888551519795617,0.74969747177799,0.2599611694022089
Stablon,CN1C2=CC=CC=C2C(C3=C(S1(=O)=O)C=C(C=C3)Cl)NCCCCCCC(=O)O,0.10059608330573357,0.5777190445847463,0.12348610619216065
Stelazine,CN1CCN(CC1)CCCN2C3=CC=CC=C3SC4=C2C=C(C=C4)C(F)(F)F.Cl.Cl,0.03445107990009274,0.7312673438165589,0.047378967600037604
Stemetil,CN1CCN(CC1)CCCN2C3=CC=CC=C3SC4=C2C=C(C=C4)Cl,0.019658368283458204,0.6591392496334981,0.039231828816096645
Stepholidine,COC1=C(C=C2C3CC4=C(CN3CCC2=C1)C(=C(C=C4)O)OC)O,0.15275634611308828,0.5151833524713763,0.15195030905598716
Strattera,CC1=CC=CC=C1OC(CCNC)C2=CC=CC=C2.Cl,0.23359224870798628,0.7153834408040142,0.2687495454909626
STS-135,C1C2CC3CC1CC(C2)(C3)NC(=O)C4=CN(C5=CC=CC=C54)CCCCCF,0.08530081113129506,0.6261660116025758,0.13726585797631277
Sufentanil,CCC(=O)N(C1=CC=CC=C1)C2(CCN(CC2)CCC3=CC=CS3)COC,0.06946587508545223,0.5326979551423424,0.06356340866501653
Sulfoaildenafil,CCCC1=NN(C2=C1NC(=NC2=S)C3=C(C=CC(=C3)S(=O)(=O)N4CC(NC(C4)C)C)OCC)C,0.11493792157687459,0.4320121668946375,0.14475472604970413
Sulforidazine,CN1CCCCC1CCN2C3=CC=CC=C3SC4=C2C=C(C=C4)S(=O)(=O)C,0.07958272660098782,0.6546706446423061,0.10112021847437301
Sulpirid,CCN1CCCC1CNC(=O)C2=C(C=CC(=C2)S(=O)(=O)N)OC,0.0939400116297538,0.5781123556951203,0.10139644721990436
Sulpiride,CCN1CCCC1CNC(=O)C2=C(C=CC(=C2)S(=O)(=O)N)OC,0.0939400116297538,0.5781123556951203,0.10139644721990436
Sulpitac,CCN1CCCC1CNC(=O)C2=CC(=C(C=C2OC)N)S(=O)(=O)CC,0.12055965746890013,0.5356885359378368,0.10286379464394849
Sultopride,CCN1CCCC1CNC(=O)C2=C(C=CC(=C2)S(=O)(=O)CC)OC,0.09874991340304502,0.6537709298433048,0.11124174617308256
Superdrol,CC1CC2(C(CCC3C2CCC4(C3CCC4(C)O)C)CC1=O)C,0.40369649407839314,0.6201779892070377,0.5727797914103286
Surmontil,CC(CN1C2=CC=CC=C2CCC3=CC=CC=C31)CN(C)C,0.2120511294705186,0.6612000119838265,0.18503706475306786
Sursum,CC(C)NNC(=O)COC1=CC=C(C=C1)Cl,0.15132357391985926,0.34150189111983825,0.26281750528143516
Survector,C1CC2=CC=CC=C2C(C3=CC=CC=C31)NCCCCCCC(=O)O.Cl,0.145281585501728,0.6259626187564841,0.15605330071966036
tabernanthalog,CN1CCC2=C(CC1)NC3=C2C=CC(=C3)OC,0.17293044592357998,0.6379539991700314,0.1463642969653582
Tapentadol,CCC(C1=CC(=CC=C1)O)C(C)CN(C)C,0.16906871909778995,0.41395497780439877,0.30156374221392734
Taractan,CN(C)CCC=C1C2=CC=CC=C2SC3=C1C=C(C=C3)Cl,0.1749534972513285,0.4590685925085227,0.15393981123046568
Taxilan,CN1CCN(CC1)CCCN2C3=CC=CC=C3SC4=CC=CC=C42,0.04306244260227016,0.6626021131782939,0.042747140099010796
TB,[Tb],0.8272463671834467,0.293507391529259,0.7223408415711199
TB500,CC(C)CC(C(=O)NC(CCCCN)C(=O)NC(CCCCN)C(=O)NC(C(C)O)C(=O)NC(CCC(=O)O)C(=O)NC(C(C)O)C(=O)NC(CCC(=O)N)C(=O)O)NC(=O)C,0.13391119233821575,0.4116902749115653,0.1807126785192579
Tecipul,CN1CCC2=C(C1)C3=CC=CC=C3CC4=CC=CC=C24.C(=CC(=O)O)C(=O)O,0.14547128764456116,0.24511515506846443,0.12859722872887838
Temazepam,CN1C2=C(C=C(C=C2)Cl)C(=NC(C1=O)O)C3=CC=CC=C3,0.14385053037402665,0.45512447790876637,0.25348804389941676
Teniloxazine,C1COC(CN1)COC2=CC=CC=C2CC3=CC=CS3,0.27105234229034314,0.45254666926011444,0.2235972034052628
Tercian,CC(CN1C2=CC=CC=C2SC3=C1C=C(C=C3)C#N)CN(C)C,0.1512261796745661,0.556804903364608,0.1685933470844233
Tersavid,CC(C)(C)C(=O)NNCC1=CC=CC=C1,0.21104673125830672,0.3923333328215455,0.20248301691537374
tert-Amyl alcohol,CCC(C)(C)O,0.5699519010538407,0.3190242209668567,0.6198193724539245
Tesamorelin,CCC=CCC(=O)NC(CC1=CC=C(C=C1)O)C(=O)NC(C)C(=O)NC(CC(=O)O)C(=O)NC(C)C(=O)NC(C(C)CC)C(=O)NC(CC2=CC=CC=C2)C(=O)NC(C(C)O)C(=O)NC(CC(=O)N)C(=O)NC(CO)C(=O)NC(CC3=CC=C(C=C3)O)C(=O)NC(CCCNC(=N)N)C(=O)NC(CCCCN)C(=O)NC(C(C)C)C(=O)NC(CC(C)C)C(=O)NCC(=O)NC(CCC(=O)N)C(=O)NC(CC(C)C)C(=O)NC(CO)C(=O)NC(C)C(=O)NC(CCCNC(=N)N)C(=O)NC(CCCCN)C(=O)NC(CC(C)C)C(=O)NC(CC(C)C)C(=O)NC(CCC(=O)N)C(=O)NC(CC(=O)O)C(=O)NC(C(C)CC)C(=O)NC(CCSC)C(=O)NC(CO)C(=O)NC(CCCNC(=N)N)C(=O)NC(CCC(=O)N)C(=O)NC(CCC(=O)N)C(=O)NCC(=O)NC(CCC(=O)O)C(=O)NC(CO)C(=O)NC(CC(=O)N)C(=O)NC(CCC(=O)N)C(=O)NC(CCC(=O)O)C(=O)NC(CCCNC(=N)N)C(=O)NCC(=O)NC(C)C(=O)NC(CCCNC(=N)N)C(=O)NC(C)C(=O)NC(CCCNC(=N)N)C(=O)NC(CC(C)C)C(=O)N,0.09858284910176943,0.31286843533869335,0.26108924058789096
Tetrahydrocannabinol,CCCCCC1=CC(=C2C3C=C(CCC3C(OC2=C1)(C)C)C)O,0.209419450173233,0.7789963152896219,0.5112649923727032
Tetrahydrocannabiphorol,CCCCCCCC1=CC(=C2C3C=C(CCC3C(OC2=C1)(C)C)C)O,0.19497348186267616,0.7542119780816534,0.5028559034685696
Tetrahydrofuranylfentanyl,C1CC(OC1)C(=O)N(C2CCN(CC2)CCC3=CC=CC=C3)C4=CC=CC=C4,0.08832116783114326,0.7292072744742124,0.12557638853105155
Tetrahydrogestrinone,CCC1(CCC2C1(C=CC3=C4CCC(=O)C=C4CCC23)CC)O,0.19083155097341023,0.4827640567197037,0.7607309712035498
Tetrahydroharmine,CC1C2=C(CCN1)C3=C(N2)C=C(C=C3)OC,0.2999521783218064,0.6809563951666864,0.256599087266344
Tetrapon,CN1CCC23C4C1CC5=C2C(=C(C=C5)O)OC3C(C=C4)O.CN1CCC23C4C1CC5=C2C(=C(C=C5)OC)OC3C(C=C4)O.COC1=C(C=C(C=C1)CC2=NC=CC3=CC(=C(C=C32)OC)OC)OC.Cl.Cl.Cl,0.10600490699093411,0.716482537923542,0.10802884004427042
TFE,C(C(F)(F)F)O,0.5903455731304251,0.3300892382108561,0.5059574172297154
TFM,C1=CC(=C(C=C1O)C(F)(F)F)[N+](=O)[O-],0.6485559233956738,0.4424275175591237,0.785231774352718
TFMPP,C1CN(CCN1)C2=CC=CC(=C2)C(F)(F)F,0.20996117933798192,0.5707162826283125,0.24712575980430324
THC,CCCCCC1=CC(=C2C3C=C(CCC3C(OC2=C1)(C)C)C)O,0.209419450173233,0.7789963152896219,0.5112649923727031
THC-O-acetate,CCCCCC1=CC2=C(C3C=C(CCC3C(O2)(C)C)C)C(=C1)OC(=O)C,0.19037379805260368,0.5961436812613585,0.3841182398196713
THCP,CCCCCCCC1=CC(=C2C3C=C(CCC3C(OC2=C1)(C)C)C)O,0.19497348186267616,0.7542119780816534,0.5028559034685696
Theacrine,CN1C2=C(N(C1=O)C)N(C(=O)N(C2=O)C)C,0.39154027058362467,0.4164616624858968,0.320318259702012
Theanine,CCNC(=O)CCC(C(=O)O)N,0.1781233785139562,0.3717108454375503,0.1532335375847979
Thebacon,CC(=O)OC1=CCC2C3CC4=C5C2(C1OC5=C(C=C4)OC)CCN3C,0.09629118418537422,0.739075608841098,0.08175570888917036
Thebaine,CN1CCC23C4C(=CC=C2C1CC5=C3C(=C(C=C5)OC)O4)OC,0.15039884620833488,0.7572309038822983,0.1588386093216644
THF-F,C1CC(OC1)C(=O)N(C2CCN(CC2)CCC3=CC=CC=C3)C4=CC=CC=C4,0.08832116783114326,0.7292072744742123,0.12557638853105155
THG,C1=NC2=C(N1)C(=S)N=C(N2)N,0.4006430864082045,0.14716843001557936,0.22784628238507568
Thiobuscaline,CCCCSC1=C(C=C(C=C1OC)CCN)OC,0.2587644480696344,0.8774556433524273,0.297415322795209
Thiopropazate,CC(=O)OCCN1CCN(CC1)CCCN2C3=CC=CC=C3SC4=C2C=C(C=C4)Cl,0.03464086589906408,0.742578446961332,0.06729620393947139
Thioproperazine,CN1CCN(CC1)CCCN2C3=CC=CC=C3SC4=C2C=C(C=C4)S(=O)(=O)N(C)C,0.030023635417237383,0.6079517431079583,0.054898300175401926
Thioproscaline,CCCSC1=C(C=C(C=C1OC)CCN)OC,0.277860770455135,0.8888735226188278,0.28305617717898385
Thioridazine,CN1CCCCC1CCN2C3=CC=CC=C3SC4=C2C=C(C=C4)SC,0.0698915069183495,0.7452773432086509,0.15307031596843554
Thiosildenafil,CCCC1=NN(C2=C1NC(=NC2=S)C3=C(C=CC(=C3)S(=O)(=O)N4CCN(CC4)C)OCC)C,0.08889413191082385,0.4224197767530958,0.10722957447897549
Thiothixene,CN1CCN(CC1)CCC=C2C3=CC=CC=C3SC4=C2C=C(C=C4)S(=O)(=O)N(C)C,0.05032477154250554,0.42859362804220746,0.08442383049529857
THJ-018,CCCCCN1C2=CC=CC=C2C(=N1)C(=O)C3=CC=CC4=CC=CC=C43,0.14648699781350424,0.506308616075837,0.23212823971475857
THJ-2201,C1=CC=C2C(=C1)C=CC=C2C(=O)C3=NN(C4=CC=CC=C43)CCCCCF,0.14252191772357165,0.571399747621574,0.2117712582568364
Thorazine,CN(C)CCCN1C2=CC=CC=C2SC3=C1C=C(C=C3)Cl,0.09039723086765018,0.7790129826408166,0.11138945709406872
Tianeptine,CN1C2=CC=CC=C2C(C3=C(S1(=O)=O)C=C(C=C3)Cl)NCCCCCCC(=O)O,0.10059608330573357,0.5777190445847463,0.12348610619216065
Tiapridal,CCN(CC)CCNC(=O)C1=C(C=CC(=C1)S(=O)(=O)C)OC.Cl,0.09779190234700642,0.47740268711410044,0.11956506167282653
Tiapride,CCN(CC)CCNC(=O)C1=C(C=CC(=C1)S(=O)(=O)C)OC,0.09627675083185493,0.41270844062353695,0.11956506167282653
Tiazesim,CN(C)CCN1C(=O)CC(SC2=CC=CC=C21)C3=CC=CC=C3,0.09183935049746735,0.670645028971566,0.09614908619839861
Timaxel,CNC1CC2=CC=CC=C2N(C3=CC=CC=C13)C.C(=CC(=O)O)C(=O)O,0.10384525441497759,0.5992630534143598,0.12868805764873062
Timiperone,C1CN(CCC1N2C3=CC=CC=C3NC2=S)CCCC(=O)C4=CC=C(C=C4)F,0.05745623864772649,0.5339349801891509,0.05220119650741251
Timostenil,C1C2=CC=CC=C2OC(=O)N1CC(=O)N,0.15061357694631008,0.4018825978383314,0.1284775587669875
Tindal,CC(=O)C1=CC2=C(C=C1)SC3=CC=CC=C3N2CCCN4CCN(CC4)CCO.C(=CC(=O)O)C(=O)O.C(=CC(=O)O)C(=O)O,0.04953832716739766,0.7777853816388284,0.07952528553740994
Tiospirone,C1CCC2(C1)CC(=O)N(C(=O)C2)CCCCN3CCN(CC3)C4=NSC5=CC=CC=C54,0.07492929476642647,0.7611972716173979,0.08911149671376856
Tizanidine,C1CN=C(N1)NC2=C(C=CC3=NSN=C32)Cl,0.25003396496988267,0.46957419489967045,0.2573717399201339
TMA-2,CC(CC1=CC(=C(C=C1OC)OC)OC)N,0.29267155472228235,0.8984915368036394,0.2763027488881047
TMA-6,CC(CC1=C(C=C(C=C1OC)OC)OC)N,0.3060355377427828,0.784495700603577,0.2997756235424845
Tofacine,CC1=CC=CC=C1C(C2=CC=CC=C2)OCCNC.Cl,0.22750478283931827,0.6806376016196108,0.2595269581575237
Tofenacin,CC1=CC=CC=C1C(C2=CC=CC=C2)OCCNC,0.21227224592241536,0.5990869457183033,0.2595269581575237
Tofranil,CN(C)CCCN1C2=CC=CC=C2CCC3=CC=CC=C31.Cl,0.14736935621695607,0.8020946847023169,0.09428684644391802
Tolibut,CC1=CC=C(C=C1)C(CC(=O)O)CN,0.1606714564737665,0.5543009063053375,0.23845159518202963
Toloxatone,CC1=CC(=CC=C1)N2CC(OC2=O)CO,0.16605671470181493,0.15509732430099848,0.1573811547951991
Toludesvenlafaxine,CC1=CC=C(C=C1)C(=O)OC2=CC=C(C=C2)C(CN(C)C)C3(CCCCC3)O,0.10495015865771955,0.5528451528335111,0.2646302207564796
Tolvon,CN1CCN2C(C1)C3=CC=CC=C3CC4=CC=CC=C42,0.0872709008114803,0.585598755055238,0.08798953599988411
Tonerg,CC(C)(C)C(=O)NCCCC(=O)O,0.22388460268692065,0.3124622686785726,0.213180058669592
Topral,CCN1CCCC1CNC(=O)C2=C(C=CC(=C2)S(=O)(=O)CC)OC,0.09874991340304502,0.6537709298433048,0.11124174617308256
Tramadol,CN(C)CC1CCCCC1(C2=CC(=CC=C2)OC)O,0.16541737487906422,0.6458563510659165,0.1528093524444811
Transmetil,C[S+](CCC(C(=O)[O-])N)CC1C(C(C(O1)N2C=NC3=C(N=CN=C32)N)O)O,0.1341174187258475,0.08362386748883072,0.11552544815347565
Tranylcypromine,C1C(C1N)C2=CC=CC=C2,0.3325866227525147,0.3583995465602979,0.41767650833740566
Trausabun,CC1(C2=CC=CC=C2C(=CCCN(C)C)C3=CC=CC=C31)C,0.3068820008833465,0.4064605137023482,0.27220667320535336
Trazodone,C1CN(CCN1CCCN2C(=O)N3C=CC=CC3=N2)C4=CC(=CC=C4)Cl,0.05243353841910117,0.45777634732308914,0.101411740476109
Trestolone,CC1CC2=CC(=O)CCC2C3C1C4CCC(C4(CC3)C)O,0.290001016912985,0.5073785005603886,0.6460546434726576
Trevilor,CN(C)CC(C1=CC=C(C=C1)OC)C2(CCCCC2)O,0.1561559690670185,0.7023519387336438,0.22828288776703368
Trichocereine,CN(C)CCC1=CC(=C(C(=C1)OC)OC)OC,0.2992711110098803,0.765326490749358,0.2451285137274037
Trifluoperazine,CN1CCN(CC1)CCCN2C3=CC=CC=C3SC4=C2C=C(C=C4)C(F)(F)F,0.026617746566759404,0.6738883705554707,0.046753967600037624
Trifluoromescaline,COC1=CC(=CC(=C1OC(F)(F)F)OC)CCN,0.25182862750742274,0.8427424448292042,0.253826331995793
Trifluoromethylphenylpiperazine,C1CN(CCN1)C2=CC=CC(=C2)C(F)(F)F,0.20996117933798192,0.5707162826283125,0.24712575980430326
Trifluperidol,C1CN(CCC1(C2=CC(=CC=C2)C(F)(F)F)O)CCCC(=O)C3=CC=C(C=C3)F,0.049942003745950855,0.6633428546757419,0.09067510094884051
Triflupromazine,CN(C)CCCN1C2=CC=CC=C2SC3=C1C=C(C=C3)C(F)(F)F,0.09351510533692668,0.760362674634421,0.12381211410862203
Trihexyphenidyl,C1CCC(CC1)C(CCN2CCCCC2)(C3=CC=CC=C3)O,0.05264286755252155,0.3861854855075448,0.10653254222232865
Trilafon,C1CN(CCN1CCCN2C3=CC=CC=C3SC4=C2C=C(C=C4)Cl)CCO,0.038262742012128856,0.7749798665982843,0.06534640910979277
Trimethoxyamphetamine,CC(CC1=CC(=C(C(=C1)OC)OC)OC)N,0.26458658092840837,0.8320135389000427,0.2116911832213504
Trimipramine,CC(CN1C2=CC=CC=C2CCC3=CC=CC=C31)CN(C)C,0.21205112947051863,0.6612000119838265,0.18503706475306786
Trintellix,CC1=CC(=C(C=C1)SC2=CC=CC=C2N3CCNCC3)C.Br,0.15563481869112944,0.6429791025845918,0.16990985839405615
Truxal,CN(C)CCC=C1C2=CC=CC=C2SC3=C1C=C(C=C3)Cl,0.1749534972513285,0.4590685925085227,0.15393981123046568
Tryptamine,C1=CC=C2C(=C1)C(=CN2)CCN,0.34779757663484806,0.8103020678059042,0.3399564862822577
Tryptan,C1=CC=C2C(=C1)C(=CN2)CC(C(=O)O)N,0.11783089301168952,0.5120049589190059,0.14820286836817037
Tryptophan,C1=CC=C2C(=C1)C(=CN2)CC(C(=O)O)N,0.11783089301168952,0.5120049589190059,0.14820286836817037
Turinabol,CC(=O)OC1CCC2C1(CCC3C2CCC4=C(C(=O)CCC34C)Cl)C,0.3019925686235699,0.507397022694802,0.3733204689389939
Tyrosine,C1=CC(=CC=C1CC(C(=O)O)N)O,0.17562922720015892,0.2775400666815023,0.316337828865131
Tyrylen,CCCC(=O)C1=CC2=C(C=C1)SC3=CC=CC=C3N2CCCN4CCN(CC4)C,0.029649083604783525,0.7203594449331042,0.04936321339738651
U-47700,CN(C)C1CCCCC1N(C)C(=O)C2=CC(=C(C=C2)Cl)Cl,0.1641670741355901,0.30067307757515715,0.3002213908119292
U-47931E,CN(C)C1CCCCC1NC(=O)C2=CC=C(C=C2)Br.C(=CC(=O)O)C(=O)O,0.1535097805717127,0.2793683091797953,0.23023772739736853
U-48800,CN(C)C1CCCCC1N(C)C(=O)CC2=C(C=C(C=C2)Cl)Cl,0.16827120011400354,0.4914421857986774,0.2409988320748256
U-49900,CCN(CC)C1CCCCC1N(C)C(=O)C2=CC(=C(C=C2)Cl)Cl,0.13936564181558078,0.29311883349501927,0.25172373032535916
U-51754,CN(C)C1CCCCC1N(C)C(=O)CC2=CC(=C(C=C2)Cl)Cl,0.11965594478442218,0.4402759118717381,0.20601829525488535
Umespirone,CCCCN1C(=O)C2C(=O)N(C(=O)C(C1=O)C2(C)C)CCCCN3CCN(CC3)C4=CC=CC=C4OC,0.074177795441277,0.6223009444695817,0.08708119697217985
Vabicaserin,C1CC2CN3CCNCC4=C3C(=CC=C4)C2C1,0.13750811584698164,0.2629780901882297,0.16602628039054512
Vagran,CC(CN1C2=CC=CC=C2NC3=C(C1=O)C=CC=N3)N(C)C.Cl,0.13759190060302814,0.6640023565211021,0.10768067314710775
Valdoxan,CC(=O)NCCC1=CC=CC2=C1C=C(C=C2)OC,0.17429213990272566,0.3181266763058216,0.20103627129643759
Valerie,CCCCC(=O)N1C=C2CC3C(=CC(CN3C)C(=O)N(CC)CC)C4=C2C1=CC=C4,0.12345061053630277,0.8317287436857204,0.16049144551632724
Valerylfentanyl,CCCCC(=O)N(C1CCN(CC1)CCC2=CC=CC=C2)C3=CC=CC=C3,0.06092088829173241,0.7916155930344694,0.09386634880218779
Valium,CN1C(=O)CN=C(C2=C1C=CC(=C2)Cl)C3=CC=CC=C3,0.1160611741117226,0.704560549226158,0.16619129572534888
Venlafaxine,CN(C)CC(C1=CC=C(C=C1)OC)C2(CCCCC2)O,0.1561559690670185,0.7023519387336438,0.2282828877670337
Veralipride,COC1=CC(=CC(=C1OC)C(=O)NCC2CCCN2CC=C)S(=O)(=O)N,0.15128046264780873,0.45691860926408145,0.1357106059060971
Vesprin,CN(C)CCCN1C2=CC=CC=C2SC3=C1C=C(C=C3)C(F)(F)F,0.09351510533692668,0.760362674634421,0.12381211410862203
Vicodin,CC(=O)NC1=CC=C(C=C1)O,0.3080438760236255,0.19100595729683711,0.5320245115523522
Viibryd,C1CN(CCN1CCCCC2=CNC3=C2C=C(C=C3)C#N)C4=CC5=C(C=C4)OC(=C5)C(=O)N.Cl,0.06883949416150913,0.6195214890789128,0.1354619821076018
Vilazodone,C1CN(CCN1CCCCC2=CNC3=C2C=C(C=C3)C#N)C4=CC5=C(C=C4)OC(=C5)C(=O)N,0.06883949416150913,0.5797279977670862,0.1342119821076018
Viloxazine,CCOC1=CC=CC=C1OCC2CNCCO2,0.2751581281177417,0.42234104554158824,0.25141770943023617
Vitamin B1,CC1=C(SC=[N+]1CC2=CN=C(N=C2N)C)CCO,0.25346482348825694,0.35345120496322563,0.26958706345495226
Vitamin B6,CC1=C(C(=NC=C1COP(=O)([O-])[O-])C)O,0.22936165160654984,0.33371452357087605,0.24879897560318048
Vitamin B9,C1=CC(=CC=C1C(=O)NC(CCC(=O)O)C(=O)O)NCC2=CN=C3C(=N2)C(=O)NC(=N3)N,0.161735629861655,0.279188743066464,0.07814784358693058
Vivactil,CNCCCC1C2=CC=CC=C2C=CC3=CC=CC=C13,0.261003616184273,0.44297841491440315,0.30507190819741176
Vivalan,CCOC1=CC=CC=C1OCC2CNCCO2.Cl,0.2881443631604331,0.5006827248834046,0.25141770943023617
Volinanserin,COC1=CC=CC(=C1OC)C(C2CCN(CC2)CCC3=CC=C(C=C3)F)O,0.05275259579087868,0.5429170639411917,0.078892469660905
Vortioxetine,CC1=CC(=C(C=C1)SC2=CC=CC=C2N3CCNCC3)C,0.15246452883605696,0.6429791025845918,0.16990985839405617
Vraylar,CN(C)C(=O)NC1CCC(CC1)CCN2CCN(CC2)C3=C(C(=CC=C3)Cl)Cl.Cl,0.07563311687945211,0.5945307265631397,0.07973980833369619
Vyvanse,CC(CC1=CC=CC=C1)NC(=O)C(CCCCN)N.CS(=O)(=O)O.CS(=O)(=O)O,0.10718563532509863,0.4623157080701326,0.12308123052224076
W-18,C1CCN(C(=NS(=O)(=O)C2=CC=C(C=C2)Cl)C1)CCC3=CC=C(C=C3)[N+](=O)[O-],0.37536547226547495,0.5557376714501391,0.35322561309864126
W-5494A,CC1CN(CC2C1(OC3=C(C2)C4=CC=CC=C4C=C3)O)C.Cl,0.2124042735268808,0.4071981434032776,0.19990959594940066
Wellbutrin,CC(C(=O)C1=CC(=CC=C1)Cl)NC(C)(C)C.Cl,0.1567459473655504,0.6216704673886211,0.27648084516846394
Xanax,CC1=NN=C2N1C3=C(C=C(C=C3)Cl)C(=NC2)C4=CC=CC=C4,0.11799387540706516,0.7824387068082913,0.17124079017757413
Xenon,[Xe],0.8881403713913048,0.28733730372399585,0.7460514193435084
Ximaol,CCCCCCC(C)NN.OS(=O)(=O)O,0.2963425274350475,0.3962514861045125,0.28798560372969517
YK-11,CC12CCC3C(C1CCC24C(=CC(=O)OC)OC(O4)(C)OC)CCC5=CC(=O)CCC35,0.316833604881832,0.40329747888732753,0.6087649812969503
Zelapar,CC(CC1=CC=CC=C1)N(C)CC#C.Cl,0.20456033853894035,0.6868668898810126,0.18948331923178952
Zeldox,C1CN(CCN1CCC2=C(C=C3C(=C2)CC(=O)N3)Cl)C4=NSC5=CC=CC=C54.Cl,0.07950082862639357,0.8055585674640149,0.1181421792687205
Zelmid,CN(C)CC=C(C1=CC=C(C=C1)Br)C2=CN=CC=C2,0.1975606935743183,0.2601246429859062,0.1856224866657211
Zetidoline,CC1(CN(C1)CCN2CCN(C2=O)C3=CC(=CC=C3)Cl)C,0.13742499876423356,0.4867126739088898,0.15125503517554095
Zicronapine,CC1(CN(CCN1C)C2CC(C3=C2C=C(C=C3)Cl)C4=CC=CC=C4)C,0.1461764926605435,0.45373463865397234,0.2205558515994529
Zimelidine,CN(C)CC=C(C1=CC=C(C=C1)Br)C2=CN=CC=C2,0.1975606935743183,0.2601246429859062,0.1856224866657211
Ziprasidone,C1CN(CCN1CCC2=C(C=C3C(=C2)CC(=O)N3)Cl)C4=NSC5=CC=CC=C54,0.07950082862639357,0.8055585674640149,0.1181421792687205
Zoloft,CNC1CCC(C2=CC=CC=C12)C3=CC(=C(C=C3)Cl)Cl.Cl,0.24509746210888064,0.6867789520389637,0.46258978273930723
Zolpidem,CC1=CC=C(C=C1)C2=C(N3C=C(C=CC3=N2)C)CC(=O)N(C)C,0.24941612958650194,0.35055365447644676,0.2274913026860019
Zopiclone,CN1CCN(CC1)C(=O)OC2C3=NC=CN=C3C(=O)N2C4=NC=C(C=C4)Cl,0.08212668813826283,0.37710607114400985,0.11626717834014673
Zotepine,CN(C)CCOC1=CC2=CC=CC=C2SC3=C1C=C(C=C3)Cl,0.17756138028149748,0.32114293708425706,0.207743093953951
Zuclopenthixol,C1CN(CCN1CCC=C2C3=CC=CC=C3SC4=C2C=C(C=C4)Cl)CCO,0.039918790583487136,0.40823068281468095,0.08790758149787063
Zuclopenthixol acetate,CC(=O)OCCN1CCN(CC1)CCC=C2C3=CC=CC=C3SC4=C2C=C(C=C4)Cl,0.04893685480293104,0.39290076552414577,0.08802538672355267
Zuclopenthixol decanoate,CCCCCCCCCC(=O)OCCN1CCN(CC1)CCC=C2C3=CC=CC=C3SC4=C2C=C(C=C4)Cl,0.05117426555481245,0.4544742394905731,0.12089436374559838
Zulresso,CC(=O)C1CCC2C1(CCC3C2CCC4C3(CCC(C4)O)C)C,0.41595197155300473,0.3477964065942214,0.47468946706617243
Zypadhera,CC1=CC2=C(S1)NC3=CC=CC=C3N=C2N4CCN(CC4)C.C1=CC=C2C(=C1)C=C(C(=C2CC3=C(C(=CC4=CC=CC=C43)C(=O)O)O)O)C(=O)O.O,0.07131880673753703,0.49730081458976566,0.13758358350046765
Zyprexa,CC1=CC2=C(S1)NC3=CC=CC=C3N=C2N4CCN(CC4)C,0.09143278911053242,0.5519986362370266,0.13884919976487506
Nicotine,CN1CCCC1C2=CN=CC=C2,0.24753912769861164,0.3978822363822719,0.15574087678369453
Dapoxetine,CN(C)C(CCOC1=CC=CC2=CC=CC=C21)C3=CC=CC=C3,0.2389572309674874,0.45589043873556884,0.2393033516213622
Clobromazolam,CC1=NN=C2N1C3=C(C=C(C=C3)Br)C(=NC2)C4=CC=CC=C4Cl,0.1224263637901007,0.8285232932215328,0.20924463175666294
Phenazolam,CC1=CC=CC=C1CC(C)N2CCC(CC2)N3C4=CC=CC=C4NC3=O,0.12039667869152292,0.5007698953044539,0.11579243972001736
Flibanserin,C1CN(CCN1CCN2C3=CC=CC=C3NC2=O)C4=CC=CC(=C4)C(F)(F)F,0.07797625929165376,0.506693693159651,0.10417466937099261
Hydroxyzine,C1CN(CCN1CCOCCO)C(C2=CC=CC=C2)C3=CC=C(C=C3)Cl,0.03967892459679032,0.2640444291561009,0.09471441750845642
Cyclobenzaprine,CN(C)CCC=C1C2=CC=CC=C2C=CC3=CC=CC=C31,0.28597965918405666,0.4122918201615204,0.2385167360706478
Dimethyltryptamine,CN(C)CCC1=CNC2=CC=CC=C21,0.27396059629286407,0.8937301411870863,0.23904758461638223
Ergine,CN1CC(C=C2C1CC3=CNC4=CC=CC2=C34)C(=O)N,0.1681128975818328,0.7529626303040823,0.14225676144606728
Cannabinol,CCCCCC1=CC(=C2C(=C1)OC(C3=C2C=C(C=C3)C)(C)C)O,0.2360578385584024,0.5495404370657845,0.4554962098796464
"1,2-Bis(2,4,6-tribromophenoxy)ethane",C1=C(C=C(C(=C1Br)OCCOC2=C(C=C(C=C2Br)Br)Br)Br)Br,0.43611275864014865,0.23758021028115323,0.694857880095245
"1,3-Butylene glycol dimethacrylate",CC(CCOC(=O)C(=C)C)OC(=O)C(=C)C,0.5803331154312427,0.19552756439221003,0.7648772995253174
"1,4-Butanediol diglycidyl ether",C1C(O1)COCCCCOCC2CO2,0.6913398477398238,0.22661598115739082,0.6311766651814281
"1,4-Butanediol dimethacrylate",CC(=C)C(=O)OCCCCOC(=O)C(=C)C,0.706081138997895,0.1605933764783105,0.8128595690583553
"1,6-Hexanediol diglycidyl ether",C1C(O1)COCCCCCCOCC2CO2,0.6653033495129793,0.24065188083822217,0.6201958045168244
"1,6-Hexanediol dimethacrylate",CC(=C)C(=O)OCCCCCCOC(=O)C(=C)C,0.6744739222682251,0.15984054269597928,0.8090791919220063
"1-Chloro-2,3-epoxypropane",C1C(O1)CCl,0.8152346452850603,0.20048303348576624,0.6056087202756947
"2,2',4,4',5,5'-Hexabromodiphenyl ether",C1=C(C(=CC(=C1Br)Br)Br)OC2=CC(=C(C=C2Br)Br)Br,0.5590340166635438,0.29328669208528696,0.8009854563020208
"2,2',4,4',5-Pentabromodiphenyl ether",C1=CC(=C(C=C1Br)Br)OC2=CC(=C(C=C2Br)Br)Br,0.514029865137197,0.2884328991106166,0.8480482839523543
"2,2',4,4',6-Pentabromodiphenyl ether",C1=CC(=C(C=C1Br)Br)OC2=C(C=C(C=C2Br)Br)Br,0.5201963601672435,0.30735689139459976,0.8312519430184918
"2,2-Bis(4-hydroxyphenyl)propane",CC(C)(C1=CC=C(C=C1)O)C2=CC=C(C=C2)O,0.48588518383134804,0.20463572042107245,0.7187021556129412
"2,3,7,8-Tetrachlorodibenzodioxin",C1=C2C(=CC(=C1Cl)Cl)OC3=CC(=C(C=C3O2)Cl)Cl,0.6204566792650194,0.2807809009597749,0.7083213194628121
"2,4-D",C1=CC(=C(C=C1Cl)Cl)OCC(=O)O,0.36929386511428647,0.15374186918818014,0.5436395641429957
"2,4-DB",C1=CC(=C(C=C1Cl)Cl)OCCCC(=O)O,0.22964254718650587,0.1491227658204511,0.47088627613736767
"2,6-Di-tert-butyl-4-methylphenol",CC1=CC(=C(C(=C1)C(C)(C)C)O)C(C)(C)C,0.3941882475817652,0.11449871433440319,0.6016071109965017
2-Ethoxyethanol,CCOCCO,0.5156559233246851,0.20744561366646944,0.5470983062045321
"2-Ethylhexyl-2,3,4,5-tetrabromobenzoate",CCCCC(CC)COC(=O)C1=CC(=C(C(=C1Br)Br)Br)Br,0.358297729590314,0.2047402618962761,0.7714257107856907
2-Ethylhexyl diphenyl phosphate,CCCCC(CC)COP(=O)(OC1=CC=CC=C1)OC2=CC=CC=C2,0.3299421855844701,0.27145322216220935,0.6497253878154247
2-Methoxyethanol,COCCO,0.6083031729773858,0.24652248848784183,0.5865939566047391
2-Methylthiobenzothiazole,CSC1=NC2=CC=CC=C2S1,0.38089282165791294,0.25050287549838157,0.6929264922246618
2-(Morpholinothio)benzothiazole,C1COCCN1SC2=NC3=CC=CC=C3S2,0.21395708008335335,0.27809894711019917,0.42691396183410574
4-chloroindole-3-acetic acid,C1=CC2=C(C(=C1)Cl)C(=CN2)CC(=O)O,0.251055395090489,0.48686977043081975,0.3606790301447647
4-MBC,CC1=CC=C(C=C1)C=C2C3CCC(C2=O)(C3(C)C)C,0.28159258383188135,0.17411952076543993,0.5215812896059652
4-tert-Octylphenol,CC(C)(C)CC(C)(C)C1=CC=C(C=C1)O,0.3734924820803375,0.1656652695073994,0.6464335960356203
5-Methyl-1H-benzotriazole,CC1=CC2=NNN=C2C=C1,0.3274581528825932,0.24323504837835255,0.528112849082027
Abamectin,CCC(C)C1C(C=CC2(O1)CC3CC(O2)CC=C(C(C(C=CC=C4COC5C4(C(C=C(C5O)C)C(=O)O3)O)C)OC6CC(C(C(O6)C)OC7CC(C(C(O7)C)O)OC)OC)C)C.CC1C=CC=C2COC3C2(C(C=C(C3O)C)C(=O)OC4CC(CC=C(C1OC5CC(C(C(O5)C)OC6CC(C(C(O6)C)O)OC)OC)C)OC7(C4)C=CC(C(O7)C(C)C)C)O,0.2431033080917758,0.2030521722132023,0.5838391554912848
Abiraterone acetate,CC(=O)OC1CCC2(C3CCC4(C(C3CC=C2C1)CC=C4C5=CN=CC=C5)C)C,0.16647567650696535,0.18884868022895143,0.47864558240202953
ABS,C=CC=C.C=CC#N.C=CC1=CC=CC=C1,0.6383963432584665,0.24890097535829658,0.7525497359839542
Acenaphthene,C1CC2=CC=CC3=C2C1=CC=C3,0.5714569284377358,0.28312723574932536,0.609502962405593
Acenaphthylene,C1=CC2=C3C(=C1)C=CC3=CC=C2,0.7618730812533058,0.21580828955923348,0.7877574691187383
Acephate,CC(=O)NP(=O)(OC)SC,0.453415886869088,0.11100637424379267,0.5291557149316628
Acetaminophen,CC(=O)NC1=CC=C(C=C1)O,0.3080438760236255,0.1910059572968371,0.5320245115523522
Acetone,CC(=O)C,0.7090116569926714,0.17344726031039545,0.5757425815048975
Acetylsalicylic acid,CC(=O)OC1=CC=CC=C1C(=O)O,0.22951784467866665,0.1645512532563459,0.3652585120506657
Acetyl tributyl citrate,CCCCOC(=O)CC(CC(=O)OCCCC)(C(=O)OCCCC)OC(=O)C,0.45564780418981343,0.14828709296659048,0.7550064076001363
Acetyl triethyl citrate,CCOC(=O)CC(CC(=O)OCC)(C(=O)OCC)OC(=O)C,0.4796736941316388,0.1352066861297757,0.6684318357537173
Acifluorfen,C1=CC(=C(C=C1C(F)(F)F)Cl)OC2=CC(=C(C=C2)[N+](=O)[O-])C(=O)O,0.48150812844324486,0.26762911556032565,0.774343034914657
Aclonifen,C1=CC=C(C=C1)OC2=C(C(=C(C=C2)[N+](=O)[O-])N)Cl,0.7508028516549341,0.332351312832271,0.7092256895714076
Acridine,C1=CC=C2C(=C1)C=C3C=CC=CC3=N2,0.5557692189118917,0.19072324705997207,0.6504269688867222
Acrylic acid,C=CC(=O)O,0.698136453951151,0.13791901574437312,0.650761500673858
Adrenaline,CNCC(C1=CC(=C(C=C1)O)O)O,0.1447636526181131,0.09215805002516701,0.45043086274145816
Aldicarb,CC(C)(C=NOC(=O)NC)SC,0.4418054768927919,0.1404456556511823,0.5593880904335814
Alfatradiol,CC12CCC3C(C1CCC2O)CCC4=C3C=CC(=C4)O,0.47451621287115275,0.17607757465056498,0.5290111375891446
"Allyl 2,4,6-tribromophenyl ether",C=CCOC1=C(C=C(C=C1Br)Br)Br,0.49718289734885934,0.2632097992014672,0.7128774765556248
Allylestrenol,CC12CCC3C(C1CCC2(CC=C)O)CCC4=CCCCC34,0.25937433849474856,0.2704645873090917,0.699400388571767
Alpha-Zearalenol,CC1CCCC(CCCC=CC2=C(C(=CC(=C2)O)O)C(=O)O1)O,0.23510734364209443,0.23682753727262867,0.6679368811515453
Altrenogest,CC12C=CC3=C4CCC(=O)C=C4CCC3C1CCC2(CC=C)O,0.21185807457481393,0.3786738866046588,0.7697269123503755
Aminoglutethimide,CCC1(CCC(=O)NC1=O)C2=CC=C(C=C2)N,0.19531831039486514,0.1734246702805024,0.27922051635827994
Amoxicillin,CC1(C(N2C(S1)C(C2=O)NC(=O)C(C3=CC=C(C=C3)O)N)C(=O)O)C,0.08748993476026758,0.06070448808889519,0.47421592755815956
Ampicillin,CC1(C(N2C(S1)C(C2=O)NC(=O)C(C3=CC=CC=C3)N)C(=O)O)C,0.09195779161241995,0.06509679925021666,0.46329136761236606
Anastrozole,CC(C)(C#N)C1=CC(=CC(=C1)CN2C=NC=N2)C(C)(C)C#N,0.26525119648229567,0.18861338486990345,0.5951210786811058
Apalutamide,CNC(=O)C1=C(C=C(C=C1)N2C(=S)N(C(=O)C23CCC3)C4=CC(=C(N=C4)C#N)C(F)(F)F)F,0.11411701296684691,0.19100478496456322,0.3274648267078762
Aroclor 1016,C1=CC(=CC(=C1)Cl)C2=CC(=CC(=C2)Cl)Cl,0.5690693080232078,0.3036372993464162,0.7244011848550016
Aroclor 1242,C1=CC(=C(C(=C1)Cl)Cl)C2=C(C=C(C=C2)Cl)Cl,0.5173732995008151,0.3485775663630838,0.8014104548600502
Aroclor 1254,C1=CC(=C(C(=C1)Cl)Cl)C2=C(C(=C(C=C2)Cl)Cl)Cl,0.5809849746755681,0.28324163798034235,0.8309893511685178
Aroclor 1260,C1=CC(=C(C(=C1C2=C(C(=C(C=C2)Cl)Cl)Cl)Cl)Cl)Cl,0.6720582323426334,0.22252000053833915,0.836400215248694
Azithromycin,CCC1C(C(C(N(CC(CC(C(C(C(C(C(=O)O1)C)OC2CC(C(C(O2)C)O)(C)OC)C)OC3C(C(CC(O3)C)N(C)C)O)(C)O)C)C)C)O)(C)O,0.12909485682846003,0.21118863048671202,0.5996605097585348
BADGE,CC(C)(C1=CC=C(C=C1)OCC2CO2)C3=CC=C(C=C3)OCC4CO4,0.567540968227934,0.22451632418242784,0.6065073685866339
BBP,CCCCOC(=O)C1=CC=CC=C1C(=O)OCC2=CC=CC=C2,0.4403616460943362,0.11231830455037609,0.5684450419305165
BDE-209,C1(=C(C(=C(C(=C1Br)Br)Br)Br)Br)OC2=C(C(=C(C(=C2Br)Br)Br)Br)Br,0.7215170288379352,0.24878232044493173,0.7233626402426849
Benfluralin,CCCCN(CC)C1=C(C=C(C=C1[N+](=O)[O-])C(F)(F)F)[N+](=O)[O-],0.589246047729982,0.381221827205624,0.7340612833192003
Benomyl,CCCCNC(=O)N1C2=CC=CC=C2N=C1NC(=O)OC,0.08741017773241247,0.13568471645777755,0.42134655844483054
Benzo[a]pyrene,C1=CC=C2C3=C4C(=CC2=C1)C=CC5=C4C(=CC=C5)C=C3,0.8463002665065196,0.2596885161504582,0.7931564491210892
Benzophenone-3,COC1=CC(=C(C=C1)C(=O)C2=CC=CC=C2)O,0.237316070816931,0.12974461603522244,0.5557934276263752
Benzophenone tetracarboxylic dianhydride,C1=CC2=C(C=C1C(=O)C3=CC4=C(C=C3)C(=O)OC4=O)C(=O)OC2=O,0.3395192330261363,0.15766265679882274,0.6205964259025786
Benzothiazole,C1=CC=C2C(=C1)N=CS2,0.4112759608237381,0.17304133476332417,0.6006280691194185
Benzotriazole,C1=CC2=NNN=C2C=C1,0.3838797766051018,0.21810054538965334,0.5775033716727205
Bezafibrate,CC(C)(C(=O)O)OC1=CC=C(C=C1)CCNC(=O)C2=CC=C(C=C2)Cl,0.1538533350240649,0.13126341856156803,0.39326488844646607
BFDGE,C1C(O1)COC2=CC=C(C=C2)CC3=CC=C(C=C3)OCC4CO4,0.6025431748197023,0.23560221299662612,0.5435011916943805
BHA,CC(C)(C)C1=C(C=CC(=C1)OC)O,0.47833137476232696,0.21998522517005564,0.5584514389681895
Bicalutamide,CC(CS(=O)(=O)C1=CC=C(C=C1)F)(C(=O)NC2=CC(=C(C=C2)C#N)C(F)(F)F)O,0.13681490476763947,0.22365193825220067,0.41426422725503237
Bifenox,COC(=O)C1=C(C=CC(=C1)OC2=C(C=C(C=C2)Cl)Cl)[N+](=O)[O-],0.5367392213485034,0.27959671901165817,0.806866449078775
Bifenthrin,CC1=C(C=CC=C1C2=CC=CC=C2)COC(=O)C3C(C3(C)C)C=C(C(F)(F)F)Cl,0.20942202721496755,0.2109022878431318,0.620156922628998
Bifluranol,CCC(C1=CC(=C(C=C1)O)F)C(C)C2=CC(=C(C=C2)O)F,0.19322706115502386,0.21653492435573762,0.5037227639504553
Biochanin A,COC1=CC=C(C=C1)C2=COC3=CC(=CC(=C3C2=O)O)O,0.3743226927805862,0.1853823903216565,0.7659122144234867
biphenyl,C1=CC=C(C=C1)C2=CC=CC=C2,0.6295772694759537,0.246217619020189,0.7066893099348328
"Bis(2,3-dibromopropyl) phosphate",C(C(CBr)Br)OP(=O)(O)OCC(CBr)Br,0.5714958410606316,0.29867626182785945,0.5987706351157207
Bis(2-ethoxyethyl) phthalate,CCOCCOC(=O)C1=CC=CC=C1C(=O)OCCOCC,0.35708159078920504,0.13566896921024393,0.7316422306412674
Bis(2-ethylhexyl) adipate,CCCCC(CC)COC(=O)CCCCC(=O)OCC(CC)CCCC,0.5193715232458268,0.21460335327441574,0.7252361293074755
bis(2-ethylhexyl) phthalate,CCCCC(CC)COC(=O)C1=CC=CC=C1C(=O)OCC(CC)CCCC,0.4662337401982048,0.20587061972617574,0.8134360571766506
Bis(2-ethylhexyl) terephthalate,CCCCC(CC)COC(=O)C1=CC=C(C=C1)C(=O)OCC(CC)CCCC,0.2850020762006729,0.21340563434606502,0.7723522289515532
Bis(2-ethylhexyl) tetrabromophthalate,CCCCC(CC)COC(=O)C1=C(C(=C(C(=C1Br)Br)Br)Br)C(=O)OCC(CC)CCCC,0.4468373394456804,0.21281240540654017,0.7585416708381549
Bis(2-methoxyethyl) phthalate,COCCOC(=O)C1=CC=CC=C1C(=O)OCCOC,0.33704134244369605,0.14001787727135262,0.7034819434963286
Bis(2-n-butoxyethyl) phthalate,CCCCOCCOC(=O)C1=CC=CC=C1C(=O)OCCOCCCC,0.3912647840399076,0.11595636386809566,0.738923552291315
Bis(4-methyl-2-pentyl) phthalate,CC(C)CC(C)OC(=O)C1=CC=CC=C1C(=O)OC(C)CC(C)C,0.26048657824969085,0.13298254242946342,0.599880373317518
bis-EMA,CC(=C)C(=O)OCCOC1=CC=C(C=C1)C(C)(C)C2=CC=C(C=C2)OCCOC(=O)C(=C)C,0.33484991277258574,0.15879425943822756,0.4782994019881224
bis-GMA,CC(=C)C(=O)OCC(COC1=CC=C(C=C1)C(C)(C)C2=CC=C(C=C2)OCC(COC(=O)C(=C)C)O)O,0.30686111073726474,0.12183973936709172,0.3683050085829826
Bisphenol A bis(diphenyl phosphate),CC(C)(C1=CC=C(C=C1)OP(=O)(OC2=CC=CC=C2)OC3=CC=CC=C3)C4=CC=C(C=C4)OP(=O)(OC5=CC=CC=C5)OC6=CC=CC=C6,0.4808076522892184,0.2378175874905441,0.7320399623556115
Bisphenol F,C1=CC(=CC=C1CC2=CC=C(C=C2)O)O,0.4243270222620297,0.16764539400540432,0.6019186406608568
Bisphenol S,C1=CC(=CC=C1O)S(=O)(=O)C2=CC=C(C=C2)O,0.2971861034375558,0.07580629042077447,0.4831792634602609
Boldenone,CC12CCC3C(C1CCC2O)CCC4=CC(=O)C=CC34C,0.2583273573325933,0.3097700258507704,0.5381779743696551
BPDA,C1=CC2=C(C=C1C3=CC4=C(C=C3)C(=O)OC4=O)C(=O)OC2=O,0.48981855303248095,0.23613703097642635,0.7035206173026789
BPDP,CC(C)(C)C1=CC=CC=C1OP(=O)(OC2=CC=CC=C2)OC3=CC=CC=C3,0.4297610364551137,0.26152203697326953,0.7302345678073068
Bromoxynil,C1=C(C=C(C(=C1Br)O)Br)C#N,0.4716272208066187,0.15849251291828384,0.7087534395667179
butyl cyclohexyl phthalate,CCCCOC(=O)C1=CC=CC=C1C(=O)OC2CCCCC2,0.2800537349005332,0.2296778317213409,0.5567470188157323
butyl decyl phthalate,CCCCCCCCCCOC(=O)C1=CC=CC=C1C(=O)OCCCC,0.5051364434149979,0.11797285973708474,0.827327196965294
Butylparaben,CCCCOC(=O)C1=CC=C(C=C1)O,0.2430463990565518,0.08120766027456697,0.7161000181603143
Butylphenol,CCCCC1=CC=CC=C1O,0.2890542316944248,0.3338366719765925,0.6737162323622076
BVO,C1=CC=C2C(=C1)C(=O)C3=C(C2=O)N(N=N3)C4=CC(=C(C(=C4)F)C5=CC=CC(=C5)CO)F,0.11924024577193865,0.17973875981583426,0.39282669413448695
Camphorquinone,CC1(C2CCC1(C(=O)C2=O)C)C,0.37839448847640433,0.26475982992652003,0.6043982981287923
Captan,C1C=CCC2C1C(=O)N(C2=O)SC(Cl)(Cl)Cl,0.3801373338333831,0.18661467802866052,0.4196280779781813
Carbamazepine,C1=CC=C2C(=C1)C=CC3=CC=CC=C3N2C(=O)N,0.22619433176875606,0.2336873132358709,0.33711810368651307
Carbendazim,COC(=O)NC1=NC2=CC=CC=C2N1,0.12474152197888287,0.08305313251838,0.3730593039051614
Carbofuran,CC1(CC2=C(O1)C(=CC=C2)OC(=O)NC)C,0.22790603750864744,0.3555621925892386,0.44711192523333565
Carfentrazone,CC1=NN(C(=O)N1C(F)F)C2=C(C=C(C(=C2)CC(C(=O)O)Cl)Cl)F,0.09702635510694195,0.22073225546170824,0.48603493825227667
CDP,C1=CN(C(=O)N=C1N)C2C(C(C(O2)COP(=O)(O)OP(=O)(O)O)O)O,0.16811869398938184,0.20462794613581736,0.18483066685901794
Ceftiofur,CON=C(C1=CSC(=N1)N)C(=O)NC2C3N(C2=O)C(=C(CS3)CSC(=O)C4=CC=CO4)C(=O)O,0.06144037590811435,0.05342662910031337,0.10143634704306485
Ceftriaxone,CN1C(=NC(=O)C(=O)N1)SCC2=C(N3C(C(C3=O)NC(=O)C(=NOC)C4=CSC(=N4)N)SC2)C(=O)O,0.066635845127511,0.04157434028141113,0.2644105630978816
cellulose acetate phthalate,CC(=O)OCC1C(C(C(C(O1)OC2C(OC(C(C2O)OC(=O)C3=CC=CC=C3C(=O)O)O)COC(=O)C)O)OC(=O)C4=CC=CC=C4C(=O)O)O,0.18148701465053724,0.14989395062913446,0.42204673734430737
Cephalexin,CC1=C(N2C(C(C2=O)NC(=O)C(C3=CC=CC=C3)N)SC1)C(=O)O,0.04865078872969328,0.03920768371724802,0.23694509458903595
Cetrorelix,CC(C)CC(C(=O)NC(CCCN=C(N)N)C(=O)N1CCCC1C(=O)NC(C)C(=O)N)NC(=O)C(CCCNC(=O)N)NC(=O)C(CC2=CC=C(C=C2)O)NC(=O)C(CO)NC(=O)C(CC3=CN=CC=C3)NC(=O)C(CC4=CC=C(C=C4)Cl)NC(=O)C(CC5=CC6=CC=CC=C6C=C5)NC(=O)C,0.11020997464260147,0.19667630211602063,0.47626268200540695
Chimassorb 81,CCCCCCCCOC1=CC(=C(C=C1)C(=O)C2=CC=CC=C2)O,0.15349607267066565,0.12362623937520206,0.5543342807929595
Chlormadinone acetate,CC(=O)C1(CCC2C1(CCC3C2C=C(C4=CC(=O)CCC34C)Cl)C)OC(=O)C,0.360831473568032,0.11655220412672755,0.7367031531032816
chlorodifluoromethane,C(F)(F)Cl,0.6299996329751556,0.19145929494466812,0.5277439865546308
chloromethane,CCl,0.8279139307986152,0.23917017803023558,0.713201337675454
Chlorpyrifos,CCOP(=S)(OCC)OC1=NC(=C(C=C1Cl)Cl)Cl,0.32612429425816863,0.304568062731536,0.5329778594623943
Chlortetracycline,CC1(C2CC3C(C(=O)C(=C(C3(C(=O)C2=C(C4=C(C=CC(=C41)Cl)O)O)O)O)C(=O)N)N(C)C)O,0.19435277100409237,0.23226107462670254,0.6930812729837043
Cinidon-ethyl,CCOC(=O)C(=CC1=C(C=CC(=C1)N2C(=O)C3=C(C2=O)CCCC3)Cl)Cl,0.1924187906286263,0.18648177574445743,0.47378970938171044
Ciprofibrate,CC(C)(C(=O)O)OC1=CC=C(C=C1)C2CC2(Cl)Cl,0.2968411793280626,0.08667707229392416,0.5273161681316256
Ciprofloxacin,C1CC1N2C=C(C(=O)C3=CC(=C(C=C32)N4CCNCC4)F)C(=O)O,0.10642769614732459,0.19893472901386322,0.5110515698603525
Clarithromycin,CCC1C(C(C(C(=O)C(CC(C(C(C(C(C(=O)O1)C)OC2CC(C(C(O2)C)O)(C)OC)C)OC3C(C(CC(O3)C)N(C)C)O)(C)OC)C)C)O)(C)O,0.14790404563368426,0.10419169480781075,0.6577127321076565
Clascoterone,CCC(=O)OC1(CCC2C1(CCC3C2CCC4=CC(=O)CCC34C)C)C(=O)CO,0.2715489904755536,0.19835234648419717,0.5989078415708122
Clenbuterol,CC(C)(C)NCC(C1=CC(=C(C(=C1)Cl)N)Cl)O,0.15189669657347876,0.08786043386921667,0.38213440450611
Clindamycin,CCCC1CC(N(C1)C)C(=O)NC(C2C(C(C(C(O2)SC)O)O)O)C(C)Cl,0.18820631435984314,0.12385033525629251,0.5169391558043135
Clomifene citrate,CCN(CC)CCOC1=CC=C(C=C1)C(=C(C2=CC=CC=C2)Cl)C3=CC=CC=C3.C(C(=O)O)C(CC(=O)O)(C(=O)O)O,0.1305683071186121,0.10160831311198469,0.1797863454448261
Clomiphene,CCN(CC)CCOC1=CC=C(C=C1)C(=C(C2=CC=CC=C2)Cl)C3=CC=CC=C3,0.16241089547614632,0.09282554214392105,0.1958755293089199
Clothianidin,CNC(=N[N+](=O)[O-])NCC1=CN=C(S1)Cl,0.41271566418797534,0.250771504954716,0.5856732772367996
Clotrimazole,C1=CC=C(C=C1)C(C2=CC=CC=C2)(C3=CC=CC=C3Cl)N4C=CN=C4,0.25943091792115874,0.17329501718714788,0.5143590798336493
Conjugated estrogens,CC12CCC3C(C1CCC2=O)CCC4=C3C=CC(=C4)OS(=O)(=O)[O-].[Na+],0.32609218552032465,0.1483447472125286,0.5752811490344145
Coumestrol,C1=CC2=C(C=C1O)OC3=C2C(=O)OC4=C3C=CC(=C4)O,0.4373426930832898,0.19062545151113763,0.6677451322977767
CQ,CCN(CC)CCCC(C)NC1=C2C=CC(=CC2=NC=C1)Cl,0.10105656874613231,0.3109290715580466,0.32820044046529645
Cresyl diphenyl phosphate,CC1=CC=CC=C1OP(=O)(OC2=CC=CC=C2)OC3=CC=CC=C3,0.4460970541307827,0.3246085802912168,0.6873153910235623
Cyclofenil,CC(=O)OC1=CC=C(C=C1)C(=C2CCCCC2)C3=CC=C(C=C3)OC(=O)C,0.19459083369700206,0.1529960280978668,0.3542440728799972
Cyfluthrin,CC1(C(C1C(=O)OC(C#N)C2=CC(=C(C=C2)F)OC3=CC=CC=C3)C=C(Cl)Cl)C,0.22360461807604395,0.10082483658727283,0.4026406766405819
Cypermethrin,CC1(C(C1C(=O)OC(C#N)C2=CC(=CC=C2)OC3=CC=CC=C3)C=C(Cl)Cl)C,0.34595808280567325,0.11800536591359942,0.42425326394297164
Cyproconazole,CC(C1CC1)C(CN2C=NC=N2)(C3=CC=C(C=C3)Cl)O,0.1438661330246881,0.20468830039034547,0.3651520301948938
Cyprodinil,CC1=CC(=NC(=N1)NC2=CC=CC=C2)C3CC3,0.2486186278653496,0.22960045832845075,0.48948308985550343
Cyproterone acetate,CC(=O)C1(CCC2C1(CCC3C2C=C(C4=CC(=O)C5CC5C34C)Cl)C)OC(=O)C,0.2983622402816232,0.14602899616939136,0.6340688189051606
Daidzein,C1=CC(=CC=C1C2=COC3=C(C2=O)C=CC(=C3)O)O,0.35615205698802477,0.1446802142693719,0.841273464103793
Danazol,CC12CCC3C(C1CCC2(C#C)O)CCC4=CC5=C(CC34C)C=NO5,0.3054893324879277,0.2330399186794372,0.6003050163234699
Darocur 1173,CC(C)(CC1=CC=CC=C1)O,0.2811501221638923,0.2752279333175375,0.32944004821205036
Darolutamide,CC(CN1C=CC(=N1)C2=CC(=C(C=C2)C#N)Cl)NC(=O)C3=NNC(=C3)C(C)O,0.11235145250481123,0.26077357082923425,0.4760286490495888
DCHP,C1CCC(CC1)OC(=O)C2=CC=CC=C2C(=O)OC3CCCCC3,0.18776490641288618,0.2277447076803006,0.40860481713999847
DDD,C1=CC(=CC=C1C(C2=CC=C(C=C2)Cl)C(Cl)Cl)Cl,0.5745354082920207,0.23008560898172845,0.5998512588516526
DDE,C1=CC(=CC=C1C(=C(Cl)Cl)C2=CC=C(C=C2)Cl)Cl,0.4860519922254178,0.20479174873611242,0.6640531651547131
Decabromobiphenyl,C1(=C(C(=C(C(=C1Br)Br)Br)Br)Br)C2=C(C(=C(C(=C2Br)Br)Br)Br)Br,0.7160855572313168,0.24152159708378684,0.7583900609106192
Decabromodiphenyl ethane,C(CC1=C(C(=C(C(=C1Br)Br)Br)Br)Br)C2=C(C(=C(C(=C2Br)Br)Br)Br)Br,0.6652549881432122,0.3187727688745403,0.7702572511288824
DEEP,C1CN(CCN1CCC2=CC(=C(C=C2)N=[N+]=[N-])I)CCOC(C3=CC=CC=C3)C4=CC=CC=C4,0.13066872958740772,0.37364051183512603,0.30357960271724943
DEGDMA,CC(=C)C(=O)OCCOCCOC(=O)C(=C)C,0.6985918324015201,0.1597937610255407,0.8212875984365159
Deoxymiroestrol,CC1(C2CC3(CC(=O)C(C2C3O)C4=COC5=C(C41)C=CC(=C5)O)O)C,0.3545650941835745,0.3084389177620263,0.6481711317132088
DES,CCC(=C(CC)C1=CC=C(C=C1)O)C2=CC=C(C=C2)O,0.38691031976598966,0.12348270230200303,0.5286067325104045
Desogestrel,CCC12CC(=C)C3C(C1CCC2(C#C)O)CCC4=CCCCC34,0.24318577416549556,0.22717286999800984,0.7444723918971171
Dexamethasone,CC1CC2C3CCC4=CC(=O)C=CC4(C3(C(CC2(C1(C(=O)CO)O)C)O)F)C,0.04865459378521649,0.06240496867795795,0.27317631244965546
Di(2-ethylhexyl) azelate,CCCCC(CC)COC(=O)CCCCCCCC(=O)OCC(CC)CCCC,0.4839204093119028,0.21012571856665907,0.7235663227266405
di(2-propylheptyl) phthalate,CCCCCC(CCC)COC(=O)C1=CC=CC=C1C(=O)OCC(CCC)CCCCC,0.4267332420864146,0.20711645754533706,0.7763988294071524
diallyl phthalate,C=CCOC(=O)C1=CC=CC=C1C(=O)OCC=C,0.45011942919649,0.12298139338037636,0.6978544875481422
dibenzodioxin,C1=CC=C2C(=C1)OC3=CC=CC=C3O2,0.6533857070470617,0.3073603791816342,0.658242275438733
dibenzofuran,C1=CC=C2C(=C1)C3=CC=CC=C3O2,0.7348344714616093,0.27742970536545586,0.6226103334808076
Dibenzothiazyl disulfide,C1=CC=C2C(=C1)N=C(S2)SSC3=NC4=CC=CC=C4S3,0.45206824492694536,0.19234141578477892,0.7227345170310707
Dibenzothiophene,C1=CC=C2C(=C1)C3=CC=CC=C3S2,0.626554542091728,0.2939419332084976,0.6386774964898463
DIBP,CC(C)COC(=O)C1=CC=CC=C1C(=O)OCC(C)C,0.3199649729317547,0.12445591667779377,0.7024386833659837
Dibutyl terephthalate,CCCCOC(=O)C1=CC=C(C=C1)C(=O)OCCCC,0.2544616390763379,0.08891683952109265,0.6557551869801789
Dicamba,COC1=C(C=CC(=C1C(=O)O)Cl)Cl,0.2970120438240991,0.17966688302321074,0.43313448509853136
Dichlobenil,C1=CC(=C(C(=C1)Cl)C#N)Cl,0.6205153011002358,0.26153308571998113,0.7917835774746237
Diclofenac,C1=CC=C(C(=C1)CC(=O)O)NC2=C(C=CC=C2Cl)Cl,0.21569339333431944,0.08279643159367991,0.2723628839588538
dicofol,C1=CC(=CC=C1C(C2=CC=C(C=C2)Cl)(C(Cl)(Cl)Cl)O)Cl,0.5506258117239039,0.15750090831181507,0.5806362928991035
DIDP,C1C(C(OC1N2C=NC3=C2N=CNC3=O)COP(=O)(O)OP(=O)(O)O)O,0.13809098925446836,0.15420196032239533,0.20122985932684753
Dienogest,CC12CCC3=C4CCC(=O)C=C4CCC3C1CCC2(CC#N)O,0.2550723968955252,0.33696660961393754,0.7902478798893494
diethyl phthalate,CCOC(=O)C1=CC=CC=C1C(=O)OCC,0.3705075297614085,0.09751999335422223,0.7147720886577684
Diethylstilbestrol dipropionate,CCC(=C(CC)C1=CC=C(C=C1)OC(=O)CC)C2=CC=C(C=C2)OC(=O)CC,0.2566795295652109,0.15159929027301125,0.4890601215394822
Diethyl terephthalate,CCOC(=O)C1=CC=C(C=C1)C(=O)OCC,0.22444782426310092,0.09765326656076467,0.549043749422343
Dihexyl phthalate,CCCCCCOC(=O)C1=CC=CC=C1C(=O)OCCCCCC,0.5006485917487058,0.12416106638698726,0.8275649241405211
Dihydrotestosterone,CC12CCC(=O)CC1CCC3C2CCC4(C3CCC4O)C,0.3213297908262063,0.528079806291285,0.5899166455015072
Diisodecyl adipate,CC(C)CCCCCCCOC(=O)CCCCC(=O)OCCCCCCCC(C)C,0.39037250682099894,0.2246127438100981,0.7049694613200711
diisodecyl phthalate,CC(C)CCCCCCCOC(=O)C1=CC=CC=C1C(=O)OCCCCCCCC(C)C,0.42112990323207194,0.1959327754518654,0.8384647523772873
diisoheptyl phthalate,CC(C)CCCCOC(=O)C1=CC=CC=C1C(=O)OCCCCC(C)C,0.4184829833698375,0.1833858200585273,0.83325138380241
diisohexyl phthalate,CC(C)CCCOC(=O)C1=CC=CC=C1C(=O)OCCCC(C)C,0.4066565647888465,0.18073859195632,0.7949600577908557
Diisononyl adipate,CC(C)CCCCCCOC(=O)CCCCC(=O)OCCCCCCC(C)C,0.390372506820999,0.22461274381009816,0.7049694613200711
"Diisononyl cyclohexane-1,2-dicarboxylate",CC(C)CCCCCCOC(=O)C1CCCCC1C(=O)OCCCCCCC(C)C,0.31792159560935024,0.20735113419381537,0.547658249496109
diisooctyl phthalate,CC(C)CCCCCOC(=O)C1=CC=CC=C1C(=O)OCCCCCC(C)C,0.42112990323207194,0.19593277545186547,0.8384647523772873
Diisopropyl ether,CC(C)OC(C)C,0.6625648767042246,0.3382476076092002,0.5459653746089375
diisotridecyl phthalate,CC(C)CCCCCCCCCCOC(=O)C1=CC=CC=C1C(=O)OCCCCCCCCCCC(C)C,0.42112990323207194,0.19593277545186547,0.8384647523772873
diisoundecyl phthalate,CC(C)CCCCCCCCOC(=O)C1=CC=CC=C1C(=O)OCCCCCCCCC(C)C,0.42112990323207194,0.1959327754518654,0.8384647523772873
Dimethisterone,CC#CC1(CCC2C1(CCC3C2CC(C4=CC(=O)CCC34C)C)C)O,0.33304443834017716,0.26881210281329876,0.5999938768500451
Dimethoate,CNC(=O)CSP(=S)(OC)OC,0.3027260472981398,0.19552307446457035,0.45926942759461137
dimethyl phthalate,COC(=O)C1=CC=CC=C1C(=O)OC,0.3187651516052169,0.10883474483124363,0.5718742596484694
DINA,C(CO[N+](=O)[O-])N(CCO[N+](=O)[O-])[N+](=O)[O-],0.7444024163326035,0.28161283380593644,0.709585330615088
di-n-pentyl phthalate,CCCCCOC(=O)C1=CC=CC=C1C(=O)OCCCCC,0.5063980755607682,0.10680627805333716,0.8211313299171092
di-n-propyl phthalate,CCCOC(=O)C1=CC=CC=C1C(=O)OCCC,0.42349307483249865,0.10075617474708178,0.749344120330478
dioctyl terephthalate,CCCCCCCCOC(=O)C1=CC=C(C=C1)C(=O)OCCCCCCCC,0.2394140098081027,0.1103850481000904,0.7088148843287572
Dipentamethylenethiuram tetrasulfide,C1CCN(CC1)C(=S)SSSSC(=S)N2CCCCC2,0.38898881524254086,0.18067002813258107,0.46721980274157937
Diphenyliodonium hexafluorophosphate,C1=CC=C(C=C1)[I+]C2=CC=CC=C2.F[P-](F)(F)(F)(F)F,0.5175040567340038,0.25325000766821576,0.610066368961383
DITP,C1C(C(OC1N2C=NC3=C2N=CNC3=O)COP(=O)(O)OP(=O)(O)OP(=O)(O)O)O,0.14017432258780171,0.16095159375348037,0.20029235932684755
ditridecyl phthalate,CCCCCCCCCCCCCOC(=O)C1=CC=CC=C1C(=O)OCCCCCCCCCCCCC,0.5006485917487057,0.12416106638698726,0.8275649241405212
diundecyl phthalate,CCCCCCCCCCCOC(=O)C1=CC=CC=C1C(=O)OCCCCCCCCCCC,0.5006485917487058,0.12416106638698726,0.8275649241405212
DNHP,C1CN(CCN(C1)N=O)N=O,0.6953224542249822,0.28760666946000846,0.5474818757317096
DNPP,CC(C)C1=C(C(=CC(=C1)[N+](=O)[O-])[N+](=O)[O-])O,0.5789107871050517,0.4472121972727869,0.6820980319638678
Dobutamine,CC(CCC1=CC=C(C=C1)O)NCCC2=CC(=C(C=C2)O)O,0.15644329215485986,0.3068151260427952,0.6132506983638084
Dodecyl gallate,CCCCCCCCCCCCOC(=O)C1=CC(=C(C(=C1)O)O)O,0.2083234665392079,0.14163507446819004,0.7758229327988844
DOTP,C1COC2=NC3=C(C(=O)N21)SC=C3,0.2576507021723929,0.20505912021080083,0.38362079901939217
Doxycycline,CC1C2C(C3C(C(=O)C(=C(C3(C(=O)C2=C(C4=C1C=CC=C4O)O)O)O)C(=O)N)N(C)C)O,0.17736266433997896,0.15168935970088213,0.5930952861118688
Drospirenone,CC12CCC(=O)C=C1C3CC3C4C2CCC5(C4C6CC6C57CCC(=O)O7)C,0.2974520459994698,0.3426970348881875,0.5816163221434509
Drostanolone,CC1CC2(C(CCC3C2CCC4(C3CCC4O)C)CC1=O)C,0.26988007519530977,0.5039461470280663,0.45079031390074553
DTDP,CC1=CN(C(=O)NC1=O)C2CC(C(O2)COP(=O)(O)OP(=O)(O)O)O,0.17446821142462476,0.19331926821737602,0.3373320786577461
Dutasteride,CC12CCC3C(C1CCC2C(=O)NC4=C(C=CC(=C4)C(F)(F)F)C(F)(F)F)CCC5C3(C=CC(=O)N5)C,0.16809433834991555,0.3306678009489232,0.30274814141439
E1,CCC(C)C(C(=O)NC(CC1=CC=C(C=C1)O)C=O)NC(=O)C(CO)NC(=O)C(CCCN=C(N)N)NC(=O)C(C(C)C)NC(=O)C2CCCN2C(=O)C3CCCN3C(=O)C(C)N,0.157901802991658,0.2604572701760469,0.5092590509383635
E3,C1CN(CC2=C1C=C(C=C2)C(=O)NC(CC3=CC4=CC=CC=C4C=C3)C(=O)NCCCCC(C(=O)O)NC(=O)NC(CCC(=O)O)C(=O)O)C(=O)CN5CCN(CCN(CCN(CC5)CC(=O)O)CC(=O)O)CC(=O)O,0.09090594673312688,0.2215479877258099,0.34780545406145913
Econazole,C1=CC(=CC=C1COC(CN2C=CN=C2)C3=C(C=C(C=C3)Cl)Cl)Cl,0.1725494675801447,0.17701667665220738,0.5251652879633988
EGDMA,CC(=C)C(=O)OCCOC(=O)C(=C)C,0.7211989939325801,0.16305051481352326,0.8279825011163087
EHDP,CC(O)(P(=O)(O)O)P(=O)(O)O,0.5296291691268198,0.1958245120763571,0.59935873773603
Enrofloxacin,CCN1CCN(CC1)C2=C(C=C3C(=C2)N(C=C(C3=O)C(=O)O)C4CC4)F,0.06575956529739767,0.2145064383732682,0.4727564983408162
Enterodiol,C1=CC(=CC(=C1)O)CC(CO)C(CC2=CC(=CC=C2)O)CO,0.2515331253570617,0.2947535183176435,0.369093473589299
Enterolactone,C1C(C(C(=O)O1)CC2=CC(=CC=C2)O)CC3=CC(=CC=C3)O,0.2519774346361857,0.2574304533103113,0.29996631941480173
Enzalutamide,CC1(C(=O)N(C(=S)N1C2=CC(=C(C=C2)C(=O)NC)F)C3=CC(=C(C=C3)C#N)C(F)(F)F)C,0.11864998417160257,0.18458203938893797,0.612500842276666
epibatidine,C1CC2C(CC1N2)C3=CN=C(C=C3)Cl,0.25968203786119703,0.16770725162443237,0.3186361607876052
Epoxiconazole,C1=CC=C(C(=C1)C2C(O2)(CN3C=NC=N3)C4=CC=C(C=C4)F)Cl,0.14644365479440127,0.3110098968870244,0.4260071894489906
Epoxy resin,CC(C)(C1=CC=C(C=C1)O)C2=CC=C(C=C2)O.C=CC(=O)O.C1C(O1)CCl,0.36786908288260023,0.1640005817875219,0.5713954738184531
Epristeride,CC12CCC3C(C1CCC2C(=O)NC(C)(C)C)CC=C4C3(CCC(=C4)C(=O)O)C,0.2415501981294144,0.22388379627828692,0.5169912896312101
EPTC,CCCN(CCC)C(=O)SCC,0.4915631369780095,0.18949823890886366,0.5119580836247153
Equilenin,CC12CCC3=C(C1CCC2=O)C=CC4=C3C=CC(=C4)O,0.27375033944218197,0.2475542354662313,0.5035551146087908
Equilin,CC12CCC3C(=CCC4=C3C=CC(=C4)O)C1CCC2=O,0.28992615793499465,0.1866625919482177,0.5136147310373633
Equol,C1C(COC2=C1C=CC(=C2)O)C3=CC=C(C=C3)O,0.29392482007317566,0.26735157510532254,0.5511988105157141
Erythromycin,CCC1C(C(C(C(=O)C(CC(C(C(C(C(C(=O)O1)C)OC2CC(C(C(O2)C)O)(C)OC)C)OC3C(C(CC(O3)C)N(C)C)O)(C)O)C)C)O)(C)O,0.14020955363002646,0.09304651406306604,0.6676872665353702
Esfenvalerate,CC(C)C(C1=CC=C(C=C1)Cl)C(=O)OC(C#N)C2=CC(=CC=C2)OC3=CC=CC=C3,0.36398310952152313,0.1490430926205544,0.519011927454851
Estetrol,CC12CCC3C(C1C(C(C2O)O)O)CCC4=C3C=CC(=C4)O,0.40157014783290357,0.16486157019647507,0.4476493567020608
Estradiol benzoate,CC12CCC3C(C1CCC2O)CCC4=C3C=CC(=C4)OC(=O)C5=CC=CC=C5,0.2903770527483961,0.13320004649999684,0.4994835125341504
Estradiol cypionate,CC12CCC3C(C1CCC2OC(=O)CCC4CCCC4)CCC5=C3C=CC(=C5)O,0.3853601025608153,0.19926885021234408,0.47763893886332986
Estrone sulfate,CC12CCC3C(C1CCC2=O)CCC4=C3C=CC(=C4)OS(=O)(=O)O,0.3019212963102538,0.08468656987979678,0.5310642291724241
ETBE,CCOC(C)(C)C,0.7305434814441925,0.2948631295321934,0.649698316199741
Ethinyl estradiol,CC12CCC3C(C1CCC2(C#C)O)CCC4=C3C=CC(=C4)O,0.4576427699209416,0.10768307146528153,0.5335527721922007
Ethinyl estradiol 3-methyl ether,CC12CCC3C(C1CCC2(C#C)O)CCC4=C3C=CC(=C4)OC,0.42764444225978304,0.18818757987455698,0.43012838557715305
Ethoprop,CCCSP(=O)(OCC)SCCC,0.6494999331982197,0.21497049553011405,0.6583623608804576
Ethoxyquin,CCOC1=CC2=C(C=C1)NC(C=C2C)(C)C,0.2837462057124666,0.3391501255882495,0.41446574279617765
Ethylparaben,CCOC(=O)C1=CC=C(C=C1)O,0.21459242997777245,0.08943909733673698,0.637275084953423
Ethynodiol diacetate,CC(=O)OC1CCC2C3CCC4(C(C3CCC2=C1)CCC4(C#C)OC(=O)C)C,0.1943253446525578,0.17786944149936748,0.7299547354862086
Etonogestrel,CCC12CC(=C)C3C(C1CCC2(C#C)O)CCC4=CC(=O)CCC34,0.2692548799283136,0.2989058857805865,0.8255693841419643
Exemestane,CC12CCC3C(C1CCC2=O)CC(=C)C4=CC(=O)C=CC34C,0.27660378978143374,0.27449984903464303,0.6502246269625281
F-53B,C(C(C(C(F)(F)Cl)(F)F)(F)F)(C(C(OC(C(F)(F)S(=O)(=O)O)(F)F)(F)F)(F)F)(F)F,0.6231783591033486,0.21879653693622284,0.6140894866026076
Fenarimol,C1=CC=C(C(=C1)C(C2=CC=C(C=C2)Cl)(C3=CN=CN=C3)O)Cl,0.2834414893012568,0.20858987947155477,0.5786857936234224
Fenbuconazole,C1=CC=C(C=C1)C(CCC2=CC=C(C=C2)Cl)(CN3C=NC=N3)C#N,0.19713339972275687,0.24144366805998976,0.563395741079947
Fenbutatin oxide,CC(C)(C[Sn](CC(C)(C)C1=CC=CC=C1)(CC(C)(C)C2=CC=CC=C2)O[Sn](CC(C)(C)C3=CC=CC=C3)(CC(C)(C)C4=CC=CC=C4)CC(C)(C)C5=CC=CC=C5)C6=CC=CC=C6,0.43806428497321853,0.2736242493471917,0.5698674340165517
Fenitrothion,CC1=C(C=CC(=C1)OP(=S)(OC)OC)[N+](=O)[O-],0.7307786659314432,0.33484566794855775,0.7316015391747409
Fenofibrate,CC(C)OC(=O)C(C)(C)OC1=CC=C(C=C1)C(=O)C2=CC=C(C=C2)Cl,0.25864189782409,0.13528449798289147,0.5459027474275827
Fenoprop,CC(C(=O)O)OC1=CC(=C(C=C1Cl)Cl)Cl,0.24379844330341865,0.1641195633118696,0.5126512487733834
Fenoterol,CC(CC1=CC=C(C=C1)O)NCC(C2=CC(=CC(=C2)O)O)O,0.1256246508780002,0.1824474134670496,0.593937154353808
Finasteride,CC12CCC3C(C1CCC2C(=O)NC(C)(C)C)CCC4C3(C=CC(=O)N4)C,0.19492461574287417,0.31699605721184293,0.3077225928418957
Fipronil,C1=C(C=C(C(=C1Cl)N2C(=C(C(=N2)C#N)S(=O)C(F)(F)F)N)Cl)C(F)(F)F,0.3147416210645074,0.1222917699566032,0.37933909856349035
Firemaster BP-6,C1=CC(=C(C(=C1C2=CC(=C(C(=C2)Br)Br)Br)Br)Br)Br,0.5382826862288299,0.3274054681189763,0.824280500542944
Florfenicol,CS(=O)(=O)C1=CC=C(C=C1)C(C(CF)NC(=O)C(Cl)Cl)O,0.2661675938527339,0.1376044612710122,0.5812075271339663
fluazinam,C1=C(C=NC(=C1Cl)NC2=C(C=C(C(=C2[N+](=O)[O-])Cl)C(F)(F)F)[N+](=O)[O-])C(F)(F)F,0.5737388117805509,0.3315462429319372,0.7514665512131282
Fluconazole,C1=CC(=C(C=C1F)F)C(CN2C=NC=N2)(CN3C=NC=N3)O,0.2041823010445108,0.23070823929751116,0.3673322839326792
Fludioxonil,C1=CC(=C2C(=C1)OC(O2)(F)F)C3=CNC=C3C#N,0.33166297191963645,0.3455965416367399,0.29579186379447414
flufenacet,CC(C)N(C1=CC=C(C=C1)F)C(=O)COC2=NN=C(S2)C(F)(F)F,0.1535232859209877,0.18642764991209076,0.3763958885811456
Flumiclorac-pentyl,CCCCCOC(=O)COC1=C(C=C(C(=C1)N2C(=O)C3=C(C2=O)CCCC3)F)Cl,0.14413063240024584,0.2596800000541068,0.5626836313723791
Flumioxazin,C#CCN1C(=O)COC2=CC(=C(C=C21)N3C(=O)C4=C(C3=O)CCCC4)F,0.1928600581253642,0.3863994291576018,0.4727375593712941
Fluoroglycofen,C1=CC(=C(C=C1C(F)(F)F)Cl)OC2=CC(=C(C=C2)[N+](=O)[O-])C(=O)OCC(=O)O,0.4793595419771605,0.250911452277526,0.7880369381121384
Fluoxymesterone,CC12CCC(=O)C=C1CCC3C2(C(CC4(C3CCC4(C)O)C)O)F,0.24151327314993554,0.21902985228184033,0.636508927762288
Flurbiprofen,CC(C1=CC(=C(C=C1)C2=CC=CC=C2)F)C(=O)O,0.12778809515933948,0.07954774099021444,0.38565925279967667
Flusilazole,C[Si](CN1C=NC=N1)(C2=CC=C(C=C2)F)C3=CC=C(C=C3)F,0.22492503388617993,0.27365545434210825,0.32829141227448616
Flutamide,CC(C)C(=O)NC1=CC(=C(C=C1)[N+](=O)[O-])C(F)(F)F,0.41056342529563117,0.2913488103668497,0.7484433324513798
Fluthiacet-methyl,COC(=O)CSC1=C(C=C(C(=C1)N=C2N3CCCCN3C(=O)S2)F)Cl,0.13759806822289358,0.1770005730807499,0.22930589928145703
Flutolanil,CC(C)OC1=CC=CC(=C1)NC(=O)C2=CC=CC=C2C(F)(F)F,0.14970462990367317,0.1839590035290512,0.48367174828061754
Folpet,C1=CC=C2C(=C1)C(=O)N(C2=O)SC(Cl)(Cl)Cl,0.3976974288857499,0.18887479453403574,0.5327506105411925
Fomesafen,CS(=O)(=O)NC(=O)C1=C(C=CC(=C1)OC2=C(C=C(C=C2)C(F)(F)F)Cl)[N+](=O)[O-],0.4515697452532567,0.2327216774254493,0.7614572926562981
Formononetin,COC1=CC=C(C=C1)C2=COC3=C(C2=O)C=CC(=C3)O,0.2855372915673995,0.15577883703795192,0.751204720146823
Formoterol,CC(CC1=CC=C(C=C1)OC)NCC(C2=CC(=C(C=C2)O)NC=O)O,0.08844336919878934,0.09183412005466911,0.32408818719289056
Fulvestrant,CC12CCC3C(C1CCC2O)C(CC4=C3C=CC(=C4)O)CCCCCCCCCS(=O)CCCC(C(F)(F)F)(F)F,0.16928119151630916,0.25643440691366287,0.3108293370731391
Gamma-hexachlorocyclohexane,C1(C(C(C(C(C1Cl)Cl)Cl)Cl)Cl)Cl,0.7815895222780784,0.23369136026324416,0.6847386531576941
Gardona,COP(=O)(OC)OC(=CCl)C1=CC(=C(C=C1Cl)Cl)Cl,0.39262256931200035,0.14147622866415557,0.5127668540150728
Gemfibrozil,CC1=CC(=C(C=C1)C)OCCCC(C)(C)C(=O)O,0.1827263441285908,0.12651447965408935,0.44048969017239853
Genistein,C1=CC(=CC=C1C2=COC3=CC(=CC(=C3C2=O)O)O)O,0.42948821385316577,0.17717316345100392,0.8763582921879294
Gestodene,CCC12CCC3C(C1C=CC2(C#C)O)CCC4=CC(=O)CCC34,0.21075709746211246,0.3636177426940167,0.7434531171610401
Gestonorone caproate,CCCCCC(=O)OC1(CCC2C1(CCC3C2CCC4=CC(=O)CCC34)C)C(=O)C,0.24014332676665423,0.2241915088895417,0.714272296478388
Gestrinone,CCC12C=CC3=C4CCC(=O)C=C4CCC3C1CCC2(C#C)O,0.20739314826325406,0.3438775744630448,0.7881367053068539
Glycerol triglycidyl ether,C1C(O1)COCC(COCC2CO2)OCC3CO3,0.7013782326403692,0.23293538684919174,0.6095484975677935
Glycitein,COC1=C(C=C2C(=C1)C(=O)C(=CO2)C3=CC=C(C=C3)O)O,0.2681987895840329,0.2797302292688783,0.7101159219612364
HBCD,C1CC(C(CCC(C(CCC(C1Br)Br)Br)Br)Br)Br,0.7314489621839543,0.2629655830608398,0.6329463951314017
HCB,C1(=C(C(=C(C(=C1Cl)Cl)Cl)Cl)Cl)Cl,0.845017982869465,0.2208854364290453,0.8008906537101264
HEMA,CC(=C)C(=O)OCCO,0.7178221339214922,0.17124221155458894,0.8211045626201379
Hexabromobenzene,C1(=C(C(=C(C(=C1Br)Br)Br)Br)Br)Br,0.8155690282509528,0.2628563667721173,0.8193830705926242
Hexestrol,CCC(C1=CC=C(C=C1)O)C(CC)C2=CC=C(C=C2)O,0.2750986011604298,0.16280493379072303,0.6100453646708763
Homosalate,CC1CC(CC(C1)(C)C)OC(=O)C2=CC=CC=C2O,0.15075414460369785,0.17402982770985112,0.3853502285879519
HPMA,CC(CO)OC(=O)C(=C)C,0.6107679126562092,0.16160801508029243,0.6850523742380061
HPTE,C1=CC(=CC=C1C(C2=CC=C(C=C2)O)C(Cl)(Cl)Cl)O,0.41808538039383886,0.14311875093964185,0.5883233265524749
Hydol,C1NC2=C(C=C(C(=C2)C(F)(F)F)S(=O)(=O)N)S(=O)(=O)N1,0.24562306904020853,0.10508760082591662,0.2379767931358224
Hydroquinone,C1=CC(=CC=C1O)O,0.5075938081931725,0.12114854647498012,0.7344734550867313
Hydroquinone diglycidyl ether,C1C(O1)COC2=CC=C(C=C2)OCC3CO3,0.607311826583774,0.18964803012808282,0.5806597502998687
Hydroxyprogesterone caproate,CCCCCC(=O)OC1(CCC2C1(CCC3C2CCC4=CC(=O)CCC34C)C)C(=O)C,0.30075199172664463,0.20807471907835665,0.6744600912695397
Ibuprofen,CC(C)CC1=CC=C(C=C1)C(C)C(=O)O,0.13507786514882814,0.1419047301343069,0.34805487744384217
Imazalil,C=CCOC(CN1C=CN=C1)C2=C(C=C(C=C2)Cl)Cl,0.2256532171896446,0.20754695212819615,0.5164658049173534
Imidacloprid,C1CN(C(=N[N+](=O)[O-])N1)CC2=CN=C(C=C2)Cl,0.3744369067416287,0.2866809648739167,0.4660127493165169
Indomethacin,CC1=C(C2=C(N1C(=O)C3=CC=C(C=C3)Cl)C=CC(=C2)OC)CC(=O)O,0.10471078080940018,0.11927866532633474,0.3475704034440523
Ionox 330,CC1=C(C(=C(C(=C1CC2=CC(=C(C(=C2)C(C)(C)C)O)C(C)(C)C)C)CC3=CC(=C(C(=C3)C(C)(C)C)O)C(C)(C)C)C)CC4=CC(=C(C(=C4)C(C)(C)C)O)C(C)(C)C,0.29134046242803857,0.1577933100690039,0.6029786139981754
Ioxynil,C1=C(C=C(C(=C1I)O)I)C#N,0.4541256012319878,0.16666097447600564,0.6387208358279254
IPPP,CC(=C)CCOP(=O)(O)OP(=O)(O)O,0.5107503848913634,0.20160422787884097,0.5923760781787211
Ipriflavone,CC(C)OC1=CC2=C(C=C1)C(=O)C(=CO2)C3=CC=CC=C3,0.24797288145331414,0.17278448906499805,0.5300297919038005
Irgacure 184,C1CCC(CC1)(C(=O)C2=CC=CC=C2)O,0.2571031306034417,0.3141714622757449,0.4115308942344927
Irgafos 168,CC(C)(C)C1=CC(=C(C=C1)OP(OC2=C(C=C(C=C2)C(C)(C)C)C(C)(C)C)OC3=C(C=C(C=C3)C(C)(C)C)C(C)(C)C)C(C)(C)C,0.4750298346293118,0.20840826365459938,0.6209294427716741
Irganox 1010,CC(C)(C)C1=CC(=CC(=C1O)C(C)(C)C)CCC(=O)OCC(COC(=O)CCC2=CC(=C(C(=C2)C(C)(C)C)O)C(C)(C)C)(COC(=O)CCC3=CC(=C(C(=C3)C(C)(C)C)O)C(C)(C)C)COC(=O)CCC4=CC(=C(C(=C4)C(C)(C)C)O)C(C)(C)C,0.197386955033953,0.1645396126925867,0.43804264262949105
Irganox 1076,CCCCCCCCCCCCCCCCCCOC(=O)CCC1=CC(=C(C(=C1)C(C)(C)C)O)C(C)(C)C,0.18702656123912184,0.17913539303003514,0.6163913128906426
Irganox 3114,CC(C)(C)C1=CC(=CC(=C1O)C(C)(C)C)CN2C(=O)N(C(=O)N(C2=O)CC3=CC(=C(C(=C3)C(C)(C)C)O)C(C)(C)C)CC4=CC(=C(C(=C4)C(C)(C)C)O)C(C)(C)C,0.20607308271237312,0.09126229072039725,0.49365016284262864
isoflurane,C(C(F)(F)F)(OC(F)F)Cl,0.2647161018556424,0.1324994084983414,0.36937053847719475
Isoprenaline,CC(C)NCC(C1=CC(=C(C=C1)O)O)O,0.14111609539186173,0.06657566403012212,0.41850372603883707
Isoquinoline,C1=CC=C2C=NC=CC2=C1,0.5583918098174315,0.16537178835605942,0.5726959174865567
Itraconazole,CCC(C)N1C(=O)N(C=N1)C2=CC=C(C=C2)N3CCN(CC3)C4=CC=C(C=C4)OCC5COC(O5)(CN6C=NC=N6)C7=C(C=C(C=C7)Cl)Cl,0.10903519334524166,0.26350821144590886,0.5438700733343403
Kaempferol,C1=CC(=CC=C1C2=C(C(=O)C3=C(C=C(C=C3O2)O)O)O)O,0.4034040218625939,0.1798300046793966,0.7838901133937075
Ketoconazole,CC(=O)N1CCN(CC1)C2=CC=C(C=C2)OCC3COC(O3)(CN4C=CN=C4)C5=C(C=C(C=C5)Cl)Cl,0.07072927447464532,0.0714291262888271,0.4506355704218887
Ketoprofen,CC(C1=CC(=CC=C1)C(=O)C2=CC=CC=C2)C(=O)O,0.11673718577702052,0.09617677792427436,0.3442902842340867
Lactofen,CCOC(=O)C(C)OC(=O)C1=C(C=CC(=C1)OC2=C(C=C(C=C2)C(F)(F)F)Cl)[N+](=O)[O-],0.41953285421377373,0.26237154322650613,0.7876341508642181
lamotrigine,C1=CC(=C(C(=C1)Cl)Cl)C2=C(N=C(N=N2)N)N,0.34780470145239184,0.15255971301365442,0.34499738417652087
Letrozole,C1=CC(=CC=C1C#N)C(C2=CC=C(C=C2)C#N)N3C=NC=N3,0.29097117726992694,0.17221937179849256,0.45331502681620556
Leuprorelin,CCNC(=O)C1CCCN1C(=O)C(CCCN=C(N)N)NC(=O)C(CC(C)C)NC(=O)C(CC(C)C)NC(=O)C(CC2=CC=C(C=C2)O)NC(=O)C(CO)NC(=O)C(CC3=CNC4=CC=CC=C43)NC(=O)C(CC5=CN=CN5)NC(=O)C6CCC(=O)N6,0.11213850682644935,0.41008191664530413,0.2877598581846755
Levofloxacin,CC1COC2=C3N1C=C(C(=O)C3=CC(=C2N4CCN(CC4)C)F)C(=O)O,0.117646647134598,0.18173845034379274,0.20680333083005661
Levonorgestrel,CCC12CCC3C(C1CCC2(C#C)O)CCC4=CC(=O)CCC34,0.22686401798536995,0.3229403000806135,0.8506772962859942
Lewisite,C(=C[As](Cl)Cl)Cl,0.8059173938629282,0.2084579550090341,0.675193887472885
Lincomycin,CCCC1CC(N(C1)C)C(=O)NC(C2C(C(C(C(O2)SC)O)O)O)C(C)O,0.1787108439207076,0.12173964224473226,0.48189910383846085
Linuron,CN(C(=O)NC1=CC(=C(C=C1)Cl)Cl)OC,0.23246607050039614,0.16467550023041877,0.5418514779393829
loratadine,CCOC(=O)N1CCC(=C2C3=C(CCC4=C2N=CC=C4)C=C(C=C3)Cl)CC1,0.08715311518015222,0.1918531264015311,0.3283196932379377
Lucirin TPO,COC1=CC(=C(C(=C1)OC)C(=O)P(=O)(C2=CC=CC=C2)C3=CC=CC=C3)OC,0.24704045376494624,0.23288514536368612,0.44384944066710885
Lynestrenol,CC12CCC3C(C1CCC2(C#C)O)CCC4=CCCCC34,0.3126301110945595,0.1688860312740078,0.7096846184309968
MA,CC12CCC3C(C1CCC2(C)O)CCC4=CC(=O)C=CC34C,0.28013941794827407,0.33047385254534056,0.6770307314414842
Maleic anhydride,C1=CC(=O)OC1=O,0.6121307592119402,0.24130071885226925,0.6464508128984039
Mancozeb,C(CNC(=S)[S-])NC(=S)[S-].C(CNC(=S)[S-])NC(=S)[S-].[Mn+2].[Zn+2],0.6725652978328731,0.1981028534983361,0.7068892621504187
MCPA,CC1=C(C=CC(=C1)Cl)OCC(=O)O,0.27712592833730726,0.13846281808725427,0.5445684648908178
Mecoprop,CC1=C(C=CC(=C1)Cl)OC(C)C(=O)O,0.21962772825801083,0.18536289873371395,0.5227302060804542
Medrogestone,CC1=CC2C(CCC3(C2CCC3(C)C(=O)C)C)C4(C1=CC(=O)CC4)C,0.3123293166841813,0.1992963943089521,0.7104574453518038
Mefenamic acid,CC1=C(C(=CC=C1)NC2=CC=CC=C2C(=O)O)C,0.17982214713970776,0.10592663619152619,0.2975610856649016
Melengestrol acetate,CC1=CC2C(CCC3(C2CC(=C)C3(C(=O)C)OC(=O)C)C)C4(C1=CC(=O)CC4)C,0.3529205839343822,0.17304192202682003,0.7437550941380574
Mercury,[Hg],0.8866546257772697,0.28501361258222946,0.7470257550923006
Metalaxyl,CC1=C(C(=CC=C1)C)N(C(C)C(=O)OC)C(=O)COC,0.17481078986209492,0.21041043097293938,0.4162568581237662
Metconazole,CC1(CCC(C1(CN2C=NC=N2)O)CC3=CC=C(C=C3)Cl)C,0.10027048700047131,0.251769998993748,0.3318049488807759
Methacrylic acid,CC(=C)C(=O)O,0.6646718732092924,0.14821470494155092,0.6403951715567168
Methomyl,CC(=NOC(=O)NC)SC,0.53438111469761,0.18258584761674096,0.600440655513071
Methyl methacrylate,CC(=C)C(=O)OC,0.6008884520079284,0.15287411983996738,0.6501298403870449
Methylnaphthalene,CC1=CC=CC2=CC=CC=C12,0.610041712174789,0.3521895396494321,0.5608226357450163
Methylparaben,COC(=O)C1=CC=C(C=C1)O,0.27110914825460464,0.11379161291226227,0.5739117063352753
Methyl tertiary-butyl ether,CC(C)(C)OC,0.7650010882080881,0.2586756340557262,0.6658038389626207
Methyltestosterone,CC12CCC(=O)C=C1CCC3C2CCC4(C3CCC4(C)O)C,0.42331711919198284,0.39507098312147454,0.7752498238847708
Metolachlor,CCC1=CC=CC(=C1N(C(C)COC)C(=O)CCl)C,0.24318047493396072,0.21271979078307116,0.4311775118731287
Metribolone,CC1(CCC2C1(C=CC3=C4CCC(=O)C=C4CCC23)C)O,0.26986859333560953,0.41050550909118316,0.8264800333335991
Metribuzin,CC(C)(C)C1=NN=C(N(C1=O)N)SC,0.36088006618601687,0.1732268896258587,0.4491456117245737
Metyrapone,CC(C)(C1=CN=CC=C1)C(=O)C2=CN=CC=C2,0.18460687806656154,0.18513672649910323,0.3465124114936562
MGK 264,CCCCC(CC)CN1C(=O)C2C3CC(C2C1=O)C=C3,0.17520895147382923,0.2121421053275111,0.2891857630442948
Mibolerone,CC1CC2=CC(=O)CCC2C3C1C4CCC(C4(CC3)C)(C)O,0.3583004950985264,0.4597593702379812,0.7703843883374819
Miconazole,C1=CC(=C(C=C1Cl)Cl)COC(CN2C=CN=C2)C3=C(C=C(C=C3)Cl)Cl,0.17494741730785543,0.2222330186161234,0.5235895868955885
Mifepristone,CC#CC1(CCC2C1(CC(C3=C4CCC(=O)C=C4CCC23)C5=CC=C(C=C5)N(C)C)C)O,0.3468249861593199,0.27001358201273074,0.6535387189745954
Minocycline,CN(C)C1C2CC3CC4=C(C=CC(=C4C(=C3C(=O)C2(C(=C(C1=O)C(=O)N)O)O)O)O)N(C)C,0.16173600952681397,0.2613762442034096,0.6447261604889164
Miroestrol,CC1(C2CC3(CC(=O)C(C2C3O)(C4=COC5=C(C41)C=CC(=C5)O)O)O)C,0.3086919684376959,0.2590947205235769,0.6814473361822576
Mitotane,C1=CC=C(C(=C1)C(C2=CC=C(C=C2)Cl)C(Cl)Cl)Cl,0.4546347716057469,0.2698533029238002,0.5719935067589451
Monoethanolamine,C(CO)N,0.5161196690597162,0.2786095590577718,0.511889888463012
Myclobutanil,CCCCC(CN1C=NC=N1)(C#N)C2=CC=C(C=C2)Cl,0.23467071282218627,0.20481048255063997,0.5585487134699066
Nandrolone,CC12CCC3C(C1CCC2O)CCC4=CC(=O)CCC34,0.3185644008811555,0.42243179206948656,0.7347804384732989
Naphthols,C1=CC=C2C=C(C=CC2=C1)O,0.6174997649962986,0.14808158961859966,0.7352623016086202
Naproxen,CC(C1=CC2=C(C=C1)C=C(C=C2)OC)C(=O)O,0.17885815123840312,0.14477298619078346,0.44194792617353607
NBR,CN(C)C1=CC=[N+](C=C1)CC2=CC=C(C=C2)OCCOC3=CC=C(C=C3)C[N+]4=CC=C(C=C4)N(C)C,0.3176549042619293,0.26936378958118584,0.3915202502768599
N-Cyclohexyl-2-benzothiazole sulfenamide,C1CCC(CC1)NSC2=NC3=CC=CC=C3S2,0.19011205354887006,0.20174348822697172,0.5063877511299892
NDBA,CCCCN(CCCC)N=O,0.7733990100533572,0.27769775053858764,0.7435666732413396
NDEA,CCN(CC)N=O,0.8173538507652279,0.27634291052761706,0.7533609600154226
NDMA,CN(C)N=O,0.8671314279922966,0.30791628647916297,0.7364758448287826
NDPA,CCCN(CCC)N=O,0.8168750800394574,0.29695534193031015,0.7436455814811933
NDPhA,C1=CC=C(C=C1)N(C2=CC=CC=C2)N=O,0.6425350283871196,0.25612325147413695,0.4858752575658254
Neopentyl glycol dimethacrylate,CC(=C)C(=O)OCC(C)(C)COC(=O)C(=C)C,0.6666416640947966,0.199281499644447,0.8378370050778338
Nilutamide,CC1(C(=O)N(C(=O)N1)C2=CC(=C(C=C2)[N+](=O)[O-])C(F)(F)F)C,0.5112557048002472,0.40485498981098433,0.6715276033150804
nitrogen mustard,CN(CCCl)CCCl,0.7667356707726354,0.3117876526256367,0.5761305913466371
Nitronaphthalene,C1=CC=C2C(=C1)C=CC=C2[N+](=O)[O-],0.8575281164534464,0.40659525854175305,0.7745126843513621
Nitrophenols,C1=CC=C(C=C1)O.N(=O)O,0.5651782510964061,0.16996717597754696,0.6553062829031867
Nitropyrene,C1=CC2=C3C(=C1)C=CC4=C(C=CC(=C43)C=C2)[N+](=O)[O-],0.8996656753409278,0.3873041088679621,0.8268989501683184
NMEA,CCN(C)N=O,0.8238427947654369,0.28532331451348625,0.7159054248252313
NMOR,C1COCCN1N=O,0.7392536854560032,0.31264183506554477,0.5554727722260093
n-octyl n-decyl phthalate,CCCCCCCCCCOC(=O)C1=CC=CC=C1C(=O)OCCCCCCCC,0.5006485917487058,0.12416106638698726,0.8275649241405211
Nomegestrol acetate,CC1=CC2C(CCC3(C2CCC3(C(=O)C)OC(=O)C)C)C4C1=CC(=O)CC4,0.3251852760842522,0.17090691848792805,0.6765600529167638
Nonylphenol,CCCCCCCCCC1=CC=CC=C1O,0.2931613571930733,0.3474688208111254,0.7087726008153349
Noradrenaline,C1=CC(=C(C=C1C(CN)O)O)O,0.18604074448553484,0.12739332056032698,0.4226889582192249
Norethindrone,CC12CCC3C(C1CCC2(C#C)O)CCC4=CC(=O)CCC34,0.4147165088409233,0.27138853421251025,0.8048526695217934
Norfloxacin,CCN1C=C(C(=O)C2=CC(=C(C=C21)N3CCNCC3)F)C(=O)O,0.07549346289231423,0.20197212005975143,0.4760508002324192
Norflurazon,CNC1=C(C(=O)N(N=C1)C2=CC=CC(=C2)C(F)(F)F)Cl,0.19166822676048625,0.2703018970326578,0.4930856935304833
Norgestimate,CCC12CCC3C(C1CCC2(C#C)OC(=O)C)CCC4=CC(=NO)CCC34,0.15472752250956526,0.19958363156469427,0.7212944840336332
N-tert-Butyl-2-benzothiazole sulfenamide,CC(C)(C)NSC1=NC2=CC=CC=C2S1,0.303782990390179,0.22345860073726448,0.640011392498126
Octabromobiphenyl,C1=CC(=C(C(=C1C2=C(C(=C(C(=C2Br)Br)Br)Br)Br)Br)Br)Br,0.5394459638253905,0.24249778171252895,0.7508217689992327
Octinoxate,CCCCC(CC)COC(=O)C=CC1=CC=C(C=C1)OC,0.32395844124456546,0.21728109645409488,0.7109739667718432
Octyl gallate,CCCCCCCCOC(=O)C1=CC(=C(C(=C1)O)O)O,0.2083234665392079,0.14163507446819001,0.7758229327988844
Octylphenol,CCCCCCCCC1=CC=CC=C1O,0.2931613571930733,0.3474688208111254,0.7087726008153349
ODP,CCCCCCCCOC(=O)C1=CC=CC=C1C(=O)OCCCCCCCC(C)C,0.4428241175195799,0.2007319057053168,0.8390415585393219
OG,CCCCCCCCOC1C(C(C(C(O1)CO)O)O)O,0.35583976246152227,0.09123706771934678,0.3710275834697508
"o,p'-DDT",C1=CC=C(C(=C1)C(C2=CC=C(C=C2)Cl)C(Cl)(Cl)Cl)Cl,0.4636711688263692,0.22931343697416118,0.5353343465073064
O-phenylphenol,C1=CC=C(C=C1)C2=CC=CC=C2O,0.4255085934205639,0.1266515607046657,0.6587277303411742
Orcinol,CC1=CC(=CC(=C1)O)O,0.4998008485459467,0.16418732540784256,0.6896736713855465
Oxadiazon,CC(C)OC1=C(C=C(C(=C1)N2C(=O)OC(=N2)C(C)(C)C)Cl)Cl,0.22558598461601484,0.19087878708497955,0.4106420699360184
Oxamyl,CNC(=O)ON=C(C(=O)N(C)C)SC,0.46231592253640935,0.1998535110348934,0.5813350449625448
Oxandrolone,CC12CCC3C(C1CCC2(C)O)CCC4C3(COC(=O)C4)C,0.4081252630996432,0.5743565341725609,0.7032875462607493
Oxendolone,CCC1CC2C3CCC4=CC(=O)CCC4C3CCC2(C1O)C,0.21397416069730638,0.3174952271824466,0.6570381626161962
Oxyfluorfen,CCOC1=C(C=CC(=C1)OC2=C(C=C(C=C2)C(F)(F)F)Cl)[N+](=O)[O-],0.5727042751282635,0.3537252159304742,0.8318266087587709
Oxytetracycline,CC1(C2C(C3C(C(=O)C(=C(C3(C(=O)C2=C(C4=C1C=CC=C4O)O)O)O)C(=O)N)N(C)C)O)O,0.18520081146791337,0.1610170928874919,0.6660428933492197
PA,[Pa],0.8838826348749476,0.2841247236933406,0.7423742159412352
PBT,CC=CC#CC1=CC=CS1,0.4787618227428925,0.25138988588374633,0.34265011091593267
PCB-105,C1=CC(=C(C=C1C2=C(C(=C(C=C2)Cl)Cl)Cl)Cl)Cl,0.3851984834205453,0.173891171908964,0.800161080910955
PCB-114,C1=CC(=CC=C1C2=CC(=C(C(=C2Cl)Cl)Cl)Cl)Cl,0.4813247174959186,0.21136409342372298,0.8152526355015074
PCB-118,C1=CC(=C(C=C1C2=CC(=C(C=C2Cl)Cl)Cl)Cl)Cl,0.38893864850920656,0.13745340568821274,0.7720172799149471
PCB-126,C1=CC(=C(C=C1C2=CC(=C(C(=C2)Cl)Cl)Cl)Cl)Cl,0.4096584171253017,0.20291231960085226,0.7697587894644586
PCB-156,C1=CC(=C(C=C1C2=CC(=C(C(=C2Cl)Cl)Cl)Cl)Cl)Cl,0.3955740653381104,0.173657583690253,0.8104647689744954
PCB-157,CC1=CC(=CC(=C1)C(=O)OC2CC3CCC(C2)[NH+]3C)C,0.19159498712612646,0.1619020137582941,0.4855103970413297
PCB-169,C1=C(C=C(C(=C1Cl)Cl)Cl)C2=CC(=C(C(=C2)Cl)Cl)Cl,0.5453751423122108,0.17454200984679935,0.7953934599139838
PCB-189,C1=C(C=C(C(=C1Cl)Cl)Cl)C2=CC(=C(C(=C2Cl)Cl)Cl)Cl,0.526463692529676,0.18403649470094574,0.830687013988411
PCB-77,C1=CC(=C(C=C1C2=CC(=C(C=C2)Cl)Cl)Cl)Cl,0.4237676325398075,0.20488577679998854,0.7577350692921684
PCNB,C1(=C(C(=C(C(=C1Cl)Cl)Cl)Cl)Cl)[N+](=O)[O-],0.8497743974336619,0.37978933545221055,0.7730368540720569
PCTs,C1=CC2=C(C=C1S(=O)(=O)O)C3=NC4=NC(=NC5=NC(=NC6=C7C=CC(=CC7=C(N6)N=C2N3)S(=O)(=O)O)C8=C5C=CC(=C8)S(=O)(=O)O)C9=C4C=CC(=C9)S(=O)(=O)O,0.22700642470692553,0.1802817649046069,0.32476236166168987
PEG,C(CO)O,0.7009466568618116,0.2800804535343589,0.6164926519271788
Penconazole,CCCC(CN1C=NC=N1)C2=C(C=C(C=C2)Cl)Cl,0.1658973967022287,0.2721108669931373,0.47932486676707037
Pendimethalin,CCC(CC)NC1=C(C=C(C(=C1[N+](=O)[O-])C)C)[N+](=O)[O-],0.5988839138127691,0.41290348546593514,0.6657887216551246
Penicillin G,CC1(C(N2C(S1)C(C2=O)NC(=O)CC3=CC=CC=C3)C(=O)O)C,0.07401737363714365,0.13588172278778018,0.409298453916668
Penicillin V,CC1(C(N2C(S1)C(C2=O)NC(=O)COC3=CC=CC=C3)C(=O)O)C,0.10136950416083257,0.10658683954401284,0.45141228566758956
Pentabromoethylbenzene,CCC1=C(C(=C(C(=C1Br)Br)Br)Br)Br,0.6251867444126976,0.34742565013569765,0.7357411620762031
Pentabromotoluene,CC1=C(C(=C(C(=C1Br)Br)Br)Br)Br,0.680702072801211,0.27535475715737356,0.7074838340283784
Pentaerythritol tetraglycidyl ether,C1C(O1)COCC(COCC2CO2)(COCC3CO3)COCC4CO4,0.6439448367109967,0.21624284055833204,0.5827196150357307
Pentaerythritol tetramethacrylate,CC(=C)C(=O)OCC(COC(=O)C(=C)C)(COC(=O)C(=C)C)COC(=O)C(=C)C,0.6527809667907986,0.17872396106130237,0.8193057412479124
Pentaerythritol trimethacrylate,CC(=C)C(=O)OCC(CO)(COC(=O)C(=C)C)COC(=O)C(=C)C,0.642790528740253,0.22659527478947122,0.8221619509164735
Perchlorate,[O-]Cl(=O)(=O)=O,0.8496070265382738,0.28912510223477283,0.7500513514387331
perfluorobutane sulfonamide,C(C(C(F)(F)S(=O)(=O)N)(F)F)(C(F)(F)F)(F)F,0.631620378136149,0.13797470285427926,0.6532850403290251
perfluorobutanesulfonyl fluoride,C(C(C(F)(F)S(=O)(=O)F)(F)F)(C(F)(F)F)(F)F,0.7197748136450843,0.16232979383567955,0.6950057814546224
perfluorooctanesulfonamide,C(C(C(C(C(F)(F)S(=O)(=O)N)(F)F)(F)F)(F)F)(C(C(C(F)(F)F)(F)F)(F)F)(F)F,0.638134690002488,0.13797470285427926,0.6763471715435573
perfluorooctanesulfonyl fluoride,C(C(C(C(C(F)(F)S(=O)(=O)F)(F)F)(F)F)(F)F)(C(C(C(F)(F)F)(F)F)(F)F)(F)F,0.7262891255114232,0.16232979383567955,0.7161801575671137
Phenanthrene,C1=CC=C2C(=C1)C=CC3=CC=CC=C32,0.7725972508225797,0.29126283455160573,0.7090424059922742
phenol,C1=CC=C(C=C1)O,0.5393415924131433,0.15472942957697566,0.7066404854997921
Phenolic resin,[CH]C1=C(C(=CC=C1)O[CH])O,0.4126376895472263,0.2736885639808751,0.591307419001147
"Phenyl bis(2,4,6-trimethylbenzoyl)phosphine oxide",CC1=CC(=C(C(=C1)C)C(=O)P(=O)(C2=CC=CC=C2)C(=O)C3=C(C=C(C=C3C)C)C)C,0.26812759853493934,0.20117324612905296,0.5034987038754946
Phloroglucinol,C1=C(C=C(C=C1O)O)O,0.5670302376541655,0.16097805584505018,0.7636300254836524
Phosmet,COP(=S)(OC)SCN1C(=O)C2=CC=CC=C2C1=O,0.20129505662022829,0.16343744044761313,0.4302970247766509
Phthalate,C1=CC=C(C(=C1)C(=O)[O-])C(=O)[O-],0.464798532325047,0.12349107024955698,0.5829160256540022
Phthalic anhydride,C1=CC=C2C(=C1)C(=O)OC2=O,0.601711448266652,0.206797312764614,0.6668912237617997
Phytoestrogens,C1=CC(=CC=C1C2=COC3=C(C2=O)C=CC(=C3)O)O.C1=CC2=C(C=C1O)OC3=C2C(=O)OC4=C3C=CC(=C4)O,0.38356703185533514,0.1907323093092192,0.7997358734532963
Picloram,C1(=C(C(=NC(=C1Cl)Cl)C(=O)O)Cl)N,0.3940064574628763,0.08375571464671334,0.3691637069780115
Piperonyl butoxide,CCCCOCCOCCOCC1=CC2=C(C=C1CCC)OCO2,0.3440734318427141,0.5483980050501788,0.40472906777983225
PMDA,C1=C2C(=CC3=C1C(=O)OC3=O)C(=O)OC2=O,0.5835245835659285,0.23388594250762496,0.5935060305582578
Posaconazole,CCC(C(C)O)N1C(=O)N(C=N1)C2=CC=C(C=C2)N3CCN(CC3)C4=CC=C(C=C4)OCC5CC(OC5)(CN6C=NC=N6)C7=C(C=C(C=C7)F)F,0.07702471880210153,0.2258986987800618,0.4574807981431679
Prochloraz,CCCN(CCOC1=C(C=C(C=C1Cl)Cl)Cl)C(=O)N2C=CN=C2,0.13504394554441468,0.1554035484488319,0.43458282486642796
Promegestone,CCC(=O)C1(CCC2C1(CCC3=C4CCC(=O)C=C4CCC23)C)C,0.20387499863636813,0.26580094978580165,0.7286776217435273
Propamocarb,CCCOC(=O)NCCCN(C)C,0.3016684463829482,0.2222399027350347,0.4181573768992036
Propanil,CCC(=O)NC1=CC(=C(C=C1)Cl)Cl,0.15262261811034547,0.14895337777037582,0.45582800007391894
Propargite,CC(C)(C)C1=CC=C(C=C1)OC2CCCCC2OS(=O)OCC#C,0.23535256187668271,0.2777251363673669,0.29076807914839237
Propiconazole,CCCC1COC(O1)(CN2C=NC=N2)C3=C(C=C(C=C3)Cl)Cl,0.15399226086189138,0.21766470710412542,0.5452334411099584
Propoxur,CC(C)OC1=CC=CC=C1OC(=O)NC,0.20616491181977398,0.3197828474527126,0.4541635276935124
Propyl gallate,CCCOC(=O)C1=CC(=C(C(=C1)O)O)O,0.21882203262838856,0.13352045652203198,0.6807077424779309
Propylparaben,CCCOC(=O)C1=CC=C(C=C1)O,0.22340109410567632,0.08816789644406653,0.6893730609166598
Propyzamide,CC(C)(C#C)NC(=O)C1=CC(=CC(=C1)Cl)Cl,0.24466090216805864,0.15918961027693038,0.5009680226203369
Prothioconazole,C1CC1(C(CC2=CC=CC=C2Cl)(CN3C(=S)N=CN3)O)Cl,0.15111706863608168,0.3249112801338116,0.2300425099025037
PU,[Pu],0.8839565349616595,0.30493522390904976,0.7457307994179984
PVA,C=CO,0.8314992143759745,0.22093746221759833,0.7533276626777914
PVP,C=CN1CCCC1=O,0.4002424094785997,0.2854882779088624,0.3847960923463853
Pyraflufen-ethyl,CCOC(=O)COC1=C(C=C(C(=C1)C2=NN(C(=C2Cl)OC(F)F)C)F)Cl,0.13370743043879332,0.2020578391121575,0.48062484519143855
Pyralene,C1C=CC=C(O1)C=O,0.6558926389799045,0.2641670937366936,0.6892929995813661
Pyranol,C1C=CC=C(O1)O,0.5298287908789804,0.2547138605340834,0.6784912984835753
Pyrenol,C1=CC2=C3C(=C1)C=CC4=C(C=CC(=C43)C=C2)O,0.6823962821925826,0.16383747506454271,0.7278980775444296
Pyrethrum,CC1=C(C(=O)CC1OC(=O)C2C(C2(C)C)C=C(C)C)CC=CC=C.CC1=C(C(=O)CC1OC(=O)C2C(C2(C)C)C=C(C)C(=O)OC)CC=CC=C,0.2557277045261959,0.18833445743537364,0.29306735830410724
Pyriproxyfen,CC(COC1=CC=C(C=C1)OC2=CC=CC=C2)OC3=CC=CC=N3,0.22965549165433052,0.2588486798935192,0.23411026674602664
Pyrogallol,C1=CC(=C(C(=C1)O)O)O,0.49189194168846023,0.1672589887076614,0.7001582109462764
Quercetin,C1=CC(=C(C=C1C2=C(C(=O)C3=C(C=C(C=C3O2)O)O)O)O)O,0.41171828016134815,0.168082021397821,0.7387032372802268
Quingestanol acetate,CC(=O)OC1(CCC2C1(CCC3C2CC=C4C3CCC(=C4)OC5CCCC5)C)C#C,0.20770058509498443,0.22529194384954251,0.6639347830559805
Ractopamine,CC(CCC1=CC=C(C=C1)O)NCC(C2=CC=C(C=C2)O)O,0.11028797407252824,0.17847053537060067,0.586589448255634
Raloxifene,C1CCN(CC1)CCOC2=CC=C(C=C2)C(=O)C3=C(SC4=C3C=CC(=C4)O)C5=CC=C(C=C5)O,0.06856867573972551,0.18742614378909067,0.20972626963964008
RDGE,C1C(O1)COC2=CC(=CC=C2)OCC3CO3,0.5486896759891491,0.23918828875459675,0.5748496715203157
RDP,C1=NC(=NN1C2C(C(C(O2)COP(=O)(O)OP(=O)(O)O)O)O)C(=O)N,0.16213171958069672,0.12080362976455106,0.36558451633816397
Resorcinol bis(diphenyl phosphate),C1=CC=C(C=C1)OP(=O)(OC2=CC=CC=C2)OC3=CC(=CC=C3)OP(=O)(OC4=CC=CC=C4)OC5=CC=CC=C5,0.5343794163112988,0.21302111903064122,0.7652453942944348
Resveratrol,C1=CC(=CC=C1C=CC2=CC(=CC(=C2)O)O)O,0.4012606585016325,0.10281863961243465,0.6476761204573092
Ritodrine,CC(C(C1=CC=C(C=C1)O)O)NCCC2=CC=C(C=C2)O,0.1691455866386943,0.13755202369019096,0.5773197472204192
Rotenone,CC(=C)C1CC2=C(O1)C=CC3=C2OC4COC5=CC(=C(C=C5C4C3=O)OC)OC,0.2941957350386403,0.3187830363578159,0.4297685703203659
Roxithromycin,CCC1C(C(C(C(=NOCOCCOC)C(CC(C(C(C(C(C(=O)O1)C)OC2CC(C(C(O2)C)O)(C)OC)C)OC3C(C(CC(O3)C)N(C)C)O)(C)O)C)C)O)(C)O,0.1365626696109692,0.07886900562720839,0.6324558826535661
Saflufenacil,CC(C)N(C)S(=O)(=O)NC(=O)C1=CC(=C(C=C1Cl)F)N2C(=O)C=C(N(C2=O)C)C(F)(F)F,0.11507148748003089,0.21973858139906827,0.4266778458428488
Salbutamol,CC(C)(C)NCC(C1=CC(=C(C=C1)O)CO)O,0.0954202063136195,0.08187285673304161,0.4361691015376089
Salicylic acid,C1=CC=C(C(=C1)C(=O)O)O,0.26885745295295355,0.05553345926021864,0.39323211939788066
Salmeterol,C1=CC=C(C=C1)CCCCOCCCCCCNCC(C2=CC(=C(C=C2)O)CO)O,0.10017606802557663,0.15301616262377793,0.4091579249574053
SAN,CN(C)C1=NC=NC2=C1N=CN2C3C(C(C(O3)CO)N)O,0.13808159842200285,0.12172276156412534,0.1263577707624679
SBR,CC(CNC(=O)C1=CC=C(C=C1)S(=O)(=O)N)CN2C=CC3=CC=CC=C32,0.11409508508630933,0.22820572342737347,0.33359443417949486
Seviteronel,CC(C)C(C1=CC2=CC(=C(C=C2C=C1)OC(F)F)OC(F)F)(C3=NNN=C3)O,0.20505199301118668,0.2170913459314704,0.46588876931391004
Sodium diethyldithiocarbamate,CCN(CC)C(=S)[S-].[Na+],0.6043029190085152,0.2075749695786108,0.7704895219997729
Sodium dimethyldithiocarbamate,CN(C)C(=S)[S-].[Na+],0.7496240420897672,0.255769720038794,0.7593922179371979
Soy isoflavones,COC1=C(C=C2C(=C1)C(=O)C(=CO2)C3=CC=C(C=C3)O)O.C1=CC(=CC=C1C2=COC3=CC(=CC(=C3C2=O)O)O)O.C1=CC(=CC=C1C2=COC3=C(C2=O)C=CC(=C3)O)O,0.36756344138532265,0.29369809342407655,0.794366457743296
Spironolactone,CC(=O)SC1CC2=CC(=O)CCC2(C3C1C4CCC5(C4(CC3)C)CCC(=O)O5)C,0.2625251153717789,0.21548039875863745,0.6548348072196731
Stanozolol,CC12CCC3C(C1CCC2(C)O)CCC4C3(CC5=C(C4)NN=C5)C,0.2655633879678796,0.4720075171060868,0.5558494764397885
Styrene-butadiene rubber,C=CC=C.C=CC1=CC=CC=C1,0.666321479535286,0.23236567996369165,0.7665569781740592
Styrene oxide,C1C(O1)C2=CC=CC=C2,0.5016604247036749,0.2612321570666532,0.5371146291480556
Sulfadiazine,C1=CN=C(N=C1)NS(=O)(=O)C2=CC=C(C=C2)N,0.19046183366264777,0.055768077477128315,0.14323931252198102
Sulfamethazine,CC1=CC(=NC(=N1)NS(=O)(=O)C2=CC=C(C=C2)N)C,0.1700946161412273,0.056531982197228575,0.1947140299843328
Sulfamethoxazole,CC1=CC(=NO1)NS(=O)(=O)C2=CC=C(C=C2)N,0.19653612224430222,0.06062451902582439,0.25610470460914275
Sulfanilamide,C1=CC(=CC=C1N)S(=O)(=O)N,0.35667211061761755,0.04177584472013332,0.2799520754117129
Sulfentrazone,CC1=NN(C(=O)N1C(F)F)C2=C(C=C(C(=C2)NS(=O)(=O)C)Cl)Cl,0.16270643447399194,0.18380078988419826,0.44567977589920005
sulfur mustard,C(CCl)SCCCl,0.7221762335773078,0.2063819216220274,0.640328751382894
Taleranol,CC1CCCC(CCCCCC2=C(C(=CC(=C2)O)O)C(=O)O1)O,0.2394124181720419,0.2371285899392856,0.6264859799273174
TAME,CC1=CC=C(C=C1)S(=O)(=O)NC(CCCN=C(N)N)C(=O)OC,0.18596516309244532,0.14672897681314556,0.3829810628998611
TBB,C1(=C(C2=NNN=C2C(=C1Br)Br)Br)Br,0.4743875399842509,0.24663059404096294,0.5882144755723744
TBBPA,CC(C)(C1=CC(=C(C(=C1)Br)O)Br)C2=CC(=C(C(=C2)Br)O)Br,0.4957026616873016,0.19019189403765493,0.6637591317095786
TBHQ,CC(C)(C)C1=C(C=CC(=C1)O)O,0.4679538672390104,0.12737541629820404,0.6885647470474108
TBOEP,CCCCOCCOP(=O)(OCCOCCCC)OCCOCCCC,0.6051705379469409,0.2286554242387072,0.7017655296898588
TCEP,C(CP(CCC(=O)O)CCC(=O)O)C(=O)O,0.3187811703603291,0.21873466403380792,0.3085642393769982
TDBPP,C(C(CBr)Br)OP(=O)(OCC(CBr)Br)OCC(CBr)Br,0.7359806972887495,0.32983945562121997,0.6800803389496761
TDCPP,C(C(CCl)OP(=O)(OC(CCl)CCl)OC(CCl)CCl)Cl,0.7668496351771134,0.1969681545419789,0.6195223393223729
Tebuconazole,CC(C)(C)C(CCC1=CC=C(C=C1)Cl)(CN2C=NC=N2)O,0.13645068232664703,0.16250962979450334,0.5392894880026444
TEC,CCOC(=O)CC(CC(=O)OCC)(C(=O)OCC)O,0.548527477674345,0.1340825087912918,0.7032669297413965
TEGDMA,CC(=C)C(=O)OCCOCCOCCOC(=O)C(=C)C,0.6985918324015201,0.1597937610255407,0.8212875984365161
TEHP,CCCCC(CC)COP(=O)(OCC(CC)CCCC)OCC(CC)CCCC,0.6227317977029049,0.24231423440576072,0.7265352525075837
Teicoplanin,CCCCCCCCCC(=O)NC1C(C(C(OC1OC2=C3C=C4C=C2OC5=C(C=C(C=C5)C(C6C(=O)NC(C7=C(C(=CC(=C7)O)OC8C(C(C(C(O8)CO)O)O)O)C9=C(C=CC(=C9)C(C(=O)N6)NC(=O)C4NC(=O)C1C2=CC(=CC(=C2)OC2=C(C=CC(=C2)C(C(=O)NC(CC2=CC(=C(O3)C=C2)Cl)C(=O)N1)N)O)O)O)C(=O)O)OC1C(C(C(C(O1)CO)O)O)NC(=O)C)Cl)CO)O)O,0.16319240162532053,0.15418428625943403,0.21793076098884875
Terbinafine,CC(C)(C)C#CC=CCN(C)CC1=CC=CC2=CC=CC=C21,0.41645969662014987,0.36415008155388007,0.5076864189765471
Terbutaline,CC(C)(C)NCC(C1=CC(=CC(=C1)O)O)O,0.14155799734259003,0.09500086363431326,0.4812424104502522
Tertiary-amyl methyl ether,CCC(C)(C)OC,0.6243486389658588,0.2881045622900754,0.6800834997737016
TETD,CCN(CC)C(=S)SSC(=S)N(CC)CC,0.5138033518722268,0.1574183362099674,0.5814771053669924
"Tetrabromobisphenol A bis(2,3-dibromopropyl ether)",CC(C)(C1=CC(=C(C(=C1)Br)OCC(CBr)Br)Br)C2=CC(=C(C(=C2)Br)OCC(CBr)Br)Br,0.36287792334010566,0.2723499376205478,0.5261702351102087
Tetrabromobisphenol A diallyl ether,CC(C)(C1=CC(=C(C(=C1)Br)OCC=C)Br)C2=CC(=C(C(=C2)Br)OCC=C)Br,0.4441366565019833,0.2772362181060346,0.6300736586974806
Tetrabromobisphenol A diglycidyl ether,CC(C)(C1=CC(=C(C(=C1)Br)OCC2CO2)Br)C3=CC(=C(C(=C3)Br)OCC4CO4)Br,0.43316469954097014,0.24312006622835036,0.6300013210205575
Tetracycline,CC1(C2CC3C(C(=O)C(=C(C3(C(=O)C2=C(C4=C1C=CC=C4O)O)O)O)C(=O)N)N(C)C)O,0.17519795024250429,0.24877800169276146,0.68270737439215
Tetramethylthiuram disulfide,CN(C)C(=S)SSC(=S)N(C)C,0.6187536869878584,0.2155328854742741,0.6771135095197738
TFA,C(=O)(C(F)(F)F)O,0.6234268521886576,0.15023713209006911,0.5137597208194264
Thiabendazole,C1=CC=C2C(=C1)NC(=N2)C3=CSC=N3,0.2662439391398104,0.1546316201973863,0.4532020140486068
Thiamethoxam,CN1COCN(C1=N[N+](=O)[O-])CC2=CN=C(S2)Cl,0.41611845950660187,0.353421441363833,0.5536384234551183
Thiamphenicol,CS(=O)(=O)C1=CC=C(C=C1)C(C(CO)NC(=O)C(Cl)Cl)O,0.29252273990673605,0.09691894185411337,0.5782431404279169
Thiouracil,C1=CNC(=S)NC1=O,0.5734457809136595,0.2401323690865042,0.4515738615917446
Tibolone,CC1CC2=C(CCC(=O)C2)C3C1C4CCC(C4(CC3)C)(C#C)O,0.38279818301835633,0.21739909463159848,0.53198416592133
Tinidazole,CCS(=O)(=O)CCN1C(=NC=C1[N+](=O)[O-])C,0.4833755391281223,0.29185708908151453,0.5738835127251182
Tinuvin 327,CC(C)(C)C1=CC(=C(C(=C1)N2N=C3C=CC(=CC3=N2)Cl)O)C(C)(C)C,0.17461013979917303,0.15257589847769223,0.5982829465299676
Tinuvin 328,CCC(C)(C)C1=CC(=C(C(=C1)N2N=C3C=CC=CC3=N2)O)C(C)(C)CC,0.1531155812466945,0.2777272340188377,0.6014633175171678
Tinuvin 622,CC1(CC(CC(N1CCOC(=O)CCC(=O)O)(C)C)O)C,0.19122440995548012,0.16809845749153499,0.3609747614878319
Tinuvin 770,CC1(CC(CC(N1)(C)C)OC(=O)CCCCCCCCC(=O)OC2CC(NC(C2)(C)C)(C)C)C,0.32970662401289574,0.19807780385064633,0.4345850700425145
Tinuvin P,CC1=CC(=C(C=C1)O)N2N=C3C=CC=CC3=N2,0.19661559883566926,0.26390154092431944,0.5514009325301431
TMPTMA,CCC(COC(=O)C(=C)C)(COC(=O)C(=C)C)COC(=O)C(=C)C,0.6293288228043715,0.1822381920871575,0.8254914482721957
TnBP,CCCCOP(=O)(OCCCC)OCCCC,0.6846344171995362,0.24394934411447347,0.7444856841669312
Topilutamide,CC(CNC(=O)C(F)(F)F)(C(=O)NC1=CC(=C(C=C1)[N+](=O)[O-])C(F)(F)F)O,0.4273995108207629,0.26970690063974095,0.7561313828543602
Toremifene,CN(C)CCOC1=CC=C(C=C1)C(=C(CCCl)C2=CC=CC=C2)C3=CC=CC=C3,0.22761342410193314,0.2203768516891304,0.2057302136562594
TOTM,CCCCC(CC)COC(=O)C1=CC(=C(C=C1)C(=O)OCC(CC)CCCC)C(=O)OCC(CC)CCCC,0.30610946888135054,0.22609969418611048,0.7802140257990179
Trenbolone,CC12C=CC3=C4CCC(=O)C=C4CCC3C1CCC2O,0.21243986093944858,0.31950531015956957,0.7389480602754784
Trenbolone acetate,CC(=O)OC1CCC2C1(C=CC3=C4CCC(=O)C=C4CCC23)C,0.21602055516931892,0.2659350990704763,0.6862018029035695
Triadimefon,CC(C)(C)C(=O)C(N1C=NC=N1)OC2=CC=C(C=C2)Cl,0.17072319521066948,0.12108348651365988,0.3801068724060281
Tributyl citrate,CCCCOC(=O)CC(CC(=O)OCCCC)(C(=O)OCCCC)O,0.5056214778135986,0.13513852743810534,0.7860204917246559
Tributyltin,CCCC[SnH](CCCC)CCCC,0.6357564826551815,0.3417657915270684,0.7164005968236217
Triclosan,C1=CC(=C(C=C1Cl)O)OC2=C(C=C(C=C2)Cl)Cl,0.4575992515809735,0.1718730054494169,0.7362968785768292
Trimegestone,CC(C(=O)C1(CCC2C1(CCC3=C4CCC(=O)C=C4CCC23)C)C)O,0.22987634861433462,0.2566573883590134,0.6446444359344157
Trimellitic anhydride,C1=CC2=C(C=C1C(=O)O)C(=O)OC2=O,0.2681832868444859,0.12324031532281987,0.5079236149913282
Trimethoprim,COC1=CC(=CC(=C1OC)OC)CC2=CN=C(N=C2N)N,0.20870640658698691,0.3868597558187905,0.1613579196482523
Trimethylolpropane triglycidyl ether,CCC(COCC1CO1)(COCC2CO2)COCC3CO3,0.5812954716501908,0.2551006261362487,0.5620486563951845
Trioctyl citrate,CCCCCCCCOC(=O)CC(CC(=O)OCCCCCCCC)(C(=O)OCCCCCCCC)O,0.4543082619193578,0.13616593359243712,0.7756258295384518
Triphenyl phosphate,C1=CC=C(C=C1)OP(=O)(OC2=CC=CC=C2)OC3=CC=CC=C3,0.5800836431609014,0.19605110857192132,0.7650363949717648
Triphenyl phosphite,C1=CC=C(C=C1)OP(OC2=CC=CC=C2)OC3=CC=CC=C3,0.5750055880931313,0.22905033591637533,0.6577138338594756
Triphenyltin,C1=CC=C(C=C1)[SnH](C2=CC=CC=C2)C3=CC=CC=C3,0.706811748768581,0.31459070178048487,0.7179668707690244
Tris(2-chloroethyl) phosphate,C(CCl)OP(=O)(OCCCl)OCCCl,0.8127501129723507,0.1926848877421174,0.7429083351787541
Tylosin,CCC1C(C=C(C=CC(=O)C(CC(C(C(C(CC(=O)O1)O)C)OC2C(C(C(C(O2)C)OC3CC(C(C(O3)C)O)(C)O)N(C)C)O)CC=O)C)C)COC4C(C(C(C(O4)C)O)OC)OC,0.16260481621011244,0.19358140923987036,0.46919573937222014
UDMA,CC(CCNC(=O)OCCOC(=O)C(=C)C)CC(C)(C)CNC(=O)OCCOC(=O)C(=C)C,0.3580680295963316,0.19617055487090743,0.605454662579713
Vancomycin,CC1C(C(CC(O1)OC2C(C(C(OC2OC3=C4C=C5C=C3OC6=C(C=C(C=C6)C(C(C(=O)NC(C(=O)NC5C(=O)NC7C8=CC(=C(C=C8)O)C9=C(C=C(C=C9O)O)C(NC(=O)C(C(C1=CC(=C(O4)C=C1)Cl)O)NC7=O)C(=O)O)CC(=O)N)NC(=O)C(CC(C)C)NC)O)Cl)CO)O)O)(C)N)O,0.18571864675293218,0.092705017026121,0.23908405108939082
ZDBC,CCCCN(CCCC)C(=S)[S-].CCCCN(CCCC)C(=S)[S-].[Zn+2],0.5604113890369089,0.19580824982105352,0.7257204363435931
ZDEC,CCN(CC)C(=S)[S-].CCN(CC)C(=S)[S-].[Zn+2],0.609699483631161,0.19905683533424726,0.7732830886291941
Zearalanone,CC1CCCC(=O)CCCCCC2=C(C(=CC(=C2)O)O)C(=O)O1,0.25757250935806386,0.23836120400184363,0.6636021413469636
Zearalenone,CC1CCCC(=O)CCCC=CC2=C(C(=CC(=C2)O)O)C(=O)O1,0.2617604686960043,0.25864661307092857,0.7022115196390757
Zilpaterol,CC(C)NC1CCN2C3=C(C1O)C=CC=C3NC2=O,0.1056717556808027,0.25842496697165046,0.12400293177231445
Zinc dimethyldithiocarbamate,CN(C)C(=S)[S-].CN(C)C(=S)[S-].[Zn+2],0.7498833689381165,0.24438936834518268,0.7639826403840302
Cardarine,CC1=C(C=CC(=C1)SCC2=C(N=C(S2)C3=CC=C(C=C3)C(F)(F)F)C)OCC(=O)O,0.12154048158481755,0.14383643250744493,0.516357605691482
20-Hydroxyecdysone,CC12CCC3C(=CC(=O)C4C3(CC(C(C4)O)O)C)C1(CCC2C(C)(C(CCC(C)(C)O)O)O)O,0.17083199198767418,0.22020213122176305,0.474763959460211
"3,5-diiodo-L-thyronine",C1=CC(=CC=C1O)OC2=C(C=C(C3=C2OC4=C(C=C(C=C4O3)OC5=C(C=C(C=C5O)OC6=C(C=C(C7=C6OC8=C(C=C(C=C8O7)O)O)O)O)O)O)O)O,0.33495349449992695,0.21330756821164099,0.6916292641723996
7-Keto-DHEA,CC12CCC3C(C1CCC2=O)C(=O)C=C4C3(CCC(C4)O)C,0.2656021110777884,0.247711670907876,0.6445083055901702
AC-262536,C1CC2CC(CC1N2C3=CC=C(C4=CC=CC=C43)C#N)O,0.20943045876105681,0.4666947678585766,0.3324232444411976
ACP-105,CC1=C(C=CC(=C1Cl)C#N)N2C3CCC2CC(C3)(C)O,0.22402986821448476,0.37320496106076795,0.5050192724666257
CAD031,CC1=CC(=C(C=C1)N(C(=O)C(F)(F)F)N=CC2=CC(=CC=C2)OC(F)(F)F)C,0.2739376260190188,0.2216912798900247,0.5596319206946432
Dehydroepiandrosterone,CC12CCC3C(C1CCC2=O)CC=C4C3(CCC(C4)O)C,0.28165818541474386,0.22859959430650492,0.6683023363596295
Endoxifen,CCC(=C(C1=CC=C(C=C1)O)C2=CC=C(C=C2)OCCNC)C3=CC=CC=C3,0.1740730278214521,0.24974872157522668,0.349583122160552
Guggulsterone,CC=C1C(=O)CC2C1(CCC3C2CCC4=CC(=O)CCC34C)C,0.42441235106586184,0.33627652287341825,0.7083119242839748
GW0742,CC1=C(C=CC(=C1)SCC2=C(N=C(S2)C3=CC(=C(C=C3)C(F)(F)F)F)C)OCC(=O)O,0.12134930667023727,0.15984520168212452,0.5362250701840626
KX-826,CC1(C(=O)N(C(=S)N1C2=CC(=C(C=C2)C(=O)NC)F)C3=C(C(=C(C=C3)C#N)C(F)(F)F)F)C,0.11468747221555738,0.22857698487875996,0.5952105793053629
Lasofoxifene,C1CCN(C1)CCOC2=CC=C(C=C2)C3C(CCC4=C3C=CC(=C4)O)C5=CC=CC=C5,0.06922091932270338,0.19477589160114403,0.3422619723737937
Levothyroxine,C1=C(C=C(C(=C1I)OC2=CC(=C(C(=C2)I)O)I)I)CC(C(=O)O)N,0.15722442235745054,0.23560998600605682,0.47633441612963934
LGD3303,CCC1=C(C2=C(N1CC(F)(F)F)C=CC3=C2C(=CC(=O)N3)Cl)C,0.261954178220604,0.2793773821296178,0.41646314778851384
Liothyronine,C1=CC(=C(C=C1OC2=C(C=C(C=C2I)CC(C(=O)O)N)I)I)O,0.15799521840221606,0.21647166686606384,0.4636876927682805
Pregnenolone,CC(=O)C1CCC2C1(CCC3C2CC=C4C3(CCC(C4)O)C)C,0.3431760678557533,0.18749256676653236,0.6696784874582298
Pregnenolone Acetate,CC(=O)C1CCC2C1(CCC3C2CC=C4C3(CCC(C4)OC(=O)C)C)C,0.2877817361525864,0.21157011880234716,0.6370066480842569
SLU-PP-332,C1=CC=C2C=C(C=CC2=C1)C=NNC(=O)C3=CC=C(C=C3)O,0.29926406234443453,0.177950124352605,0.4316890038572776
RU58841,CC1(C(=O)N(C(=O)N1CCCCO)C2=CC(=C(C=C2)C#N)C(F)(F)F)C,0.1296356518574803,0.23929991835427383,0.5565837392216845
S4,CC1=CC(=CC(=C1)NC(=O)NC2=CC=C(C=C2)OS(=O)(=O)N)C,0.18585875605081711,0.08198134996252607,0.24601112458485258
RAD-140,CC1=C(C=CC(=C1Cl)C#N)NC(C2=NN=C(O2)C3=CC=C(C=C3)C#N)C(C)O,0.2219693286341722,0.36012793937567117,0.5004840289098975
RAD-150,CC1=C(C(=CC=C1)C)NC(=O)CN(C)CCCCCCl,0.20678142054491602,0.15782898321945737,0.3517584488710775
Testolone,CCCCCC1=CC(=C2C3C=C(CCC3C(OC2=C1)(C)C)C)O,0.209419450173233,0.7789963152896219,0.5112649923727031
4-heptan-4-ylphenol,CCCC(CCC)C1=CC=C(C=C1)O,0.2538641564334519,0.21930685872413208,0.6352391338047239
4-heptylphenol,CCCCCCCC1=CC=C(C=C1)O,0.26201043120045336,0.1889765126551941,0.6800191140162906
4-tert-butylphenol,CC(C)(C)C1=CC=C(C=C1)O,0.48685203927641185,0.14753541535063863,0.7226128047835939
asulam,COC(=O)NS(=O)(=O)C1=CC=C(C=C1)N,0.2356156058701973,0.08468611322167897,0.30988493187904914
benthiavalicarb,C[C@H](C1=NC2=C(S1)C=C(C=C2)F)NC(=O)[C@H](C(C)C)NC(=O)O,0.10676847190879155,0.23438495638490772,0.47698352093528595
cholecalciferol,C[C@H](CCCC(C)C)[C@H]1CC[C@@H]\2[C@@]1(CCC/C2=C\C=C/3\C[C@H](CCC3=C)O)C,0.2421367044584221,0.24756096774430233,0.48776615324266187
clofentezine,C1=CC=C(C(=C1)C2=NN=C(N=N2)C3=CC=CC=C3Cl)Cl,0.4014414351951783,0.23496342003235848,0.5084248828043818
cyanamide,C(#N)N,0.8154647384913538,0.25464640483785095,0.6455245962085792
dimethomorph,COC1=C(C=C(C=C1)/C(=C/C(=O)N2CCOCC2)/C3=CC=C(C=C3)Cl)OC,0.12833097227674423,0.23823912931481103,0.3333055870149979
isononylphenol,CC(C)CCCCCCC1=CC=CC=C1O,0.2137346873741338,0.3660619796176308,0.6289561362501976
mepanipyrim,CC#CC1=NC(=NC(=C1)C)NC2=CC=CC=C2,0.3754415452660008,0.1895381286090391,0.5210841260639774
p-isononylphenol,CC(C)CCCCCCC1=CC=C(C=C1)O,0.2233191808264317,0.24093412649939888,0.664210553223447
p-nonylphenol,CCCCCCCCCC1=CC=C(C=C1)O,0.2620104312004533,0.1889765126551941,0.6800191140162906
triflusulfuron-methyl,CC1=C(C(=CC=C1)C(=O)OC)S(=O)(=O)NC(=O)NC2=NC(=NC(=N2)OCC(F)(F)F)N(C)C,0.13666466028155008,0.11154646157627932,0.43468067621967477
3-aminopropyldiethylamine,CCN(CC)CCCN,0.48068441693006525,0.2694640285799729,0.5241188881720312
3-aminopropyldimethylamine,CN(C)CCCN,0.48172861209316814,0.42355496079741584,0.5159265004695075
3-methylpyrazole,CC1=CC=NN1,0.4664866220508748,0.17677632883250144,0.4307629586247926
butanone,CCC(=O)C,0.5321330289406718,0.14680300020314227,0.5229559492533147
chlorobenzene,C1=CC=C(C=C1)Cl,0.6539032122603529,0.23321794005278337,0.7075016088708028
dioctyltin-oxide,CCCCCCCC[Sn](=O)CCCCCCCC,0.6322196417998167,0.25570678832092514,0.6719856081710092
diuron,CN(C)C(=O)NC1=CC(=C(C=C1)Cl)Cl,0.283013327625684,0.17499057766850495,0.5298025737557552
medetomidine,CC1=C(C(=CC=C1)C(C)C2=CN=CN2)C,0.29878411202965655,0.2889984866098473,0.3719417826985722
sodium-fluoride,[F-].[Na+],0.888002660393735,0.31531319216669706,0.7383523714931368
thiophanate-methyl,COC(=O)NC(=S)NC1=CC=CC=C1NC(=S)NC(=O)OC,0.3196719313375675,0.10694652530627963,0.4680314830818056
triclocarban,C1=CC(=CC=C1NC(=O)NC2=CC(=C(C=C2)Cl)Cl)Cl,0.2334553933669283,0.13566926461933806,0.4583275431268274
Benzophenone-1,C1=CC=C(C=C1)C(=O)C2=C(C=C(C=C2)O)O,0.2788149154492648,0.124364717445616,0.6477710377969552
Benzophenone-2,C1=CC(=C(C=C1O)O)C(=O)C2=C(C=C(C=C2)O)O,0.30641365121188513,0.10362619999129936,0.6633383159174302
Ethylhexyl	methoxycinnamate,CCCCC(CC)COC(=O)/C=C/C1=CC=C(C=C1)OC,0.3239584412445655,0.21728109645409488,0.7109739667718432
Tribromophenol,C1=C(C=C(C(=C1Br)O)Br)Br,0.5122956306520637,0.13925606481261305,0.7592120593110228
Carbon	disulphide,C(=S)=S,0.8721294130242058,0.22840753595351984,0.7410040749635545
Quadrosilan,C[Si]1(O[Si](O[Si](O[Si](O1)(C)C2=CC=CC=C2)(C)C)(C)C3=CC=CC=C3)C,0.591725983734804,0.2942454225083664,0.6147237787191216
4-methylbenzylidene	camphor,CC1=CC=C(C=C1)/C=C\2/C3CCC(C2=O)(C3(C)C)C,0.28159258383188135,0.17411952076543996,0.5215812896059651
3-Benzylidene	camphor,CC1(C\2CCC1(C(=O)/C2=C/C3=CC=CC=C3)C)C,0.26845589424457783,0.23177871219485624,0.5190898051670891
Bisphenol	AF,C1=CC(=CC=C1C(C2=CC=C(C=C2)O)(C(F)(F)F)C(F)(F)F)O,0.43999615746530657,0.16742797752839397,0.6592353992054437
Isobutyl	paraben,CC(C)COC(=O)C1=CC=C(C=C1)O,0.20409538411536032,0.12566798423520545,0.643220671152261
Hexachlorophene,C1=C(C(=C(C(=C1Cl)Cl)CC2=C(C(=CC(=C2Cl)Cl)Cl)O)O)Cl,0.3894749889585568,0.13771929421899562,0.6239523851004407
"1,3-Dimethylamylamine",CCC(C)CC(C)N,0.5672424130053607,0.47986083974424854,0.448716337844735
1-adamantanecarboxylic acid,C1C2CC3CC1CC(C2)(C3)C(=O)O,0.4458892491974841,0.14878397093375598,0.36593757352913076
1-amino-2-naphthol-4-sulfonic acid,C1=CC=C2C(=C1)C(=CC(=C2N)O)S(=O)(=O)O,0.32783704975423034,0.07916710049730993,0.2522922871978338
1-methylpiperidin-4-yl benzoate,CN1CCC(CC1)OC(=O)C2=CC=CC=C2,0.09128667476242308,0.34215354431386413,0.13618149067398413
1-phenyl-2-propanol,CC(CC1=CC=CC=C1)O,0.17394398325766747,0.3264528457160807,0.22660020136405742
1-phenyl-3-Dimethylaminobutane,CC(CCC1=CC=CC=C1)N(C)C,0.18215840903116973,0.4315345060000324,0.16299675932645485
1-phenyl-3-isopropylaminobutane,CC(C)NC(C)CCC1=CC=CC=C1,0.20961246653863164,0.4115946077484127,0.19121215155989496
1-phenyl-3-methylaminobutane,CC(CCC1=CC=CC=C1)NC,0.1764457598458999,0.5461338979161496,0.22072726400795825
"2,4,5-Trimethoxybenzaldehyde",COC1=CC(=C(C=C1C=O)OC)OC,0.523684088932499,0.3802666661983117,0.4424151750355523
"2,4,6-Trimethoxybenzaldehyde",COC1=CC(=C(C(=C1)OC)C=O)OC,0.4559550433769212,0.3525485982645254,0.36018641644181154
"2,5-Dimethoxy-3,6-dimethylbenzaldehyde",CC1=CC(=C(C(=C1OC)C=O)C)OC,0.4248063638980938,0.34634291182993315,0.30411634310495705
"2,5-Dimethoxy-4-ethylbenzaldehyde",CCC1=CC(=C(C=C1OC)C=O)OC,0.4187481129108719,0.65939677173861,0.3753434937737841
"2,5-Dimethoxy-4-(methylthio)benzaldehyde",COC1=CC(=C(C=C1C=O)OC)SC,0.44961542413808525,0.4248249213460628,0.39528072590781704
2-acetylfuran,CC(=O)C1=CC=CO1,0.4012519221940361,0.18338826560221935,0.3579818290413662
2-amino-1-butanol,CCC(CO)N,0.5246478381913824,0.28129909347969895,0.4393489512787771
2-amino-4-nitrophenol,C1=CC(=C(C=C1[N+](=O)[O-])N)O,0.7458502533443315,0.4479816779213509,0.6027698939200635
2-amino-4-tert-butylthiazole,CC(C)(C)C1=CSC(=N1)N,0.4443419679498575,0.11655480818389197,0.32693840309809086
2-amino-5-chlorobenzoic acid,C1=CC(=C(C=C1Cl)C(=O)O)N,0.31058619499749396,0.08130919020382411,0.3036425486524253
2-amino-5-nitrophenol,C1=CC(=C(C=C1[N+](=O)[O-])O)N,0.7507320929705404,0.446405478472356,0.5952475863087144
2-amino-6-nitrotoluene,CC1=C(C=CC=C1[N+](=O)[O-])N,0.8538327116821803,0.37426763842182686,0.6126850934014069
2-aminoacetophenone,CC(=O)C1=CC=CC=C1N,0.40715387630120914,0.10926779806465392,0.42282043380803813
2-aminobenzonitrile,C1=CC=C(C(=C1)C#N)N,0.6944819453319784,0.2179774032249449,0.4954954435096434
2-aminobenzothiazole,C1=CC=C2C(=C1)N=C(S2)N,0.47377556186160197,0.14296312448634718,0.5310846046416287
2-aminoethyl hydrogen sulfate,C(COS(=O)(=O)O)N,0.4382190361960172,0.16180682507079908,0.35230360384272563
2-aminomethylpyridine,C1=CC=NC(=C1)CN,0.36659596268766154,0.19577493639362184,0.2712019029703487
2-amino-n-propylbenzamide,CCCNC(=O)C1=CC=CC=C1N,0.18966013115666436,0.1370197975014612,0.2172455907643956
2-aminopyridine,C1=CC=NC(=C1)N,0.4935915682098571,0.1383064875042127,0.2637042583000539
2-aminothiazole,C1=CSC(=N1)N,0.47014724818906983,0.10690133537268819,0.32700154440734763
2-Arachidonoylglycerol,CCCCCC=CCC=CCC=CCC=CCCCC(=O)OC(CO)CO,0.39287668499335743,0.1551901541845349,0.39724507038657914
2-AT,C1CSC(=N1)N.Br,0.46560121345228916,0.2710013311546349,0.3362161012444562
2-(benzhydrylthio)ethanamine,C1=CC=C(C=C1)C(C2=CC=CC=C2)SCCN,0.3185698970708039,0.36902110197588656,0.3396689838093612
"2'-Benzoyl-2,4'-dichloroacetanilide",C1=CC=C(C=C1)C(=O)C2=C(C=CC(=C2)Cl)NC(=O)CCl,0.16941795194282364,0.15317763404322926,0.24270691783515766
2-Ethyl-3-phenyl-4(3H)-quinazolinone,CCC1=NC2=CC=CC=C2C(=O)N1C3=CC=CC=C3,0.19487354611564311,0.3271395609750716,0.27784229662083587
"2-methoxy-4,5-methylenedioxybenzaldehyde",COC1=CC2=C(C=C1C=O)OCO2,0.49777202249919605,0.5192940779311451,0.3631461556256504
2-methoxyethylamine,COCCN,0.5730052392858278,0.3449992075791595,0.5425123264553435
2-Methyl-2-butanyl carbamate,CCC(C)(C)OC(=O)N,0.41541988791629186,0.14666738302607105,0.4132808460250031
"2-Methyl-2-propylpropane-1,3-diol",CCCC(C)(CO)CO,0.5844598814672032,0.3596746928253633,0.5902845223042078
2-methyl-6-nitroaniline,CC1=C(C(=CC=C1)[N+](=O)[O-])N,0.8599624202861454,0.36637043326318564,0.6247522682662592
2-PEP,CC(C1CCCCN1)C2=CC=CC=C2.Cl,0.20801161786374764,0.5661307576790289,0.19135781181028302
2-Phenylcyclopentanamine,C1CC(C(C1)N)C2=CC=CC=C2,0.2655776628799802,0.3104366346765827,0.32204723129476953
2-Pyrrolidone,C1CC(=O)NC1,0.495606106125662,0.2822444462095657,0.3156757443635051
"3,3-diphenylcyclobutanamine",C1C(CC1(C2=CC=CC=C2)C3=CC=CC=C3)N,0.37060826314076706,0.3730009645156411,0.32320896881937533
"3,4,5-trimethoxybenzaldehyde",COC1=CC(=CC(=C1OC)OC)C=O,0.471349217138264,0.37995616926046355,0.3899627803756687
"3,5-dimethoxy-4-ethoxybenzaldehyde",CCOC1=C(C=C(C=C1OC)C=O)OC,0.31022646234210915,0.37981757140189465,0.31804350211932375
3-amino-2-naphthoic acid,C1=CC=C2C=C(C(=CC2=C1)C(=O)O)N,0.30358614028705183,0.08013916459024345,0.3004164733843634
3-amino-3-phenylpropanoic acid,C1=CC=C(C=C1)C(CC(=O)O)N,0.2013290693502476,0.21489086698687906,0.20325626438132463
3-amino-4-methylbenzoic acid,CC1=C(C=C(C=C1)C(=O)O)N,0.25506709895912427,0.08983951678875395,0.28479474184160675
3-aminoacetanilide,CC(=O)NC1=CC=CC(=C1)N,0.2918637372690306,0.09930906518306998,0.25890713366171464
3-aminobenzonitrile,C1=CC(=CC(=C1)N)C#N,0.6479811559362553,0.21429571199874797,0.47140773814286985
3-aminocrotononitrile,CC(=CC#N)N,0.5991958515487218,0.16033363970427836,0.44320790103165014
3-aminomethylpyridine,C1=CC(=CN=C1)CN,0.30306442564787495,0.22816833199682734,0.22967738483073927
3-aminophenol,C1=CC(=CC(=C1)O)N,0.556471801118197,0.1538133762020606,0.4722719286976831
3-aminopyrazole,C1=C(NN=C1)N,0.49079705230415455,0.15508288158296904,0.36434181958507206
3-aminopyridine,C1=CC(=CN=C1)N,0.5336132947280496,0.14814791552918816,0.3586040067841179
3-Chlorophenmetrazine,CC1C(OCCN1)C2=CC(=CC=C2)Cl,0.24783661878315388,0.303226847867886,0.21274216772204357
3-Chloropropanoic acid,C(CCl)C(=O)O,0.43342775380846865,0.15687140941238925,0.293019748297529
3-Fluorophenmetrazine,CC1C(OCCN1)C2=CC(=CC=C2)F,0.19260689225985472,0.29644890656047584,0.18610565586664746
3-HydroxyMethamphproamine,CC(CCC1=CC(=CC=C1)O)NC,0.1546857332873169,0.44773317728941536,0.3490890947856044
3-Iodophenmetrazine,CC1C(OCCN1)C2=CC(=CC=C2)I.Cl,0.2638430844619252,0.4051791557514745,0.19695310498596194
3-Methoxyphenmetrazine,CC1C(OCCN1)C2=CC(=CC=C2)OC,0.24343842760048134,0.3836927564232346,0.18099981535824458
3-Methylphenmetrazine,CC1C(OCCN1)C2=CC=CC(=C2)C,0.26457431438297374,0.27380277789149604,0.18917129240895558
"4,5-Dimethoxy-2-methylbenzaldehyde",CC1=CC(=C(C=C1C=O)OC)OC,0.4459141686977803,0.3189320822794954,0.3281009770551801
4-acetamidothiophenol,CC(=O)NC1=CC=C(C=C1)S,0.35334051483397255,0.14861943418437976,0.36314257696328184
4-amino-3-methylbenzoic acid,CC1=C(C=CC(=C1)C(=O)O)N,0.25933577657137225,0.09875001365822765,0.27383007289947947
4-amino-3-nitrobenzotrifluoride,C1=CC(=C(C=C1C(F)(F)F)[N+](=O)[O-])N,0.76376635175988,0.3621493061126224,0.660092112156394
4-aminoacetanilide,CC(=O)NC1=CC=C(C=C1)N,0.34216195391438164,0.09012393064059854,0.2756616257715163
4-aminoacetophenone,CC(=O)C1=CC=C(C=C1)N,0.38844049910766093,0.07826763503054099,0.30592681586043013
4-aminoantipyrine,CC1=C(C(=O)N(N1C)C2=CC=CC=C2)N,0.2609302728706421,0.1635328658488269,0.18645239117252818
4-aminobenzamide,C1=CC(=CC=C1C(=O)N)N,0.3838368548051479,0.06777818775425133,0.26221077575942214
4-aminobenzoic acid ethyl ester,CCOC(=O)C1=CC=C(C=C1)N,0.22537425562260346,0.060859639417693366,0.38477518064338306
4-aminomethylbenzoic acid,C1=CC(=CC=C1CN)C(=O)O,0.18917311358836103,0.1561145587383013,0.16666755135401828
4-aminophenol,C1=CC(=CC=C1N)O,0.511313573163844,0.09818008642064875,0.48581163447963344
4-aminopyridine,C1=CN=CC=C1N,0.5924106025088458,0.11548166616656436,0.31263308618253294
4-aminoquinaldine,CC1=NC2=CC=CC=C2C(=C1)N,0.4864394939281222,0.19294358604434847,0.3851942461654009
"4'-Dimethylamino-7,8-dihydroxyflavone",CN(C)C1=CC=C(C=C1)C2=CC(=O)C3=C(O2)C(=C(C=C3)O)O,0.34596298695539934,0.21800210386631455,0.3921229758938438
"4'-DMA-7,8-DHF",CN(C)C1=CC=C(C=C1)C2=CC(=O)C3=C(O2)C(=C(C=C3)O)O.Br,0.34596298695539934,0.21800210386631455,0.3924120075143972
4-Ethoxy-3-methoxybenzaldehyde,CCOC1=C(C=C(C=C1)C=O)OC,0.2758847775227623,0.26873543546011697,0.27731947771641535
4-Fluorophenmetrazine,CC1C(OCCN1)C2=CC=C(C=C2)F,0.2038565554655409,0.319845391189506,0.18302271305279583
"4-Formyl-2,3,6,7-tetrahydrobenzo[1,2-b:4,5-b']difuran",C1COC2=C(C3=C(C=C21)OCC3)C=O,0.3919057618420351,0.2596373372487709,0.37626897580259244
4-methoxybenzaldehyde,COC1=CC=C(C=C1)C=O,0.474334133520623,0.23904149180558068,0.4615681866089732
4-methoxybenzenesulfonyl chloride,COC1=CC=C(C=C1)S(=O)(=O)Cl,0.34747757275494956,0.19048693493192892,0.29809580788590856
4-methoxybenzylamine,COC1=CC=C(C=C1)CN,0.4060928251269451,0.4400120962146565,0.2945651708079671
4-methylacetophenone,CC1=CC=C(C=C1)C(=O)C,0.37615475506139395,0.1410863529095627,0.48113360630864727
4-Methylphenmetrazine,CC1C(OCCN1)C2=CC=C(C=C2)C,0.2809199858426842,0.2194000990360278,0.1925609997730861
4-n-boc-aminopiperidine,CC(C)(C)OC(=O)NC1CCNCC1,0.3468264450246222,0.16857564397219998,0.2453467402527321
5-aminotetrazole,C1(=NNN=N1)N,0.4667143954338117,0.12104640230221114,0.2968364814180273
5-aminovaleric acid,C(CCN)CC(=O)O,0.22158690098382286,0.30426358113572305,0.22027217866795235
5-Fluoro-iPT,CC(C)NCCC1=CNC2=C1C=C(C=C2)F,0.17241150536107278,0.7672587597821058,0.23947648273674724
5-MeO-HiPT,CC(C)N(CCC1=CNC2=C1C=C(C=C2)OC)O,0.17253366162184824,0.8604240224904534,0.21801919192980776
5-MeO-T-NB2F,COC1=CC2=C(C=C1)NC=C2CCNCCC3=CC=CC=C3F,0.1850145631223825,0.8306719226813795,0.24639275813766356
5-MTHF,CN1C(CNC2=C1C(=O)NC(=N2)N)CNC3=CC=C(C=C3)C(=O)NC(CCC(=O)O)C(=O)O,0.09088060280536264,0.19850893644053294,0.0905750063099953
6-amino-2-methylhexanoic acid,[CH2+]C(CCCCN)C(=O)O,0.28957674276272355,0.25971451087265474,0.24043535441561623
6-aminohexanoic acid,C(CCC(=O)O)CCN,0.2099688065679427,0.2852396518948297,0.21680869409322337
6-Fluoro-iPTHBC,CC(C)C1C2=C(CCN1)C3=C(N2)C=CC(=C3)F,0.19531115839668511,0.500663807972771,0.25669910797829587
6-MeO-THH,CC1C2=C(CCN1)C3=C(N2)C=CC(=C3)OC,0.298807083314355,0.6351881332355008,0.2573901195516314
"7,8-DHF",C1=CC=C(C=C1)C2=CC(=O)C3=C(O2)C(=C(C=C3)O)O,0.29473160227163053,0.17375354015240013,0.3641222705764324
"7,8-Dihydroxyflavone",C1=CC=C(C=C1)C2=CC(=O)C3=C(O2)C(=C(C=C3)O)O,0.29473160227163053,0.1737535401524001,0.3641222705764324
9-methyl-beta-carboline,CN1C2=CC=CC=C2C3=C1C=NC=C3,0.25869428234293784,0.2635364604554664,0.23563296285652421
ABT-089,CC1=C(C=CC=N1)OCC2CCCN2,0.1520839102654178,0.22760602191192134,0.1378736641050682
ABT-418,CC1=NOC(=C1)C2CCCN2C,0.2498660958719134,0.3625327924675228,0.20825872110485258
Aceburic Acid,CC(=O)OCCCC(=O)O,0.2863116958747274,0.21816711710142062,0.3602941489783847
Acetophenone,CC(=O)C1=CC=CC=C1,0.40885141389725566,0.13609642030789001,0.4457589852331709
Acetylcysteine,CC(=O)NC(CS)C(=O)O,0.32970758467986827,0.29117310809620034,0.214290356057179
Acetyl-L-carnitine,CC(=O)OC(CC(=O)[O-])C[N+](C)(C)C,0.5819614374429407,0.34192217352327064,0.46021928377048477
Acetylurea,CC(=O)NC(=O)N,0.5435727214301052,0.12051562769306066,0.3835467791187381
Acid red 1,CC(=O)NC1=C2C(=CC(=C1)S(=O)(=O)[O-])C=C(C(=C2O)N=NC3=CC=CC=C3)S(=O)(=O)[O-].[Na+].[Na+],0.5023641233641357,0.09659914293250997,0.2583764320033877
Acridine yellow,CC1=CC2=CC3=C(C=C(C(=C3)C)N)N=C2C=C1N.Cl,0.5113723831605462,0.29656104240512815,0.3525518807281457
Acrolein diethyl acetal,CCOC(C=C)OCC,0.6961217228743535,0.35108631788340383,0.6295852666645061
Caprylic acid,CCCCCCCC(=O)O,0.20751480761131544,0.1583801352601593,0.21812486766989492
Acteoside,CC1C(C(C(C(O1)OC2C(C(OC(C2OC(=O)C=CC3=CC(=C(C=C3)O)O)CO)OCCC4=CC(=C(C=C4)O)O)O)O)O)O,0.16387062734259156,0.11741718191275936,0.2523705108733205
Adamantanamine,C1C2CC3CC1CC(C2)(C3)N,0.5463491110962363,0.2722334946478934,0.4787051116988422
Adaptol,CN1C2C(N(C1=O)C)N(C(=O)N2C)C,0.3743972208148709,0.17950167756683946,0.2923958583470361
Adenosine,C1=NC(=C2C(=N1)N(C=N2)C3C(C(C(O3)CO)O)O)N,0.12483309774381093,0.03303589262640565,0.0577231945312304
Adenosine 5-triphosphate,C1=NC(=C2C(=N1)N(C=N2)C3C(C(C(O3)COP(=O)(O)OP(=O)(O)OP(=O)(O)O)O)O)N,0.11929829774674607,0.1325450918904762,0.16322975696982112
Adenosylcobalamin,CC1=CC2=C(C=C1C)N(C=N2)C3C(C(C(O3)CO)OP(=O)([O-])OC(C)CNC(=O)CCC4(C(C5C6(C(C(C(=N6)C(=C7C(C(C(=N7)C=C8C(C(C(=N8)C(=C4[N-]5)C)CCC(=O)N)(C)C)CCC(=O)N)(C)CC(=O)N)C)CCC(=O)N)(C)CC(=O)N)C)CC(=O)N)C)O.[CH2-]C1C(C(C(O1)N2C=NC3=C(N=CN=C32)N)O)O.[Co],0.1550947676517923,0.18259575833389197,0.17031547189746263
Adipic acid,C(CCC(=O)O)CC(=O)O,0.28367546999389875,0.24869201484972878,0.2508112944192251
Advantra Z,CNCC(C1=CC=C(C=C1)O)O,0.14459664820315538,0.12286861829384574,0.4836670995745186
Afobazol,CCOC1=CC2=C(C=C1)N=C(N2)SCCN3CCOCC3.Cl,0.0887867648509275,0.38166804853424297,0.1504491980785011
Afobazole,CCOC1=CC2=C(C=C1)N=C(N2)SCCN3CCOCC3,0.08658676485092752,0.2817951957562986,0.1491991980785011
Agmatine,C(CCN=C(N)N)CN,0.43006953383678154,0.22660834063459556,0.3631731960618847
Agmatine Sulfate,C(CCN=C(N)N)CN.OS(=O)(=O)O,0.37625214555330677,0.16522973552234682,0.27048957703310655
AHK-CU,CC(C(=O)[N-]C(CC1=CNC=N1)C(=O)NC(CCCCN)C(=O)[O-])[NH-].Cl.[Cu+2],0.15644219543898255,0.29968569923645666,0.20653979988318522
AICAR,C1=NC(=C(N1C2C(C(C(O2)COP(=O)(O)O)O)O)N)C(=O)N,0.1729740962691477,0.06272245027721846,0.2139849594625528
Ajmalicine,CC1C2CN3CCC4=C(C3CC2C(=CO1)C(=O)OC)NC5=CC=CC=C45,0.2177857984788454,0.28520496796812134,0.14364065628980038
Akuammigine,CC1C2CN3CCC4=C(C3CC2C(=CO1)C(=O)OC)NC5=CC=CC=C45,0.2177857984788454,0.28520496796812134,0.14364065628980038
Alanine,CC(C(=O)O)N,0.38518119964060404,0.1926134538889867,0.2957354957009299
ALCAR,CC(=O)OC(CC(=O)[O-])C[N+](C)(C)C,0.5819614374429407,0.34192217352327064,0.46021928377048477
Alizarin,C1=CC=C2C(=C1)C(=O)C3=C(C2=O)C(=C(C=C3)O)O,0.34653346761024195,0.1302727659096797,0.3868193876425353
Alizarine yellow R,C1=CC(=CC=C1N=NC2=CC(=C(C=C2)O)C(=O)O)[N+](=O)[O-],0.5950458994931364,0.287173859110607,0.4859873668427666
Alizarin red S,C1=CC=C2C(=C1)C(=O)C3=CC(=C(C(=C3C2=O)O)O)S(=O)(=O)O,0.28604533292101114,0.08794053844186348,0.2821288260636396
Allithiamine,CC1=NC=C(C(=N1)N)CN(C=O)C(=C(CCO)SSCC=C)C,0.21393148177745636,0.18580493545521404,0.2684357848232493
Allyl glycidyl ether,C=CCOCC1CO1,0.7771655628220172,0.2370504901768398,0.6484215428207035
Alpha-Ketoglutarate,C(CC(=O)[O-])C(=O)C(=O)[O-],0.6146692015156187,0.31178077854353786,0.4794252709383352
Alpha-Linolenic Acid,CCC=CCC=CCC=CCCCCCCCC(=O)O,0.22066161361583364,0.1450691776884553,0.19755126076210192
Alpha-lipoic acid,C1CSSC1CCCCC(=O)O,0.24870938664438275,0.22087302468139608,0.209594816695493
Alpha-Yohimbine,COC(=O)C1C(CCC2C1CC3C4=C(CCN3C2)C5=CC=CC=C5N4)O,0.17089513518360785,0.28139429975419916,0.08018225142959574
Alprostadil,CCCCCC(C=CC1C(CC(=O)C1CCCCCCC(=O)O)O)O,0.059514928841686944,0.17130169938564851,0.09642676051333536
Aluminium fluoride,F[Al](F)F,0.7865519130952972,0.2507906669977452,0.6694981518435434
Aluminium oxide,[O-2].[O-2].[O-2].[Al+3].[Al+3],0.8859244730244469,0.30718840099211425,0.7442422053087508
Aluminium powder,[Al],0.8530032708068002,0.3175418248840564,0.7281749366062723
Amantadine,C1C2CC3CC1CC(C2)(C3)N,0.5463491110962363,0.2722334946478934,0.4787051116988422
Amfonelic Acid,CCN1C=C(C(=O)C2=C1N=C(C=C2)CC3=CC=CC=C3)C(=O)O,0.1752892877327099,0.20789450670822682,0.17699733898901163
Aminalon,C(CC(=O)O)CN,0.21994386090232187,0.31222802740289046,0.23210853626493955
Aminoguanidine bicarbonate,C(=NN)(N)N.C(=O)(O)O,0.5814628299483244,0.1169141748780174,0.3454601120562463
Aminopyrine,CC1=C(C(=O)N(N1C)C2=CC=CC=C2)N(C)C,0.1980038567247499,0.18462894425436563,0.19761374240440638
Ammonium benzoate,C1=CC=C(C=C1)C(=O)[O-].[NH4+],0.46450647861101513,0.1524865695679684,0.4773200772489164
Ammonium chloride,[NH4+].[Cl-],0.8469056913017312,0.2627322679390898,0.6894979302267901
Ammonium fluoride,[NH4+].[F-],0.8648254253097957,0.2953077238508577,0.7223789581813596
Ammonium metavanadate,[NH4+].[O-][V](=O)=O,0.820376165674949,0.25085552661811045,0.6533825276375732
Ammonium monovanadate,[NH4+].[O-][V](=O)=O,0.820376165674949,0.25085552661811045,0.6533825276375732
Anandamide,CCCCCC=CCC=CCC=CCC=CCCCC(=O)NCCO,0.2601096010661761,0.17093492956972006,0.24127432233184343
Anisole,COC1=CC=CC=C1,0.5349912147351898,0.3541250713698902,0.5173791750268254
Anserine,CN1C=NC=C1CC(C(=O)O)NC(=O)CCN,0.12406883611731255,0.27955103173898166,0.17279221903479897
Anthocyanins,C1=CC=C(C=C1)C2=[O+]C3=CC=CC=C3C=C2,0.6310934000597659,0.22060764863962384,0.6607604988212712
Anthranilamide,C1=CC=C(C(=C1)C(=O)N)N,0.39229862658264847,0.09523717060801863,0.3554470946349095
Apigenin,C1=CC(=CC=C1C2=CC(=O)C3=C(C=C(C=C3O2)O)O)O,0.3306956618229496,0.1846439739579159,0.6094733760227028
Arachidonic acid,CCCCCC=CCC=CCC=CCC=CCCCC(=O)O,0.25046054873202506,0.17553343076708341,0.21527607269717192
Arginine,C(CC(C(=O)O)N)CN=C(N)N,0.29373979843158193,0.2523415234472954,0.18923132421496974
Arginine AKG,C(CC(C(=O)O)N)CN=C(N)N.C(CC(C(=O)O)N)CN=C(N)N.C(CC(=O)O)C(=O)C(=O)O,0.2706249050562822,0.29204066987954813,0.17633570372372598
Arsenazo I,C1=CC=C(C(=C1)N=NC2=C(C3=C(C=C(C=C3C=C2S(=O)(=O)O)S(=O)(=O)O)O)O)[As](=O)(O)O,0.47487677448759874,0.12096019221237929,0.283058470617701
Arsenazo III,C1=CC=C(C(=C1)N=NC2=C(C3=C(C(=C(C=C3C=C2S(=O)(=O)O)S(=O)(=O)O)N=NC4=CC=CC=C4[As](=O)(O)O)O)O)[As](=O)(O)O,0.5545403145000033,0.1450126644120279,0.34772411482525895
Ascorbic Acid,C(C(C1C(=C(C(=O)O1)O)O)O)O,0.33492181253701114,0.15632117957361694,0.29022354524501465
Astaxanthin,CC1=C(C(CC(C1=O)O)(C)C)C=CC(=CC=CC(=CC=CC=C(C)C=CC=C(C)C=CC2=C(C(=O)C(CC2(C)C)O)C)C)C,0.29593455013650427,0.12401216777348752,0.35726028659961606
Astragaloside IV,CC1(C(CCC23C1C(CC4C2(C3)CCC5(C4(CC(C5C6(CCC(O6)C(C)(C)O)C)O)C)C)OC7C(C(C(C(O7)CO)O)O)O)OC8C(C(C(CO8)O)O)O)C,0.2583348993305743,0.17704365409579592,0.2924664601260974
Atarax,C1CN(CCN1CCOCCO)C(C2=CC=CC=C2)C3=CC=C(C=C3)Cl,0.03967892459679032,0.2640444291561009,0.09471441750845642
Atenolol,CC(C)NCC(COC1=CC=C(C=C1)CC(=O)N)O,0.06175859675812395,0.11250118192649222,0.08921001326610783
Avanafil,COC1=C(C=C(C=C1)CNC2=NC(=NC=C2C(=O)NCC3=NC=CC=N3)N4CCCC4CO)Cl,0.0652966095803073,0.21562212953586077,0.1183503542068931
Avizafone,CN(C1=C(C=C(C=C1)Cl)C(=O)C2=CC=CC=C2)C(=O)CNC(=O)C(CCCCN)N,0.11634764180952205,0.2978275694047587,0.2191039826843788
Azelaic acid,C(CCCC(=O)O)CCCC(=O)O,0.26382908089081614,0.22131308490680762,0.24473644150808724
Azure II,CNC1=CC2=C(C=C1)N=C3C=CC(=[N+](C)C)C=C3S2.CN(C)C1=CC2=C(C=C1)N=C3C=CC(=[N+](C)C)C=C3S2.[Cl-].[Cl-],0.3647312469344107,0.28353957869342905,0.3939980338410674
Azure KX,C1=CC=C2C(=C1)C(=O)C3=C(C2=O)C(=C(C=C3NC4=CC(=C(C=C4)S(=O)(=O)[O-])NC5=NC(=NC(=N5)Cl)Cl)S(=O)(=O)[O-])N.[Na+].[Na+],0.27006765890222245,0.1583160345377445,0.24461533862273135
Bacoside A,CC(=CCCC(C)(C1C2CCC3C(C2(CC1=O)C)(CCC4C3(CCC(C4(C)C)OC5C(C(C(C(O5)CO)OC6C(C(C(CO6)O)O)O)O)O)CO)C)O)C,0.22801618874099308,0.19401887133838852,0.3195680394512962
Baicalein,C1=CC=C(C=C1)C2=CC(=O)C3=C(O2)C=C(C(=C3O)O)O,0.2937328706276345,0.16311129707210742,0.33626811425744746
Baicalin,C1=CC=C(C=C1)C2=CC(=O)C3=C(C(=C(C=C3O2)OC4C(C(C(C(O4)C(=O)O)O)O)O)O)O,0.21393934869283673,0.13068770181492276,0.27107312043724713
BAM15,C1=CC=C(C(=C1)NC2=NC3=NON=C3N=C2NC4=CC=CC=C4F)F,0.31741619764270584,0.2802762586048828,0.36506775616337395
Bemethyl,CCSC1=NC2=CC=CC=C2N1.Br,0.25965574045723333,0.24777042684294698,0.4333436704970995
Bemitil,CCSC1=NC2=CC=CC=C2N1.Br,0.25965574045723333,0.24777042684294698,0.4333436704970995
Benfotiamine,CC1=NC=C(C(=N1)N)CN(C=O)C(=C(CCOP(=O)(O)O)SC(=O)C2=CC=CC=C2)C,0.10165040597436756,0.11397869235251497,0.16810434813425093
Benserazide,C1=CC(=C(C(=C1CNNC(=O)C(CO)N)O)O)O,0.192517508127703,0.19554869671589892,0.2869649305290744
Beta-alanine,C(CN)C(=O)O,0.2600045087426491,0.2589758704874888,0.23873488103077695
Beta-Carotene,CC1=C(C(CCC1)(C)C)C=CC(=CC=CC(=CC=CC=C(C)C=CC=C(C)C=CC2=C(CCCC2(C)C)C)C)C,0.23542321526014404,0.18448339752893073,0.27062188507477086
Beta-Caryophyllene,CC1=CCCC(=C)C2CC(C2CC1)(C)C,0.414093136513575,0.32265844344021244,0.5638512287164528
Beta-Glucans,C(C1C(C(C(C(O1)OC2C(OC(C(C2O)O)OC3C(OC(C(C3O)O)O)CO)CO)O)O)O)O,0.2955546238463647,0.06177988526088884,0.2055195957512527
Betaine,C[N+](C)(C)CC(=O)[O-],0.5778669928442259,0.2925809663335761,0.46104056545451194
Betaine Anhydrous,C[N+](C)(C)CC(=O)[O-],0.5778669928442259,0.2925809663335761,0.4610405654545119
Betaine HCl,C[N+](C)(C)CC(=O)O.[Cl-],0.3732042761575171,0.20945546535554682,0.2825865341198692
Beta-methylphenethylamine,CC(CN)C1=CC=CC=C1,0.2896843077552523,0.4469055030389049,0.3101173758902429
Beta-Phenylethylamine,C1=CC=C(C=C1)CCN,0.2909369851543808,0.4493088814140728,0.2611152633852327
Beta-Sitosterol,CCC(CCC(C)C1CCC2C1(CCC3C2CC=C4C3(CCC(C4)O)C)C)C(C)C,0.2738040339664377,0.26368193943432705,0.35144687257191104
Bifemelane Hydrochloride,CNCCCCOC1=CC=CC=C1CC2=CC=CC=C2.Cl,0.18686285116055512,0.5373679413816707,0.23737091309891742
Biotin,C1C2C(C(S1)CCCCC(=O)O)NC(=O)N2,0.152465596894861,0.19237959463228596,0.18155079090929374
Boron Glycinate,[B]OC(=O)CN,0.5052307143145122,0.1881930034734929,0.4563390256681039
BPAP,CC(C1=CC=CC=C1)(C2=CC=C(C=C2)O)C3=CC=C(C=C3)O,0.38771898783551495,0.19362951561983974,0.6576279997374335
Brivaracetam,CCCC1CC(=O)N(C1)C(CC)C(=O)N,0.20572110990636966,0.22034975218203584,0.25759180621459205
Bulgarian Tribulus,CN(CC(=O)O)C(=N)N.C(C(C(C(C(C(=O)O)O)O)O)O)O,0.2621261780435224,0.2602779172106138,0.15020117208929543
Butyrylcholine,CCCC(=O)OCC[N+](C)(C)C,0.40429827035896077,0.3247157356123466,0.4493914462347805
Cabergoline,CCNC(=O)N(CCCN(C)C)C(=O)C1CC2C(CC3=CNC4=CC=CC2=C34)N(C1)CC=C,0.1402001520311484,0.514013313229433,0.16790816937134662
Cagrilintide,CCC(C)C(C(=O)NC(CC(C)C)C(=O)N1CCCC1C(=O)N2CCCC2C(=O)NC(C(C)O)C(=O)NC(CC(=O)N)C(=O)NC(C(C)C)C(=O)NCC(=O)NC(CO)C(=O)NC(CC(=O)N)C(=O)NC(C(C)O)C(=O)N3CCCC3C(=O)N)NC(=O)C4CCCN4C(=O)CNC(=O)C(CC5=CC=CC=C5)NC(=O)C(CC(=O)N)NC(=O)C(CC(=O)N)NC(=O)C(CO)NC(=O)C(CO)NC(=O)C(CC6=CNC=N6)NC(=O)C(CCCNC(=N)N)NC(=O)C(CC(C)C)NC(=O)C(CC7=CC=CC=C7)NC(=O)C(CCC(=O)O)NC(=O)C(C)NC(=O)C(CC(C)C)NC(=O)C(CCCNC(=N)N)NC(=O)C(CCC(=O)N)NC(=O)C(C(C)O)NC(=O)C(C)NC(=O)C8CSSCC(C(=O)NC(C(=O)NC(C(=O)NC(C(=O)NC(C(=O)N8)C(C)O)C)C(C)O)CC(=O)N)NC(=O)C(CCCCN)NC(=O)CCC(C(=O)O)NC(=O)CCCCCCCCCCCCCCCCCCC(=O)O,0.11684112805696019,0.28005505338687703,0.19035021678979785
Calcium,[Ca],0.8860073438683691,0.2980807404246571,0.7452239532904988
Calcium Carbonate,C(=O)([O-])[O-].[Ca+2],0.7464922315201915,0.1987794830919748,0.5933704638770295
Calcium citrate,C(C(=O)[O-])C(CC(=O)[O-])(C(=O)[O-])O.C(C(=O)[O-])C(CC(=O)[O-])(C(=O)[O-])O.[Ca+2].[Ca+2].[Ca+2],0.6342832845302377,0.2718638892005739,0.5623420484640088
Calcium D-Glucarate,C(C(C(C(=O)[O-])O)O)(C(C(=O)[O-])O)O.[Ca+2],0.5511438609728316,0.16933581453113228,0.34528789437772905
Calcium Pantothenate,CC(C)(CO)C(C(=O)NCCC(=O)[O-])O.CC(C)(CO)C(C(=O)NCCC(=O)[O-])O.[Ca+2],0.30215874792118336,0.1738666659404822,0.22385433578482597
Capsaicin,CC(C)C=CCCCCC(=O)NCC1=CC(=C(C=C1)O)OC,0.1521191637470735,0.22789596226479197,0.14992541205202545
Carbidopa,CC(CC1=CC(=C(C=C1)O)O)(C(=O)O)NN,0.26796731341262875,0.15685796097445914,0.29869441012529213
Carnitine Tartrate,C[N+](C)(C)CC(CC(=O)O)O.C[N+](C)(C)CC(CC(=O)O)O.C(C(C(=O)[O-])O)(C(=O)[O-])O,0.4184680799122537,0.26378937429281973,0.2596478088652318
Carnosic acid,CC(C)C1=C(C(=C2C(=C1)CCC3C2(CCCC3(C)C)C(=O)O)O)O,0.1935349820097908,0.26366652437302307,0.2912361765732438
Carphedon,C1C(CN(C1=O)CC(=O)N)C2=CC=CC=C2,0.10075037783518426,0.49850667243820146,0.12945306846156482
Catechin,C1C(C(OC2=CC(=CC(=C21)O)O)C3=CC(=C(C=C3)O)O)O,0.2818498980203011,0.19744871845083276,0.4507117188962004
Cavinton,CCC12CCCN3C1C4=C(CC3)C5=CC=CC=C5N4C(=C2)C(=O)OCC,0.10377579729764673,0.16576264224966028,0.16720286745357485
CDP-Choline,C[N+](C)(C)CCOP(=O)([O-])OP(=O)(O)OCC1C(C(C(O1)N2C=CC(=NC2=O)N)O)O,0.18765427995889486,0.3380665010097436,0.20324831056027498
CDP-Choline Sodium,C[N+](C)(C)CCOP(=O)([O-])OP(=O)([O-])OCC1C(C(C(O1)N2C=CC(=NC2=O)N)O)O.[Na+],0.1918257688338484,0.3010736361902416,0.19548375746673066
CE-123,C1=CC=C(C=C1)C(C2=CC=CC=C2)S(=O)CC3=CN=CS3,0.28596866167640633,0.24734454802707845,0.3484743327596944
Cefotaxime,CC(=O)OCC1=C(N2C(C(C2=O)NC(=O)C(=NOC)C3=CSC(=N3)N)SC1)C(=O)O,0.04138361873583969,0.02496152834889538,0.11072617433994512
Celecoxib,CC1=CC=C(C=C1)C2=CC(=NN2C3=CC=C(C=C3)S(=O)(=O)N)C(F)(F)F,0.22811241059386564,0.16367962339487993,0.3210443109206307
Centrophenoxine,CN(C)CCOC(=O)COC1=CC=C(C=C1)Cl.Cl,0.257236856145595,0.37764223621012116,0.30128224844047735
Centrophenoxine HCl,CN(C)CCOC(=O)COC1=CC=C(C=C1)Cl.Cl,0.257236856145595,0.37764223621012116,0.30128224844047735
Cerebrodiene,CCCC=CCCCCCCCCCC=CC(CO)N,0.4256099248932469,0.2645116721951454,0.37140832850526406
Chloretazopyzine,CCC1=NN=C2N1N=C(C=C2)C3=CC=CC=C3Cl,0.2150316817521066,0.24147049272697202,0.29003016303398016
Chlorogenic Acid,C1C(C(C(CC1(C(=O)O)O)OC(=O)C=CC2=CC(=C(C=C2)O)O)O)O,0.23716046270632588,0.1489037829587686,0.27163436576270855
Chlorophyll,CCC1=C(C2=[NH+]C1=CC3=C(C4=C(C(C(=C4[N-]3)C5=[NH+]C(=C(C5CCC(=O)OCC=C(C)CCCC(C)CCCC(C)CCCC(C)C)C)C=C6C(=C(C(=C2)[N-]6)C=C)C)C(=O)OC)O)C)C.[Mg+2],0.22592317736917156,0.2592957428630206,0.3213997757854537
Chlorophyllin,[H+].[H+].[H+].CCC1=C(C2=CC3=NC(=CC4=NC(=C(C5=NC(=C(C5=C([O-])[O-])C)C=C1[N-]2)CC(=O)[O-])C(C4C)CCC(=O)[O-])C(=C3C=C)C)C.[Mg+2],0.26507515599433024,0.28368808475473584,0.3387477197494009
Chlorphine,CC(C1=CC=C(C=C1)Cl)N2CCC(CC2)N3C4=CC=CC=C4NC3=O,0.13548240946099394,0.4970430348388326,0.1457297807515565
Choline Alfoscerate,C[N+](C)(C)CCOP(=O)([O-])OCC(CO)O,0.48955488355766763,0.2865773276096172,0.40395526779257834
Choline Chloride,C[N+](C)(C)CCO.[Cl-],0.5710616408866304,0.4621478369620739,0.49726707210865706
Chromium,[Cr],0.8659637961771728,0.30445404208807625,0.7196892471274389
Chrysin,C1=CC=C(C=C1)C2=CC(=O)C3=C(C=C(C=C3O2)O)O,0.34818852618360774,0.1781806350723896,0.4749798800371881
Cilnidipine,CC1=C(C(C(=C(N1)C)C(=O)OCC=CC2=CC=CC=C2)C3=CC(=CC=C3)[N+](=O)[O-])C(=O)OCCOC,0.4070773474591195,0.4298541085452135,0.4794828468005322
Citrulline,C(CC(C(=O)O)N)CNC(=O)N,0.21528551497458648,0.2206532425891954,0.17563696756123132
Citrulline Malate,C(CC(C(=O)O)N)CNC(=O)N.C(C(C(=O)O)O)C(=O)O,0.20497407246269933,0.1976722035258337,0.1363576160713679
CLA,CC1=C(N2C=C(N=CC2=N1)C3=CC=CC=C3)O,0.22613081732164855,0.12371981472589555,0.28353603343231987
Clomethiazole,CC1=C(SC=N1)CCCl,0.4017807139631406,0.18416917411565703,0.3681947393689507
Coenzyme Q10,CC1=C(C(=O)C(=C(C1=O)OC)OC)CC=C(C)CCC=C(C)CCC=C(C)CCC=C(C)CCC=C(C)CCC=C(C)CCC=C(C)CCC=C(C)CCC=C(C)CCC=C(C)C,0.2824134290296347,0.14090763313602742,0.20365150714859628
Coerulescine,CN1CCC2(C1)C3=CC=CC=C3NC2=O,0.2005584518417778,0.3485795679345243,0.12220806856332427
Compound 7P,CC1=CC=C(C=C1)S(=O)(=O)N(CC(=O)NC2=C(C=CN=C2)OC)C3=CC=CC=C3OC,0.15828108009774663,0.17876842973846888,0.1682466587025494
Copper,[Cu],0.8872999818626505,0.2747403258657168,0.753305069886385
CoQ10,CC1=C(C(=O)C(=C(C1=O)OC)OC)CC=C(C)CCC=C(C)CCC=C(C)CCC=C(C)CCC=C(C)CCC=C(C)CCC=C(C)CCC=C(C)CCC=C(C)CCC=C(C)C,0.2824134290296347,0.1409076331360274,0.20365150714859628
Cordycepin,C1C(OC(C1O)N2C=NC3=C(N=CN=C32)N)CO,0.1399362460210836,0.0698544552519828,0.09081153021706052
Corynanthine,COC(=O)C1C(CCC2C1CC3C4=C(CCN3C2)C5=CC=CC=C5N4)O,0.17089513518360785,0.28139429975419916,0.08018225142959574
Creatine Monohydrate,CN(CC(=O)O)C(=N)N.O,0.35604768401979825,0.3319202838524252,0.21018027233073844
Cridanimod,C1=CC=C2C(=C1)C(=O)C3=CC=CC=C3N2CC(=O)O,0.2015742929274859,0.15744299422938454,0.21814681638565997
CRL-40940,C1=CC(=CC=C1C(C2=CC=C(C=C2)F)S(=O)CC(=O)N)F,0.15692858722744327,0.42445103440405746,0.2229509279666778
Curcumin,COC1=C(C=CC(=C1)C=CC(=O)CC(=O)C=CC2=CC(=C(C=C2)O)OC)O,0.22306332961868278,0.2065457598350233,0.23631145531125963
CX-1739,CN(C1CCOCC1)C(=O)C2=CC3=NON=C3C=C2,0.19844434836005692,0.22664914991610616,0.26020271379637383
CX-516,C1CCN(CC1)C(=O)C2=CC3=NC=CN=C3C=C2,0.13507061338698956,0.12078589763574264,0.16494125773376375
CX-546,C1CCN(CC1)C(=O)C2=CC3=C(C=C2)OCCO3,0.17308210751414393,0.3616550708268218,0.20968778092338355
CX-614,C1CC2N(C1)C(=O)C3=CC4=C(C=C3O2)OCCO4,0.3394857197978587,0.33478101279790534,0.2866408675443292
CX-691,C1CCN(CC1)C(=O)C2=CC3=NON=C3C=C2,0.12178777292019381,0.1939697209212345,0.16811624377858195
CX-717,C1COCCN1C(=O)C2=CC3=NON=C3C=C2,0.15609276201643144,0.20314231121239118,0.21226648750855953
Cyanocobalamin,CC1=CC2=C(C=C1C)[N+](=CN2)C3C(C(C(O3)CO)OP(=O)(O)OC(C)CNC(=O)CCC4(C(C5C6(C(C(C(=N6)C(=C7C(C(C(=CC8=NC(=C(C4=N5)C)C(C8(C)C)CCC(=N)[O-])N7)CCC(=N)[O-])(C)CC(=O)N)C)CCC(=N)[O-])(C)CC(=O)N)C)CC(=O)N)C)O.[C]#N.[Co+2],0.1793643538852836,0.23365006136041763,0.2511386412950732
Cycloastragenol,CC1(C(CCC23C1C(CC4C2(C3)CCC5(C4(CC(C5C6(CCC(O6)C(C)(C)O)C)O)C)C)O)O)C,0.2538150366831953,0.20141053998019778,0.3458743973083913
Cypenamine,C1CC(C(C1)N)C2=CC=CC=C2,0.2655776628799802,0.3104366346765827,0.3220472312947695
Cytidine,C1=CN(C(=O)N=C1N)C2C(C(C(O2)CO)O)O,0.1972913545959002,0.07189218914579076,0.06479315754049723
Cytidine 5-Diphosphocholine,C[N+](C)(C)CCOP(=O)([O-])OP(=O)(O)OCC1C(C(C(O1)N2C=CC(=NC2=O)N)O)O,0.18765427995889486,0.3380665010097436,0.20324831056027498
DAA-1097,CC(C)OC1=CC=CC=C1CN(C2=C(C=C(C=C2)Cl)OC3=CC=CC=C3)C(=O)C,0.18179790404658125,0.28683983315406747,0.34407586493318587
Dapansutrile,CS(=O)(=O)CCC#N,0.6933116366210617,0.14764361486618363,0.4367697285158246
D-Deprenyl,CC(CC1=CC=CC=C1)N(C)CC#C,0.18499587034947212,0.6252946810297844,0.18948331923178952
Deanol,CN(C)CCO,0.6108151942367572,0.3501149453011078,0.5037967488207985
Deprenyl,CC(CC1=CC=CC=C1)N(C)CC#C,0.18499587034947212,0.6252946810297844,0.18948331923178954
Desmethoxyyangonin,COC1=CC(=O)OC(=C1)C=CC2=CC=CC=C2,0.3667262440436151,0.2516155984869641,0.3508945945934687
Desoxy-D2PM,C1CC(NC1)C(C2=CC=CC=C2)C3=CC=CC=C3,0.26929176360259793,0.4720325539603327,0.22707023756370653
DHA,C1C(C(C(OC1(C(=O)O)O)C(=O)O)O)O,0.3288718027367137,0.11854212127572979,0.33572903422818173
Dieckol,C1=C(C=C(C=C1O)OC2=C(C=C(C3=C2OC4=C(C=C(C=C4O3)OC5=C(C=C(C=C5O)OC6=C(C=C(C7=C6OC8=C(C=C(C=C8O7)O)O)O)O)O)O)O)O)O,0.371521905068531,0.19910576523233076,0.6688438464865588
Dihexa,CCCCCC(=O)NC(CC1=CC=C(C=C1)O)C(=O)NC(C(C)CC)C(=O)NCCCCCC(=O)N,0.09320419105975875,0.2328055514341557,0.3304794007880798
Dihydrokavain,COC1=CC(=O)OC(C1)CCC2=CC=CC=C2,0.19063267876536066,0.37636553384356497,0.20347118110598916
Dihydromethysticin,COC1=CC(=O)OC(C1)CCC2=CC3=C(C=C2)OCO3,0.33923440150506295,0.5669741738011527,0.23085991038245052
Dimephosphone,CC(=O)CC(C)(C)P(=O)(OC)OC,0.4810724520375976,0.16291109913646395,0.5532063653291637
Dimethamphproamine,CC(CCC1=CC=CC=C1)N(C)C,0.18215840903116973,0.4315345060000324,0.16299675932645485
Dimethocaine,CCN(CC)CC(C)(C)COC(=O)C1=CC=C(C=C1)N,0.18042802428156912,0.08535900057866411,0.2842928625747196
Dimethylaminoethanol,CN(C)CCO,0.6108151942367572,0.3501149453011078,0.5037967488207985
Diosgenin,CC1CCC2(C(C3C(O2)CC4C3(CCC5C4CC=C6C5(CCC(C6)O)C)C)C)OC1,0.21742618804223074,0.14834709282727596,0.3499052186226717
Diphenethylamine,C1=CC=C(C=C1)CCNCCC2=CC=CC=C2,0.2792354377125152,0.33439295556186155,0.26979245361584975
DL-Phenylalanine,C1=CC=C(C=C1)CC(C(=O)O)N,0.1772625390086894,0.3358472143839666,0.14408988757107885
DM-235,CCC(=O)N1CCN(CC1)C(=O)C2=CC=CC=C2,0.11891191399035947,0.2450602197447023,0.16658720251775144
DMAE,CN(C)CCO,0.6108151942367572,0.35011494530110787,0.5037967488207985
DMAE Bitartrate,CN(C)CCO.C(C(C(=O)O)O)(C(=O)O)O,0.37427909238681417,0.27287918608625433,0.255684500675261
Docosahexaenoic acid,CCC=CCC=CCC=CCC=CCC=CCC=CCCC(=O)O,0.29732899413961983,0.1663734571819856,0.23069038408199052
Donepezil,COC1=C(C=C2C(=C1)CC(C2=O)CC3CCN(CC3)CC4=CC=CC=C4)OC,0.059408382165120815,0.3017280861006774,0.1298557764580603
Doxazosin,COC1=C(C=C2C(=C1)C(=NC(=N2)N3CCN(CC3)C(=O)C4COC5=CC=CC=C5O4)N)OC,0.07811456287050901,0.25842063847123853,0.07283434511494588
D-Pantothenic Acid,CC(C)(CO)C(C(=O)NCCC(=O)O)O,0.18700468892356906,0.11540683307962205,0.14593914033345667
Drotaverine,CCOC1=C(C=C(C=C1)C=C2C3=CC(=C(C=C3CCN2)OCC)OCC)OCC,0.17552182225972113,0.2272291137534176,0.20087844394509324
D-Serine,C(C(C(=O)O)N)O,0.36121414346027786,0.21405048744029384,0.23495956984969607
DSIP,CC(C(=O)NCC(=O)NCC(=O)NC(CC(=O)O)C(=O)NC(C)C(=O)NC(CO)C(=O)NCC(=O)NC(CCC(=O)O)C(=O)O)NC(=O)C(CC1=CNC2=CC=CC=C21)N,0.061464547071732475,0.5637402704453729,0.09985931965609637
DynaMAX,CC1CCC2C(C(OC3C24C1CCC(O3)(OO4)C)O)C,0.21882108249032053,0.17758776664464207,0.2763274838254793
Dynamine,C1=CN=CC(=C1N)N,0.5476443097546426,0.12963173628146096,0.3715659949206721
Echinacoside,CC1C(C(C(C(O1)OC2C(C(OC(C2OC(=O)C=CC3=CC(=C(C=C3)O)O)COC4C(C(C(C(O4)CO)O)O)O)OCCC5=CC(=C(C=C5)O)O)O)O)O)O,0.18018779499797993,0.14192668563348318,0.23429786382695286
Eckol,C1=C(C=C(C=C1O)OC2=C(C=C(C3=C2OC4=C(C=C(C=C4O3)O)O)O)O)O,0.3849970328791852,0.18495140143910557,0.6731655702336269
Edaravone,CC1=NN(C(=O)C1)C2=CC=CC=C2,0.2200340790050428,0.23748659381897436,0.23533087435215982
EGCG,C1C(C(OC2=CC(=CC(=C21)O)O)C3=CC(=C(C(=C3)O)O)O)OC(=O)C4=CC(=C(C(=C4)O)O)O,0.258454243084017,0.19649108897996898,0.48336683977717704
Eicosapentaenoic acid,CCC=CCC=CCC=CCC=CCC=CCCCC(=O)O,0.25224167620987414,0.19385811636696335,0.21997870286087054
Ellagic acid,C1=C2C3=C(C(=C1O)O)OC(=O)C4=CC(=C(C(=C43)OC2=O)O)O,0.4210673792781363,0.11050663842678567,0.47372192399260465
Emoxypine,CCC1=C(C=CC(=N1)C)O,0.3304676114474423,0.12593651098723865,0.4058981839117333
Emoxypine Succinate,CCC1=C(C=CC(=N1)C)O.C(CC(=O)O)C(=O)O,0.19432876946943772,0.11252507293692615,0.23792134645268626
Emylcamate,CCC(C)(CC)OC(=O)N,0.36752857126008853,0.15044280894435716,0.35962685651374604
Encephabol,CC1=NC=C(C(=C1O)CO)CSSCC2=CN=C(C(=C2CO)O)C.Cl,0.20325260072955598,0.22595582822937088,0.23497495704467478
Entacapone,CCN(CC)C(=O)C(=CC1=CC(=C(C(=C1)O)O)[N+](=O)[O-])C#N,0.5091506216277384,0.364202896030386,0.5237549717355687
EPA,CCC=CCC=CCC=CCC=CCC=CCCCC(=O)O,0.25224167620987414,0.19385811636696335,0.21997870286087054
Epicatechin,C1C(C(OC2=CC(=CC(=C21)O)O)C3=CC(=C(C=C3)O)O)O,0.2818498980203011,0.19744871845083276,0.4507117188962004
Epigallocatechin gallate,C1C(C(OC2=CC(=CC(=C21)O)O)C3=CC(=C(C(=C3)O)O)O)OC(=O)C4=CC(=C(C(=C4)O)O)O,0.258454243084017,0.19649108897996898,0.48336683977717704
Epithalon,CC(C(=O)NC(CCC(=O)O)C(=O)NC(CC(=O)O)C(=O)NCC(=O)O)N,0.1571426323208916,0.2577988316096213,0.15309738556760702
Ergocalciferol,CC(C)C(C)C=CC(C)C1CCC2C1(CCCC2=CC=C3CC(CCC3=C)O)C,0.2454301226055646,0.21015541447342936,0.41409901954082956
Ergoloid mesylate,CCC(C)(C)C1C(=O)N2CCCC2C3(N1C(=O)C(O3)(C(C)C)NC(=O)C4CC5C(CC6=CNC7=CC=CC5=C67)N(C4)C)O,0.12424546812949995,0.2865415606462511,0.11026138149193686
Ergoloid mesylates,CCC(C)(C)C1C(=O)N2CCCC2C3(N1C(=O)C(O3)(C(C)C)NC(=O)C4CC5C(CC6=CNC7=CC=CC5=C67)N(C4)C)O,0.12424546812949995,0.2865415606462511,0.11026138149193686
Ethyl acetoacetate,CCOC(=O)CC(=O)C,0.46745796069610984,0.15251096132821934,0.48562128910162483
Etifoxine,CCN=C1NC2=C(C=C(C=C2)Cl)C(O1)(C)C3=CC=CC=C3,0.32142795278777603,0.3288972069583151,0.2739215076414319
Etiracetam,CCC(C(=O)N)N1CCCC1=O,0.19210845249808528,0.21709847176293146,0.20688398373124225
Etoricoxib,CC1=NC=C(C=C1)C2=C(C=C(C=N2)Cl)C3=CC=C(C=C3)S(=O)(=O)C,0.21935282358587385,0.10468550473845775,0.2412425911021355
Eurycomanone,CC1=CC(=O)C(C2(C1CC3C45C2C(C(C(=C)C4(C(C(=O)O3)O)O)O)(OC5)O)C)O,0.28903313656580204,0.35333957895400453,0.3942603530715229
Eutropoflavin,CN(C)C1=CC=C(C=C1)C2=CC(=O)C3=C(O2)C(=C(C=C3)O)O,0.34596298695539934,0.21800210386631455,0.3921229758938438
Evodiamine,CN1C2C3=C(CCN2C(=O)C4=CC=CC=C41)C5=CC=CC=C5N3,0.11083131150814106,0.4419332099803463,0.0969512773596494
Fabomotizole,CCOC1=CC2=C(C=C1)N=C(N2)SCCN3CCOCC3,0.08658676485092752,0.2817951957562986,0.1491991980785011
Farampator,C1CCN(CC1)C(=O)C2=CC3=NON=C3C=C2,0.12178777292019381,0.1939697209212345,0.16811624377858195
Fasoracetam,C1CCN(CC1)C(=O)C2CCC(=O)N2,0.2086304925868198,0.15892662150097814,0.1883597021065106
Fenbendazole,COC(=O)NC1=NC2=C(N1)C=C(C=C2)SC3=CC=CC=C3,0.0903139447113295,0.07111457602937206,0.2526171061685899
Fenozolone,CCN=C1NC(=O)C(O1)C2=CC=CC=C2,0.28441333314635464,0.19825673086859816,0.24567691003768705
Ferulic Acid,COC1=C(C=CC(=C1)C=CC(=O)O)O,0.34819409675581064,0.20830580355605244,0.2790730255070965
FGIN-1-27,CCCCCCN(CCCCCC)C(=O)CC1=C(NC2=CC=CC=C21)C3=CC=C(C=C3)F,0.1574117711050042,0.35527770980969714,0.22807365146207434
Fisetin,C1=CC(=C(C=C1C2=C(C(=O)C3=C(O2)C=C(C=C3)O)O)O)O,0.36088108500936367,0.1595979900536999,0.6487672655559664
Fladrafinil,C1=CC(=CC=C1C(C2=CC=C(C=C2)F)S(=O)CC(=O)NO)F,0.15035303902751274,0.4720300964469427,0.24661143854300657
Flavin Mononucleotide,CC1=CC2=C(C=C1C)N(C3=NC(=O)NC(=O)C3=N2)CC(C(C(COP(=O)(O)O)O)O)O,0.08330217558066176,0.07939879598490485,0.10871415238435123
Flmodafinil,C1=CC(=CC=C1C(C2=CC=C(C=C2)F)S(=O)CC(=O)N)F,0.15692858722744324,0.42445103440405746,0.2229509279666778
Fluorafinil,C1=CC(=CC=C1C(C2=CC=C(C=C2)F)S(=O)CC(=O)NO)F,0.15035303902751274,0.4720300964469427,0.24661143854300654
Fluorenol,C1=CC=C2C(=C1)C(C3=CC=CC=C32)O,0.43777203143326743,0.25123670994186487,0.556515285963688
Flupirtine,CCOC(=O)NC1=C(N=C(C=C1)NCC2=CC=C(C=C2)F)N,0.13975871802643025,0.14144185384876357,0.1642484437974261
FMN,CC1=CC2=C(C=C1C)N(C3=NC(=O)NC(=O)C3=N2)CC(C(C(COP(=O)(O)O)O)O)O,0.08330217558066176,0.07939879598490485,0.10871415238435123
Folate,C1=CC(=CC=C1C(=O)NC(CCC(=O)O)C(=O)O)NCC2=CN=C3C(=N2)C(=O)NC(=N3)N,0.161735629861655,0.279188743066464,0.07814784358693058
Folic Acid,C1=CC(=CC=C1C(=O)NC(CCC(=O)O)C(=O)O)NCC2=CN=C3C(=N2)C(=O)NC(=N3)N,0.161735629861655,0.279188743066464,0.07814784358693058
Folinic Acid,C1C(N(C2=C(N1)N=C(NC2=O)N)C=O)CNC3=CC=C(C=C3)C(=O)NC(CCC(=O)O)C(=O)O,0.09415617634647606,0.17239934022744066,0.075885055514421
Fonturacetam,C1C(CN(C1=O)CC(=O)N)C2=CC=CC=C2,0.10075037783518426,0.49850667243820146,0.12945306846156482
Forskolin,CC(=O)OC1C(C2C(CCC(C2(C3(C1(OC(CC3=O)(C)C=C)C)O)C)O)(C)C)O,0.2834849370852731,0.17352538144830723,0.3895330326120227
Fosigotifator,C1CC2(CCC1(CC2OCOP(=O)(O)O)NC(=O)COC3=CC(=C(C=C3)Cl)F)NC(=O)COC4=CC(=C(C=C4)Cl)F,0.12095083820613318,0.16190514435659015,0.2492178897593883
Fucoxanthin,CC(=CC=CC=C(C)C=CC=C(C)C(=O)CC12C(CC(CC1(O2)C)O)(C)C)C=CC=C(C)C=C=C3C(CC(CC3(C)O)OC(=O)C)(C)C,0.22500574274131588,0.23215069575816963,0.31334407387385105
Furosemide,C1=COC(=C1)CNC2=CC(=C(C=C2C(=O)O)S(=O)(=O)N)Cl,0.11217128935993463,0.15643915882398177,0.1412835974910415
Fursultiamine,CC1=NC=C(C(=N1)N)CN(C=O)C(=C(CCO)SSCC2CCCO2)C,0.17508706575796767,0.17876336929816758,0.1908232391724478
Gabapentin Ethyl Ester,CCOC(=O)CC1(CCCCC1)CN,0.31055257215100035,0.2355645428439615,0.40203694767822123
Galavit,C1=CC2=C(C(=C1)N)C(=O)N[N-]C2=O.[Na+],0.5247855460064376,0.2093225195949264,0.31313241114662316
Gallic acid,C1=C(C=C(C(=C1O)O)O)C(=O)O,0.30484399848386695,0.09744142406233024,0.39912424203575225
Gamma Aminobutyric Acid,C(CC(=O)O)CN,0.21994386090232182,0.31222802740289046,0.23210853626493955
Gamma-aminobutyric acid,C(CC(=O)O)CN,0.21994386090232182,0.31222802740289046,0.23210853626493955
Gamma-Linolenic Acid,CCCCCC=CCC=CCC=CCCCCC(=O)O,0.24042699837620563,0.16654238862060486,0.19491550961116683
GBR 12935 dihydrochloride,C1CN(CCN1CCCC2=CC=CC=C2)CCOC(C3=CC=CC=C3)C4=CC=CC=C4.Cl.Cl,0.07733029567879615,0.4747279557683273,0.15673549168880568
GHK-Cu,C1=C(N=CN1)CC(C(=O)NC(CCCCN)C(=O)[O-])[N-]C(=O)C[NH-].[Cu+2],0.16887313179733116,0.21041780773258004,0.19741850815598347
Ghrelin,CCCCCCCC(=O)OCC(C(=O)NC(CC1=CC=CC=C1)C(=O)NC(CC(C)C)C(=O)NC(CO)C(=O)N2CCCC2C(=O)NC(CCC(=O)O)C(=O)NC(CC3=CNC=N3)C(=O)NC(CCC(=O)N)C(=O)NC(CCCNC(=N)N)C(=O)NC(C(C)C)C(=O)NC(CCC(=O)N)C(=O)NC(CCC(=O)N)C(=O)NC(CCCNC(=N)N)C(=O)NC(CCCCN)C(=O)NC(CCC(=O)O)C(=O)NC(CO)C(=O)NC(CCCCN)C(=O)NC(CCCCN)C(=O)N4CCCC4C(=O)N5CCCC5C(=O)NC(C)C(=O)NC(CCCCN)C(=O)NC(CC(C)C)C(=O)NC(CCC(=O)N)C(=O)N6CCCC6C(=O)NC(CCCNC(=N)N)C(=O)O)NC(=O)C(CO)NC(=O)CN,0.07900641186664269,0.33059466997978165,0.17229435173234525
Ginsenoside Rb1,CC(=CCCC(C)(C1CCC2(C1C(CC3C2(CCC4C3(CCC(C4(C)C)OC5C(C(C(C(O5)CO)O)O)OC6C(C(C(C(O6)CO)O)O)O)C)C)O)C)OC7C(C(C(C(O7)COC8C(C(C(C(O8)CO)O)O)O)O)O)O)C,0.2336524633606101,0.17552470959277,0.2824343914459886
Ginsenoside Rg1,CC(=CCCC(C)(C1CCC2(C1C(CC3C2(CC(C4C3(CCC(C4(C)C)O)C)OC5C(C(C(C(O5)CO)O)O)O)C)O)C)OC6C(C(C(C(O6)CO)O)O)O)C,0.220974059347593,0.1518460555726653,0.27204542996762954
Glaucine,CN1CCC2=CC(=C(C3=C2C1CC4=CC(=C(C=C43)OC)OC)OC)OC,0.1431809806126354,0.4076607725160715,0.18445945841485067
Glucosamine,C(C1C(C(C(C(O1)O)N)O)O)O,0.3718648213096691,0.1040071905417533,0.2265320762231177
Glucosaminylmuramyl dipeptide,CC(C(=O)NC(CCC(=O)N)C(=O)O)NC(=O)C(C)OC1C(C(OC(C1OC2C(C(C(C(O2)CO)O)O)N)CO)O)NC(=O)C,0.1449076295351311,0.14615611786039967,0.13523485011125774
Glutamate,C(CC(=O)O)C(C(=O)O)N,0.22524356996280315,0.33756207052363346,0.15887315139044264
Glutamic acid,C(CC(=O)O)C(C(=O)O)N,0.22524356996280315,0.33756207052363346,0.15887315139044264
Glutathione,C(CC(=O)NC(CS)C(=O)NCC(=O)O)C(C(=O)O)N,0.16718528926356324,0.286636274559747,0.12977419351384928
Glutoxim,[H+].[H+].C(CC(=O)NC(CSSCC(C(=O)NCC(=O)[O-])NC(=O)CCC(C(=O)[O-])N)C(=O)NCC(=O)[O-])C(C(=O)[O-])N.[Na+].[Na+],0.3114657923798761,0.2766511151847065,0.30022514775256676
Glycine,C(C(=O)O)N,0.3817530036619213,0.2037685603392134,0.2583194159311304
Glycine Propionyl-L-Carnitine,CCC(=O)OC(CC(=O)[O-])C[N+](C)(C)C.C(C(=O)O)N,0.3961675047624976,0.3464466202863179,0.29317884872750405
Gonadorelin,CC(C)CC(C(=O)NC(CCCN=C(N)N)C(=O)N1CCCC1C(=O)NCC(=O)N)NC(=O)CNC(=O)C(CC2=CC=C(C=C2)O)NC(=O)C(CO)NC(=O)C(CC3=CNC4=CC=CC=C43)NC(=O)C(CC5=CN=CN5)NC(=O)C6CCC(=O)N6,0.10553128122476771,0.3607531732412699,0.2887024669283241
GPLC,CCC(=O)OC(CC(=O)[O-])C[N+](C)(C)C.CCC(=O)OC(CC(=O)[O-])C[N+](C)(C)C.C(C(=O)[O-])[NH3+].C(C(=O)[O-])[NH3+],0.5255499455721702,0.3651469206101068,0.4575864787298485
Gramine,CN(C)CC1=CNC2=CC=CC=C21,0.2897945524279804,0.6908726173888187,0.25968564524539717
GSK2606414,CN1C=C(C2=C(N=CN=C21)N)C3=CC4=C(C=C3)N(CC4)C(=O)CC5=CC(=CC=C5)C(F)(F)F,0.09414402260615672,0.221212647494893,0.122622773242867
Halostachine,CNCC(C1=CC=CC=C1)O,0.1670067454268885,0.241785463793524,0.2734916192154111
Harman,CC1=NC=CC2=C1NC3=CC=CC=C23,0.39975759396709043,0.3012666931976142,0.2777505005522088
HBT1,CC1=CC(=NN1CC(=O)NC2=C(C3=C(S2)CCCC3)C(=O)N)C(F)(F)F,0.07664443717775095,0.20909145646649205,0.16226971838061177
Heliohydroxylamine,CC(CC1=CC2=C(C=C1)OCO2)CNO,0.2038835763926272,0.6988237130390915,0.1997579798704399
Heliomethylamine,CC(CC1=CC2=C(C=C1)OCO2)CNC,0.278303570997714,0.7465694236189261,0.21892314781024858
Hesperidin,CC1C(C(C(C(O1)OCC2C(C(C(C(O2)OC3=CC(=C4C(=O)CC(OC4=C3)C5=CC(=C(C=C5)OC)O)O)O)O)O)O)O)O,0.16002073539665188,0.1755949976103891,0.27776058936028786
Higenamine,C1CNC(C2=CC(=C(C=C21)O)O)CC3=CC=C(C=C3)O,0.2169153404445455,0.21430950525073858,0.36241314657829027
Higenamine HCl,C1CNC(C2=CC(=C(C=C21)O)O)CC3=CC=C(C=C3)O.Cl,0.22772374335116272,0.3085493233872671,0.36241314657829027
Histidine,C1=C(NC=N1)CC(C(=O)O)N,0.19154719694024208,0.2646154125595508,0.15730375798999865
Hodgkinsine,CN1CCC2(C1NC3=CC=CC=C32)C4=C5C(=CC=C4)C6(CCN(C6N5)C)C78CCN(C7NC9=CC=CC=C89)C,0.1354939541314559,0.443311517901654,0.13765044127227427
Honokiol,C=CCC1=CC(=C(C=C1)O)C2=CC(=C(C=C2)O)CC=C,0.39237476605216853,0.22828049050049962,0.46811980757195903
Hopantenic acid,CC(C)(CO)C(C(=O)NCCCC(=O)O)O,0.16694180158823899,0.1434933188110214,0.14546381943154466
Hordenine,CN(C)CCC1=CC=C(C=C1)O,0.2819427272162336,0.34900790722099695,0.4423549521346427
Hordenine HCl,CN(C)CCC1=CC=C(C=C1)O.Cl,0.3024407162010238,0.43601500828183026,0.4423549521346427
Horsfiline,CN1CCC2(C1)C3=C(C=CC(=C3)OC)NC2=O,0.17815496924737867,0.44873150537102435,0.13419978698475551
Huperzine A,CC=C1C2CC3=C(C1(CC(=C2)C)N)C=CC(=O)N3,0.32247832402751647,0.27759545910161226,0.2616721944043039
Huperzine-A,CC=C1C2CC3=C(C1(CC(=C2)C)N)C=CC(=O)N3,0.32247832402751647,0.27759545910161226,0.2616721944043039
Huperzine B,CC1=CC2CC3=C(C=CC(=O)N3)C4(C1)C2CCCN4,0.31779561563637637,0.3246854231809407,0.2690205060379131
Hydergine,CC(C)C1C(=O)N2CCCC2C3(N1C(=O)C(O3)(C(C)C)NC(=O)C4CC5C(CC6=CNC7=CC=CC5=C67)N(C4)C)O.CS(=O)(=O)O,0.13774994121236797,0.30736028013827715,0.11514712376140214
Hydroxocobalamin,CC1=CC2=C(C=C1C)N(C=N2)C3C(C(C(O3)CO)OP(=O)([O-])OC(C)CNC(=O)CCC4(C(C5C6(C(C(C(=N6)C(=C7C(C(C(=N7)C=C8C(C(C(=N8)C(=C4[N-]5)C)CCC(=O)N)(C)C)CCC(=O)N)(C)CC(=O)N)C)CCC(=O)N)(C)CC(=O)N)C)CC(=O)N)C)O.[OH-].[Co+3],0.14609517499745941,0.20006883313790433,0.18053950621223344
Icariin,CC1C(C(C(C(O1)OC2=C(OC3=C(C2=O)C(=CC(=C3CC=C(C)C)OC4C(C(C(C(O4)CO)O)O)O)O)C5=CC=C(C=C5)OC)O)O)O,0.23337964965540375,0.1383304387536727,0.2106284798179066
Idebenone,CC1=C(C(=O)C(=C(C1=O)OC)OC)CCCCCCCCCCO,0.2320621056174682,0.16501844190921677,0.19834046092454666
Idra-21,CC1NC2=C(C=C(C=C2)Cl)S(=O)(=O)N1,0.3571784365924339,0.2800684424841487,0.28071731013161455
Imidazenil,C1C2=C(N=CN2C3=C(C=C(C=C3)F)C(=N1)C4=CC=CC=C4Br)C(=O)N,0.12324723832874565,0.3552795490127981,0.19517655725733404
Imunofan,CC(C)C(C(=O)NC(CC1=CC=C(C=C1)O)C(=O)NC(CCCN=C(N)N)C(=O)O)NC(=O)C(CCCCN)NC(=O)C(CC(=O)O)NC(=O)C(CCCN=C(N)N)N,0.1480294962572691,0.3382914681675226,0.2913891422824826
Indole-3-carboxaldehyde,C1=CC=C2C(=C1)C(=CN2)C=O,0.5177662376916072,0.48132685831539057,0.44302296573122346
Inosine Pranobex,CC(CN(C)C)O.CC(CN(C)C)O.CC(CN(C)C)O.CC(=O)NC1=CC=C(C=C1)C(=O)O.CC(=O)NC1=CC=C(C=C1)C(=O)O.CC(=O)NC1=CC=C(C=C1)C(=O)O.C1=NC2=C(C(=O)N1)N=CN2C3C(C(C(O3)CO)O)O,0.10069994495638428,0.15431188798223042,0.10030604872703193
Inositol,C1(C(C(C(C(C1O)O)O)O)O)O,0.6268565357703393,0.1658728519909894,0.5604480753437475
Iodine,II,0.8810099972768056,0.28386965811167403,0.7054573305002242
Iron,[Fe],0.8761737259028188,0.29161100142581875,0.7303049676446932
Isoamyl acetate,CC(C)CCOC(=O)C,0.42812523911175426,0.19903268187344897,0.48192843742450153
Isoamyl bromide,CC(C)CCBr,0.6202939132051692,0.3406247058800867,0.5120344817700283
Isoamyl iodide,CC(C)CCI,0.6063558896766909,0.35796173711662943,0.48795305518464294
Isoamyl salicylate,CC(C)CCOC(=O)C1=CC=CC=C1O,0.30498765038574116,0.12463662383029865,0.697320934539996
Isopropamphproamine,CC(C)NC(C)CCC1=CC=CC=C1,0.20961246653863164,0.41159460774841267,0.19121215155989496
Isopropylnorsynephrine,CC(C)NCC(C1=CC=C(C=C1)O)O,0.12645662691734932,0.08902786382959242,0.4537295999702916
Isotretinoin,CC1=C(C(CCC1)(C)C)C=CC(=CC=CC(=CC(=O)O)C)C,0.19345742095360502,0.14235424031923077,0.1733269048874013
Isovitexin,C1=CC(=CC=C1C2=CC(=O)C3=C(O2)C=C(C(=C3O)C4C(C(C(C(O4)CO)O)O)O)O)O,0.23175764136897625,0.14373151580932794,0.3296043397262165
ISRIB,C1CC(CCC1NC(=O)COC2=CC=C(C=C2)Cl)NC(=O)COC3=CC=C(C=C3)Cl,0.15830264520585424,0.16359948202445324,0.2326902533929472
Istradefylline,CCN1C2=C(C(=O)N(C1=O)CC)N(C(=N2)C=CC3=CC(=C(C=C3)OC)OC)C,0.15951311455366038,0.24938277607558237,0.16030749986873435
ISX-9,C1CC1NC(=O)C2=NOC(=C2)C3=CC=CS3,0.12059391947349166,0.17428025039055978,0.1444375802364631
Itopride,CN(C)CCOC1=CC=C(C=C1)CNC(=O)C2=CC(=C(C=C2)OC)OC,0.10445353035908857,0.18663225596974337,0.12218915710840102
ITPP,C12C(C3C(C4C1OP(=O)(OP(=O)(O4)O)O)OP(=O)(OP(=O)(O3)O)O)OP(=O)(OP(=O)(O2)O)O,0.6065598364342414,0.18004874379426192,0.4901523044859431
J-147,CC1=CC(=C(C=C1)N(C(=O)C(F)(F)F)N=CC2=CC(=CC=C2)OC)C,0.27538867721417637,0.2491598921514049,0.4650227515511986
J147,CC1=CC(=C(C=C1)N(C(=O)C(F)(F)F)N=CC2=CC(=CC=C2)OC)C,0.2753886772141763,0.24915989215140497,0.4650227515511986
Kavain,COC1=CC(=O)OC(C1)C=CC2=CC=CC=C2,0.3313543424125854,0.34138845169961257,0.3265363540605054
Kelp,COC1=CC=C(C=C1)CCN2CCC(CC2)NC3=NC4=CC=CC=C4N3CC5=CC=C(C=C5)F,0.0531129792599533,0.39289195654206016,0.13395951818930857
Ketorolac,C1CN2C(=CC=C2C(=O)C3=CC=CC=C3)C1C(=O)O,0.15328693481670708,0.1854552147579495,0.19075373903160556
Kisspeptin,CCC(C)C(C(=O)N1CCCC1C(=O)NC(C)C(=O)N2CCCC2C(=O)NC(CCC(=O)N)C(=O)NCC(=O)NC(C)C(=O)NC(C(C)C)C(=O)NC(CC(C)C)C(=O)NC(C(C)C)C(=O)NC(CCC(=O)N)C(=O)NC(CCCNC(=N)N)C(=O)NC(CCC(=O)O)C(=O)NC(CCCCN)C(=O)NC(CC(=O)O)C(=O)NC(CC(C)C)C(=O)N3CCCC3C(=O)NC(CC(=O)N)C(=O)NC(CC4=CC=C(C=C4)O)C(=O)NC(CC(=O)N)C(=O)NC(CC5=CNC6=CC=CC=C65)C(=O)NC(CC(=O)N)C(=O)NC(CO)C(=O)NC(CC7=CC=CC=C7)C(=O)NCC(=O)NC(CC(C)C)C(=O)NC(CCCNC(=N)N)C(=O)NC(CC8=CC=CC=C8)C(=O)N)NC(=O)C(CCC(=O)N)NC(=O)C(CCCNC(=N)N)NC(=O)C(CO)NC(=O)C(CC9=CN=CN9)NC(=O)C1CCCN1C(=O)C(C)NC(=O)C(CO)NC(=O)C(CC(C)C)NC(=O)CNC(=O)C1CCCN1C(=O)C(CCC(=O)N)NC(=O)C(CCC(=O)N)NC(=O)C(CCCNC(=N)N)NC(=O)C(CO)NC(=O)CNC(=O)C(CO)NC(=O)C(CO)NC(=O)C(CCC(=O)O)NC(=O)C1CCCN1C(=O)C1CCCN1C(=O)C1CCCN1C(=O)C(CO)NC(=O)C(CC(C)C)NC(=O)C(CO)NC(=O)C(C(C)O)NC(=O)CN,0.09087695605703755,0.45965460462381263,0.22801002989517208
KPV,C1=CC=C(C=C1)CCCC(=O)C(=O)O,0.24445667043778688,0.3279579628023136,0.238583529649842
L1B,CCC1=C(C(=NC(=N1)N)N)C2=CC3=C(C=CC=[N+]3CCCOC)C=C2,0.3310548967946187,0.28839614364130584,0.3104635572944742
L2A,CCCC(C)NC(=O)C1CN(C2CC3=CNC4=CC=CC(=C34)C2=C1)C.C(C(C(=O)O)O)(C(=O)O)O,0.07655336795048172,0.6013986020756591,0.09756385448017153
L-Alanine,CC(C(=O)O)N,0.38518119964060404,0.1926134538889867,0.29573549570092983
LAMPA,CCCN(C)C(=O)C1CN(C2CC3=CNC4=CC=CC(=C34)C2=C1)C,0.12640665615826274,0.7941546849555392,0.14487879504761852
Lanicemine,C1=CC=C(C=C1)C(CC2=CC=CC=N2)N,0.2663308166069301,0.25150085997547245,0.2190498435731762
L-arabinose,C1C(C(C(C(O1)O)O)O)O,0.4707934514416898,0.12879749343905955,0.40905441176883284
L-Arginine,C(CC(C(=O)O)N)CN=C(N)N,0.29373979843158193,0.2523415234472954,0.18923132421496974
L-Asparagine,C(C(C(=O)O)N)C(=O)N,0.3329588860496807,0.2461152619642183,0.18107749944287105
L-aspartic acid,C(C(C(=O)O)N)C(=O)O,0.31476528167225376,0.23383253048628788,0.155191278089465
Lazabemide,C1=CC(=NC=C1Cl)C(=O)NCCN,0.14214661558302832,0.14650148449636594,0.17477331657121595
L-Carnitine,C[N+](C)(C)CC(CC(=O)[O-])O,0.5670997623665012,0.306481274273856,0.38974672696742213
L-Carnosine,C1=C(NC=N1)CC(C(=O)O)NC(=O)CCN,0.12275660959175451,0.3922944255977508,0.11737499880812774
L-Citrulline,C(CC(C(=O)O)N)CNC(=O)N,0.21528551497458648,0.2206532425891954,0.17563696756123132
LCyP,CN1CC(C=C2C1CC3=CNC4=CC=CC2=C34)C(=O)NC5CCCC5,0.09313714488774352,0.584822325727847,0.10112068898217624
L-Cysteine,C(C(C(=O)O)N)S,0.3545792599544854,0.2579676804181663,0.2227676033905439
L-DOPA,C1=CC(=C(C=C1CC(C(=O)O)N)O)O,0.17535258731515005,0.19329842915769482,0.2544243374311227
LDP,C1=CC(=C(C=C1CCN)O)O,0.29883515453325826,0.3661726251723704,0.4402060223238471
LDsB,CCC(C)N(C(C)CC)C(=O)C1CN(C2CC3=CNC4=CC=CC(=C34)C2=C1)C.C(=CC(=O)O)C(=O)O,0.1099553390903449,0.7749816024201038,0.12752840328185766
Lecithin,CCCCCCCCCCCCCCCC(=O)OCC(COP(=O)([O-])OCC[N+](C)(C)C)OC(=O)CCCCCCCC=CCC=CCCCCC,0.3740307868022225,0.24640014084851639,0.44911735492537247
LEMA,CCN(C)C(=O)C1CN(C2CC3=CNC4=CC=CC(=C34)C2=C1)C,0.102108025902051,0.7692104343748517,0.12461074497401421
Lespedamine,CN(C)CCC1=CN(C2=CC=CC=C21)OC,0.1919441902831067,0.521804839557502,0.19848458134312724
Levetiracetam,CCC(C(=O)N)N1CCCC1=O,0.19210845249808528,0.21709847176293143,0.20688398373124225
Levocarnitine,C[N+](C)(C)CC(CC(=O)[O-])O,0.5670997623665012,0.306481274273856,0.38974672696742213
L-Glutamine,C(CC(=O)N)C(C(=O)O)N,0.2795528312303487,0.3137216320004781,0.1914666645677083
L-Histidine,C1=C(NC=N1)CC(C(=O)O)N,0.19154719694024208,0.2646154125595508,0.15730375798999865
L-Homoarginine,C(CCN=C(N)N)CC(C(=O)O)N,0.2967807061321205,0.24150230486904245,0.18969602425142384
LiB,CC(C(C)(C)O)NC1=NC=CC(=N1)N(C2=CC=C(C=C2)OC)C(=O)NC3=CC=CC=C3Cl,0.1417373859687223,0.16003264776512402,0.2926256860822047
Lidocaine,CCN(CC)CC(=O)NC1=C(C=CC=C1C)C,0.12117912689782738,0.08107296774450036,0.1961141385003094
L-Isoleucine,CCC(C)C(C(=O)O)N,0.32669550637705796,0.17455422698419384,0.3015335001450315
Lithium,[Li],0.8044053635172209,0.2847618530627745,0.6539171303502946
Lithium Carbonate,[Li+].[Li+].C(=O)([O-])[O-],0.7300718046415422,0.1546140823351764,0.5184456526499698
Lithium orotate,[Li+].C1=C(NC(=O)NC1=O)C(=O)[O-],0.39800079075989925,0.16163603590287742,0.32415341761750843
Littorine,CN1C2CCC1CC(C2)OC(=O)C(CC3=CC=CC=C3)O,0.06939608685129514,0.31324919908867593,0.10735589969432847
LL-37,CCC(C)C(C(=O)NCC(=O)NC(CCCCN)C(=O)NC(CCC(=O)O)C(=O)NC(CC1=CC=CC=C1)C(=O)NC(CCCCN)C(=O)NC(CCCNC(=N)N)C(=O)NC(C(C)CC)C(=O)NC(C(C)C)C(=O)NC(CCC(=O)N)C(=O)NC(CCCNC(=N)N)C(=O)NC(C(C)CC)C(=O)NC(CCCCN)C(=O)NC(CC(=O)O)C(=O)NC(CC2=CC=CC=C2)C(=O)NC(CC(C)C)C(=O)NC(CCCNC(=N)N)C(=O)NC(CC(=O)N)C(=O)NC(CC(C)C)C(=O)NC(C(C)C)C(=O)N3CCCC3C(=O)NC(CCCNC(=N)N)C(=O)NC(C(C)O)C(=O)NC(CCC(=O)O)C(=O)NC(CO)C(=O)O)NC(=O)C(CCCCN)NC(=O)C(CCC(=O)O)NC(=O)C(CCCCN)NC(=O)C(CO)NC(=O)C(CCCCN)NC(=O)C(CCCNC(=N)N)NC(=O)C(CC4=CC=CC=C4)NC(=O)C(CC5=CC=CC=C5)NC(=O)C(CC(=O)O)NC(=O)CNC(=O)C(CC(C)C)NC(=O)C(CC(C)C)N,0.09112672589142413,0.3120887266352736,0.19003606135316573
L-Leucine,CC(C)CC(C(=O)O)N,0.28178417203806977,0.2672356255721679,0.2669283421648149
L-Lysine,C(CCN)CC(C(=O)O)N,0.20772189793464654,0.28159993983958803,0.17980641730604335
L-Methionine,CSCCC(C(=O)O)N,0.24332758963733625,0.34311871930471405,0.20975051847718426
L-Methylfolate,CN1C(CNC2=C1C(=O)NC(=N2)N)CNC3=CC=C(C=C3)C(=O)NC(CCC(=O)O)C(=O)O,0.09088060280536264,0.19850893644053294,0.0905750063099953
L-Norvaline,CCCC(C(=O)O)N,0.2767363725928505,0.2824896248845855,0.23710839727094643
L-Ornithine,C(CC(C(=O)O)N)CN,0.20891989717533715,0.276408227838007,0.17085292515903444
Losartan,CCCCC1=NC(=C(N1CC2=CC=C(C=C2)C3=CC=CC=C3C4=NNN=N4)CO)Cl,0.11347937492500644,0.1274612978016848,0.13653086660334965
L-Phenylalanine,C1=CC=C(C=C1)CC(C(=O)O)N,0.17726253900868938,0.3358472143839666,0.14408988757107885
L-Proline,C1CC(NC1)C(=O)O,0.40844012926821877,0.18310720507222059,0.25646219665126563
L-Pyroglutamic Acid,C1CC(=O)NC1C(=O)O,0.26576504133575013,0.12998623397742157,0.20913343871797166
LSB,CCCCC1=C2CC3C(=CC(CN3C)C(=O)N)C4=C2C(=CC=C4)N1,0.16459204236740907,0.46647354096530674,0.17818912862599434
L-Serine,C(C(C(=O)O)N)O,0.36121414346027786,0.21405048744029384,0.23495956984969607
LSP,CC(=O)OCC(COP(=O)(O)OCC[NH3+])O,0.40899164197970295,0.1911965689184206,0.3822522981364396
L-Threonine,CC(C(C(=O)O)N)O,0.311269131282325,0.12054920824435919,0.21709394010701885
L-Tryptophan,C1=CC=C2C(=C1)C(=CN2)CC(C(=O)O)N,0.11783089301168952,0.5120049589190059,0.14820286836817037
Lutein,CC1=C(C(CC(C1)O)(C)C)C=CC(=CC=CC(=CC=CC=C(C)C=CC=C(C)C=CC2C(=CC(CC2(C)C)O)C)C)C,0.2193969001844572,0.1918841977573571,0.3138113763328352
Luteolin,C1=CC(=C(C=C1C2=CC(=O)C3=C(C=C(C=C3O2)O)O)O)O,0.34928796618515356,0.18399733552410907,0.5517569304376179
L-Valine,CC(C)C(C(=O)O)N,0.3876817671152353,0.17285807434339737,0.3114161086456809
LY-503430,CC(C)S(=O)(=O)NCC(C)(C1=CC=C(C=C1)C2=CC=C(C=C2)C(=O)NC)F,0.15406172449325253,0.187482077036727,0.3113439134489783
Lycopene,CC(=CCCC(=CC=CC(=CC=CC(=CC=CC=C(C)C=CC=C(C)C=CC=C(C)CCC=C(C)C)C)C)C)C,0.5133596896663093,0.14805774825150567,0.3653006747748237
Lysergol,CN1CC(C=C2C1CC3=CNC4=CC=CC2=C34)CO,0.1511756122615816,0.6315597372288274,0.13022960847094678
Magnesium,[Mg],0.8796476717883966,0.2850263745295844,0.7021587649754965
Magnesium citrate,C(C(=O)[O-])C(CC(=O)[O-])(C(=O)[O-])O.C(C(=O)[O-])C(CC(=O)[O-])(C(=O)[O-])O.[Mg+2].[Mg+2].[Mg+2],0.667150097339157,0.2646511355967286,0.5799678836130348
Magnesium Glycerophosphate,C(C(COP(=O)([O-])[O-])O)O.[Mg+2],0.5471458692193351,0.19666185210906428,0.4310185227977134
Magnesium Glycinate,C(C(=O)[O-])N.C(C(=O)[O-])N.[Mg+2],0.540144403984166,0.28143935713510293,0.43677990638643827
Magnesium L-Threonate,C(C(C(C(=O)[O-])O)O)O.C(C(C(C(=O)[O-])O)O)O.[Mg+2],0.485741066747515,0.20058485967014036,0.2707689310687874
Magnesium Pidolate,C1CC(=O)NC1C(=O)[O-].C1CC(=O)NC1C(=O)[O-].[Mg+2],0.3486605155372604,0.2009984970140265,0.26821868554676426
Magnesium threonate,C(C(C(C(=O)[O-])O)O)O.C(C(C(C(=O)[O-])O)O)O.[Mg+2],0.485741066747515,0.20058485967014036,0.2707689310687874
Magnolol,C=CCC1=CC(=C(C=C1)O)C2=C(C=CC(=C2)CC=C)O,0.4567391252693047,0.1960959593393393,0.45101698481105834
Mandelic acid,C1=CC=C(C=C1)C(C(=O)O)O,0.3145876331024558,0.11799946331268489,0.33133674067293073
Manganese,[Mn],0.8876705438050979,0.28501361258222946,0.7476507550923006
Matrine,C1CC2C3CCCN4C3C(CCC4)CN2C(=O)C1,0.27221080064430386,0.31306974654038044,0.2332554631754659
Mebendazole,COC(=O)NC1=NC2=C(N1)C=C(C=C2)C(=O)C3=CC=CC=C3,0.09944459959346759,0.09194337148066697,0.23844389651927614
Mebicar,CN1C2C(N(C1=O)C)N(C(=O)N2C)C,0.3743972208148709,0.17950167756683946,0.29239585834703613
Megestrol,CC1=CC2C(CCC3(C2CCC3(C(=O)C)O)C)C4(C1=CC(=O)CC4)C,0.33584571879556846,0.19399097476651148,0.675503398774228
Melanin,CC1=C2C3=C(C4=CNC5=C(C(=O)C(=O)C(=C45)C3=CN2)C)C(=O)C1=O,0.49347958897021704,0.29000119394996093,0.40318068022692044
Meloxicam,CC1=CN=C(S1)NC(=O)C2=C(C3=CC=CC=C3S(=O)(=O)N2C)O,0.09701947617885891,0.13409397370639403,0.11650193958783792
Menaquinone,CC1=C(C(=O)C2=CC=CC=C2C1=O)CC=C(C)CCC=C(C)CCC=C(C)CCC=C(C)CCC=C(C)C,0.21555316147464634,0.13681108538106065,0.21639222415042017
Mesembrenone,CN1CCC2(C1CC(=O)C=C2)C3=CC(=C(C=C3)OC)OC,0.1611986111875,0.45471320410126054,0.16140902335673707
Mesembrine,CN1CCC2(C1CC(=O)CC2)C3=CC(=C(C=C3)OC)OC,0.109512676515262,0.45515998295450594,0.13740618018183506
Mesocarb,CC(CC1=CC=CC=C1)[N+]2=NOC(=C2)N=C(NC3=CC=CC=C3)[O-],0.21290793876586242,0.24427641081339097,0.17609332001353034
Metafolin,CN1C(CNC2=C1C(=O)NC(=N2)N)CNC3=CC=C(C=C3)C(=O)NC(CCC(=O)[O-])C(=O)[O-].[Ca+2],0.13041752513996407,0.22493295091291418,0.12329463656966881
Metamizole,CC1=C(C(=O)N(N1C)C2=CC=CC=C2)N(C)CS(=O)(=O)O,0.08275739174484992,0.16424646295340384,0.11988500960455045
Metformin,CN(C)C(=N)N=C(N)N,0.5692847616309847,0.26454955022941506,0.348079274006292
Methylcobalamin,[CH3-].CC1=CC2=C(C=C1C)N(C=N2)C3C(C(C(O3)CO)OP(=O)([O-])OC(C)CNC(=O)CCC4(C(C5C6(C(C(C(=C(C7=NC(=CC8=NC(=C(C4=N5)C)C(C8(C)C)CCC(=O)N)C(C7(C)CC(=O)N)CCC(=O)N)C)[N-]6)CCC(=O)N)(C)CC(=O)N)C)CC(=O)N)C)O.[Co+3],0.1669489820380371,0.18465469941284593,0.22529490859193926
Methylene blue,CN(C)C1=CC2=C(C=C1)N=C3C=CC(=[N+](C)C)C=C3S2.[Cl-],0.4351146618648678,0.27866250760666333,0.4240284139163751
Methylergometrine,CCC(CO)NC(=O)C1CN(C2CC3=CNC4=CC=CC(=C34)C2=C1)C,0.0835142117364373,0.6317728659858161,0.1051093910367695
Methylfolate,COC(=O)CCC(C(=O)O)NC(=O)C1=CC=C(C=C1)NCC2=CN=C3C(=N2)C(=O)NC(=N3)N,0.14401450580396433,0.23529247558114424,0.09954224167359053
Methylliberine,CN1C2=C(N=C(N(C2=O)C)OC)N(C1=O)C,0.30007279619524285,0.34399889640818926,0.21596223714763516
Methyl Lysergate,CN1CC(C=C2C1CC3=CNC4=CC=CC2=C34)C(=O)OC,0.12082281883222441,0.7132423037954984,0.12536193141706917
Methylphenylpiracetam,CC1C(CC(=O)N1CC(=O)N)C2=CC=CC=C2,0.12649022046072814,0.30477688477575443,0.17120642261505437
Methylprednisolone,CC1CC2C3CCC(C3(CC(C2C4(C1=CC(=O)C=C4)C)O)C)(C(=O)CO)O,0.15358539416887418,0.066538993393413,0.246261691716522
Methylsulfonylmethane,CS(=O)(=O)C,0.7650946742230714,0.15254609725463386,0.4984846676894876
Methyltetrahydrofolate,COC(=O)CCC(C(=O)O)NC(=O)C1=CC=C(C=C1)NCC2CNC3=C(N2)C(=O)NC(=N3)N,0.08671985681429333,0.1757587011332545,0.08931379893607927
Methysticin,COC1=CC(=O)OC(C1)C=CC2=CC3=C(C=C2)OCO3,0.4761240116569932,0.47298804332142974,0.28857302154868386
Metoprolol,CC(C)NCC(COC1=CC=C(C=C1)CCOC)O,0.06292524376905409,0.0715100904627468,0.07834148736405061
Mexamine,COC1=CC2=C(C=C1)NC=C2CCN,0.26924865032261386,0.8792268130481851,0.2721119880802918
Mexidol,CCC1=C(C=CC(=N1)C)O.C(CC(=O)O)C(=O)O,0.19432876946943772,0.11252507293692615,0.23792134645268628
Minoxidil,C1CCN(CC1)C2=NC(=N)N(C(=C2)N)O,0.19884991581171557,0.20222014275504321,0.15925397703480626
Mirodenafil,CCCC1=CN(C2=C1N=C(NC2=O)C3=C(C=CC(=C3)S(=O)(=O)N4CCN(CC4)CCO)OCCC)CC,0.08798988889979491,0.39320804373183177,0.10885466141925831
Mirogabalin,CCC1=CC2C(C1)CC2(CC(=O)O)CN,0.21969491486727283,0.19275545929356258,0.23551237157367655
Mitragynine,CCC1CN2CCC3=C(C2CC1C(=COC)C(=O)OC)NC4=C3C(=CC=C4)OC,0.1535033822048792,0.3739692684905001,0.0945903645913021
MK-7,CC1=C(C(=O)C2=CC=CC=C2C1=O)CC=C(C)CCC=C(C)CCC=C(C)CCC=C(C)CCC=C(C)CCC=C(C)CCC=C(C)C,0.21555316147464634,0.13681108538106063,0.21639222415042017
MKC-231,CC1=C(OC2=NC3=C(CCCC3)C(=C12)NC(=O)CN4CCCC4=O)C,0.14539663064339137,0.20022093116307565,0.1635481226913963
Molracetam,COC1=CC=C(C=C1)C(=O)N2CCN(CC2)CC(=O)N3CCOCC3,0.12009377029542302,0.2617166674581533,0.22418468842443648
Molybdenum,[Mo],0.8696713795781669,0.297352855552655,0.7151251557656373
MOTS-C,CCC(C)C(C(=O)NC(CC1=CC=CC=C1)C(=O)NC(CC2=CC=C(C=C2)O)C(=O)N3CCCC3C(=O)NC(CCCNC(=N)N)C(=O)NC(CCCCN)C(=O)NC(CC(C)C)C(=O)NC(CCCNC(=N)N)C(=O)O)NC(=O)C(CC4=CC=C(C=C4)O)NC(=O)CNC(=O)C(CCSC)NC(=O)C(CCC(=O)O)NC(=O)C(CCC(=O)N)NC(=O)C(CC5=CNC6=CC=CC=C65)NC(=O)C(CCCNC(=N)N)NC(=O)C(CCSC)N,0.0684336071570417,0.4483960726545596,0.23329822753039522
MSM,CS(=O)(=O)C,0.7650946742230714,0.15254609725463386,0.4984846676894876
MTEP,CC1=NC(=CS1)C#CC2=CN=CC=C2,0.39609112287016424,0.17254155452998163,0.3786170316985388
Myricetin,C1=C(C=C(C(=C1O)O)O)C2=C(C(=O)C3=C(C=C(C=C3O2)O)O)O,0.3616982904021863,0.1539021535687263,0.6949671965296959
Myristicin aldehyde,COC1=CC(=CC2=C1OCO2)C=O,0.4730714659471122,0.4925245481630419,0.35012776123097866
N-2A-ATHBC,CCCCCC1C2=C(CCN1C(C)CCC)C3=CC=CC=C3N2,0.12916680211667836,0.3968888358613312,0.16210946177236113
N-(2-benzoyl-4-nitrophenyl)-2-chloroacetamide,C1=CC=C(C=C1)C(=O)C2=C(C=CC(=C2)[N+](=O)[O-])NC(=O)CCl,0.4213975767921842,0.3576273827766506,0.43090210284080194
N-Acetyl Cysteine,CC(=O)NC(CS)C(=O)O,0.32970758467986827,0.29117310809620034,0.214290356057179
N-Acetyl L-Tyrosine,CC(=O)NC(CC1=CC=C(C=C1)O)C(=O)O,0.15330223968731385,0.2636844764971803,0.3355658502241557
N-Acetyl Semax,CC(=O)NC(CCSC)C(=O)NC(CCC(=O)O)C(=O)NC(CC1=CN=CN1)C(=O)NC(CC2=CC=CC=C2)C(=O)N3CCCC3C(=O)NCC(=O)N4CCCC4C(=O)N,0.09340846521293895,0.4642618537567478,0.1461628558989452
NAD+,C1=CC(=C[N+](=C1)C2C(C(C(O2)COP(=O)([O-])OP(=O)(O)OCC3C(C(C(O3)N4C=NC5=C(N=CN=C54)N)O)O)O)O)C(=O)N,0.17445240087960134,0.15831541995878065,0.209864385243387
NADH,C1C=CN(C=C1C(=O)N)C2C(C(C(O2)COP(=O)(O)OP(=O)(O)OCC3C(C(C(O3)N4C=NC5=C(N=CN=C54)N)O)O)O)O,0.12825329862890236,0.1151788814407049,0.15606076557127474
NALT,CCC=CCC=CCC=CCCCCCCCC(=O)NC(CC1=CC=C(C=C1)O)C(=O)O,0.12896601824368395,0.20382270986984177,0.287541139211613
Naltrexone,C1CC1CN2CCC34C5C(=O)CCC3(C2CC6=C4C(=C(C=C6)O)O5)O,0.1290181429498101,0.5750868168142639,0.17184506823140266
Naringenin,C1C(OC2=CC(=CC(=C2C1=O)O)O)C3=CC=C(C=C3)O,0.2271545977264622,0.1641553590997931,0.5074775160913226
Nebivolol,C1CC2=C(C=CC(=C2)F)OC1C(CNCC(C3CCC4=C(O3)C=CC(=C4)F)O)O,0.1352939179634891,0.26846876021620025,0.19398515219581136
Nebracetam,C1C(CN(C1=O)CC2=CC=CC=C2)CN,0.15406462081252964,0.35323373391867513,0.15162856512431783
Nefiracetam,CC1=C(C(=CC=C1)C)NC(=O)CN2CCCC2=O,0.08869015817943408,0.20709640245278485,0.12202580724406314
Nefopam,CN1CCOC(C2=CC=CC=C2C1)C3=CC=CC=C3,0.125642832486364,0.21537674270312152,0.08324681883163733
Neostigmine,CN(C)C(=O)OC1=CC=CC(=C1)[N+](C)(C)C,0.3403549776259981,0.23711859586146494,0.42631583604719253
Neovir,C1=CC=C2C(=C1)C(=O)C3=CC=CC=C3N2CC(=O)[O-].[Na+],0.2884651137431312,0.2640403228071694,0.32098427460012957
N-Ethyl-N-Propyltryptamine,CCCN(CC)CCC1=CNC2=CC=CC=C21,0.2678801414292632,0.9087882010346898,0.2688193766601225
N-EthylTadalafil,CCN1CC(=O)N2C(C1=O)CC3=C(C2C4=CC5=C(C=C4)OCO5)NC6=CC=CC=C36,0.23479345400417814,0.5347247407105016,0.1133594396631754
N-ethyltryptamine,CCNCCC1=CNC2=CC=CC=C21,0.28011870985685905,0.7956251755408869,0.3055927214197382
Niacin,C1=CC(=CN=C1)C(=O)O,0.21700410570681733,0.08365121989870575,0.2368974971126977
Niacinamide,C1=CC(=CN=C1)C(=O)N,0.2065008062235107,0.07451088569861838,0.23420478742391956
Nicergoline,CN1CC(CC2(C1CC3=CN(C4=CC=CC2=C34)C)OC)COC(=O)C5=CC(=CN=C5)Br,0.10525810805803217,0.20742173624133772,0.16563015002032988
Nicotinamide,C1=CC(=CN=C1)C(=O)N,0.2065008062235107,0.07451088569861838,0.23420478742391956
Nicotinamide mononucleotide,C1=CC(=C[N+](=C1)C2C(C(C(O2)COP(=O)(O)[O-])O)O)C(=O)N,0.29441294394395134,0.15202927484288042,0.294262601970129
Nicotinamide riboside,C1=CC(=C[N+](=C1)C2C(C(C(O2)CO)O)O)C(=O)N,0.25998369303406377,0.11606819082065967,0.20553902404132657
Nicotinic Acid,C1=CC(=CN=C1)C(=O)O,0.21700410570681733,0.08365121989870573,0.2368974971126977
Nipecotic acid,C1CC(CNC1)C(=O)O,0.37383986250349044,0.16112936275800965,0.2592539991962932
N-Methyl Cyclazodone,CN(C1CC1)C2=NC(=O)C(O2)C3=CC=CC=C3,0.26424120259838113,0.20587083724242128,0.2226968940275094
N-Methyl-D-Aspartate,CNC(CC(=O)O)C(=O)O,0.35009507927554817,0.28558049223917026,0.18563703050111507
N-Methylglycine,CNCC(=O)O,0.3747857212307103,0.22375910834855472,0.30742368658519387
N-Methyl-N-Ethyltryptamine,CCN(C)CCC1=CNC2=CC=CC=C21,0.27589648020373647,0.9101577389412512,0.2756915190047086
N-Methyl-N-Isopropyltryptamine,CC(C)N(C)CCC1=CNC2=CC=CC=C21,0.2030960972831577,0.85599576249556,0.19942188501050065
N-Methyltyramine,CNCCC1=CC=C(C=C1)O,0.2531320196191233,0.2750127529384158,0.5368024015235705
NMN,C1=CC(=C[N+](=C1)C2C(C(C(O2)COP(=O)(O)[O-])O)O)C(=O)N,0.29441294394395134,0.15202927484288042,0.294262601970129
"N,N-Diisopropyltryptamine",CC(C)N(CCC1=CNC2=CC=CC=C21)C(C)C,0.23480289304892316,0.8947489897454743,0.2341294533036849
"N,N-dimethyl-2-phenyl-2-pyrrolidin-1-ylacetamide",CN(C)C(=O)C(C1=CC=CC=C1)N2CCCC2,0.11999711685082433,0.4103741275568797,0.1272674518536933
"N,N-Dipropyltryptamine",CCCN(CCC)CCC1=CNC2=CC=CC=C21,0.28174183033369593,0.9066768414385075,0.26887502309002703
Nobiletin,COC1=C(C=C(C=C1)C2=CC(=O)C3=C(O2)C(=C(C(=C3OC)OC)OC)OC)OC,0.334631401802858,0.24144098776705014,0.2985373828094007
Nooglutyl,C1=C(C=NC=C1O)C(=O)NC(CCC(=O)O)C(=O)O,0.11528611351023285,0.17990834897797672,0.15400473397725362
Norbinaltorphimine,C1CC1CN2CCC34C5C6=C(CC3(C2CC7=C4C(=C(C=C7)O)O5)O)C8=C(N6)C9C12CCN(C(C1(C8)O)CC1=C2C(=C(C=C1)O)O9)CC1CC1,0.1223066766290148,0.5763568359884517,0.15316135086721228
Nor-BNI,C1CC1CN2CCC34C5C6=C(CC3(C2CC7=C4C(=C(C=C7)O)O5)O)C8=C(N6)C9C12CCN(C(C1(C8)O)CC1=C2C(=C(C=C1)O)O9)CC1CC1,0.1223066766290148,0.5763568359884517,0.15316135086721228
Norcoclaurine,C1CNC(C2=CC(=C(C=C21)O)O)CC3=CC=C(C=C3)O,0.2169153404445455,0.21430950525073858,0.36241314657829027
Norwogonin,C1=CC=C(C=C1)C2=CC(=O)C3=C(O2)C(=C(C=C3O)O)O,0.3200461810170384,0.1326992232703067,0.35649263601655823
N-Phenethyl Dimethylamine,CN(C)CCC1=CC=CC=C1,0.22892055877263864,0.43537412975453593,0.17407327770959025
NSI-189,CC(C)CCNC1=C(C=CC=N1)C(=O)N2CCN(CC2)CC3=CC=CC=C3,0.061740766020471405,0.13458620988282552,0.13839296170511559
NSI-189 Phosphate,CC(C)CCNC1=C(C=CC=N1)C(=O)N2CCN(CC2)CC3=CC=CC=C3.OP(=O)(O)O,0.07136605879669983,0.1385927428702285,0.13946876332213576
Nutrobal,CC(C)(C(=O)NC(COCC1=CC=CC=C1)C(=O)N2CCC3(CC2)CN(C4=CC=CC=C34)S(=O)(=O)C)N.CS(=O)(=O)O,0.08896003146472711,0.5910973924865462,0.1320913759534441
O4I4,CC1=C(C(=CC=C1)NC2=NC(=CS2)C(C)(C)C)C,0.35300299118950945,0.17123586789020867,0.3148173459508337
Obeticholic acid,CCC1C2CC(CCC2(C3CCC4(C(C3C1O)CCC4C(C)CCC(=O)O)C)C)O,0.31087265202354386,0.23886531951854412,0.21340911137675891
Octopamine,C1=CC(=CC=C1C(CN)O)O,0.18794655651822148,0.14169940293917654,0.44359184959438047
Oleamide,CCCCCCCCC=CCCCCCCCC(=O)N,0.37967534338507525,0.14939160660986084,0.3319254749201656
Omega-3,CCC=CCC=CCC=CCCCCCCCC(=O)O.CCC=CCC=CCC=CCC=CCC=CCCCC(=O)O.CCC=CCC=CCC=CCC=CCC=CCC=CCCC(=O)O,0.2204149030895179,0.1501924926758232,0.19183697713541092
Ondansetron,CC1=NC=CN1CC2CCC3=C(C2=O)C4=CC=CC=C4N3C,0.10686089919643434,0.22405218399467602,0.11892943457427191
Opicapone,CC1=C(C(=[N+](C(=C1Cl)C)[O-])Cl)C2=NOC(=N2)C3=CC(=C(C(=C3)O)O)[N+](=O)[O-],0.5066114248696537,0.30058742742626277,0.6041570708269091
ORG-26576,C1CC2COC3=C(C=CC=N3)C(=O)N2C1,0.2324592267857909,0.21042897293469376,0.16216055748425665
Ornithine,C(CC(C(=O)O)N)CN,0.20891989717533715,0.276408227838007,0.17085292515903444
Oroxylin A,COC1=C(C2=C(C=C1O)OC(=CC2=O)C3=CC=CC=C3)O,0.31623889286292794,0.17042677939333925,0.3377934491465723
Oroxylin-A,COC1=C(C2=C(C=C1O)OC(=CC2=O)C3=CC=CC=C3)O,0.31623889286292794,0.17042677939333925,0.3377934491465723
Orphine,CC(C1=CC=CC=C1)N2CCC(CC2)N3C4=CC=CC=C4NC3=O,0.12337896753253165,0.5055531536213723,0.12440476985548328
Oxolinic acid,CCN1C=C(C(=O)C2=CC3=C(C=C21)OCO3)C(=O)O,0.10102963050246543,0.1889935388223392,0.19550731200580093
Oxytocin,CCC(C)C1C(=O)NC(C(=O)NC(C(=O)NC(CSSCC(C(=O)NC(C(=O)N1)CC2=CC=C(C=C2)O)N)C(=O)N3CCCC3C(=O)NC(CC(C)C)C(=O)NCC(=O)N)CC(=O)N)CCC(=O)N,0.10939943797721709,0.19184308742833095,0.23006381198237527
P5P,CC1=NC=C(C(=C1O)C=O)COP(=O)(O)O.O,0.14482300498147171,0.12769378821108893,0.17942754839899094
Padsevonil,COCC1=NN2C(=C(N=C2S1)C(F)(F)F)CN3CC(CC3=O)CC(F)(F)Cl,0.22722493491907678,0.24484613736793764,0.2521500102556693
Palmitoylethanolamide,CCCCCCCCCCCCCCCC(=O)NCCO,0.28104605396607696,0.138636390803971,0.26484501428287194
PanaMAX,CC(=O)NC1=CC=C(C=C1)O,0.3080438760236255,0.19100595729683711,0.5320245115523522
Panavir,CC(C)(C)C1=CC(=CC(=C1O)C(C)(C)C)SC(C)(C)SC2=CC(=C(C(=C2)C(C)(C)C)O)C(C)(C)C,0.3723998863765886,0.09817431171712539,0.5423077358388596
Pantogam,CC(C)(CO)C(C(=O)NCCCC(=O)[O-])O.CC(C)(CO)C(C(=O)NCCCC(=O)[O-])O.[Ca+2],0.2712477765750157,0.17432000376490758,0.21782865485438965
Pantothenic Acid,CC(C)(CO)C(C(=O)NCCC(=O)O)O,0.18700468892356906,0.11540683307962205,0.14593914033345667
Papaverine,COC1=C(C=C(C=C1)CC2=NC=CC3=CC(=C(C=C32)OC)OC)OC,0.20524632713305482,0.2615321129651835,0.15562316936087803
Paracetamol,CC(=O)NC1=CC=C(C=C1)O,0.3080438760236255,0.1910059572968371,0.5320245115523522
Pausinystalia yohimbe,COC(=O)C1C(CCC2C1CC3C4=C(CCN3C2)C5=CC=CC=C5N4)O.Cl,0.1747851652359672,0.33594765281251066,0.08143225142959572
Paynantheine,COC=C(C1CC2C3=C(CCN2CC1C=C)C4=C(N3)C=CC=C4OC)C(=O)OC,0.21395278990122282,0.34916853809559883,0.13049356594221306
Pentoxifylline,CC(=O)CCCCN1C(=O)C2=C(N=CN2C)N(C1=O)C,0.12776232505639462,0.18122647996077632,0.13945249374116517
Pentyl 2-chloroacetate,CCCCCOC(=O)CCl,0.5067826055256203,0.11091364724213375,0.6326222278346435
Phenotropil,C1C(CN(C1=O)CC(=O)N)C2=CC=CC=C2,0.10075037783518426,0.49850667243820146,0.12945306846156482
Phenprobamate,C1=CC=C(C=C1)CCCOC(=O)N,0.19869918672160433,0.15457694625326834,0.2540502168560029
Phenylalanine,C1=CC=C(C=C1)CC(C(=O)O)N,0.17726253900868938,0.3358472143839666,0.14408988757107885
Phenylethylamine,C1=CC=C(C=C1)CCN,0.2909369851543808,0.4493088814140728,0.2611152633852327
Phenylpiracetam Hydrazide,C1C(CN(C1=O)CC(=O)NN)C2=CC=CC=C2,0.08187037368188958,0.4381600812832027,0.11836731500746549
Phosphatidylserine,CCCCCCCCCCCCCCCCCC(=O)OCC(COP(=O)(O)OCC(C(=O)O)N)OC(=O)CCCCCCCCCCCCCCCCC,0.30352799739314634,0.2044832069955703,0.37155163467494307
Physostigmine,CC12CCN(C1N(C3=C2C=C(C=C3)OC(=O)NC)C)C,0.1358450373097795,0.3224192714513107,0.24634415927497355
Picamilon,C1=CC(=CN=C1)C(=O)NCCCC(=O)O,0.1047977957711995,0.16059277618527304,0.1339018311007767
Pidotimod,C1CC(=O)NC1C(=O)N2CSCC2C(=O)O,0.16224141963163569,0.11051021826576919,0.14878851308407212
Piperine,C1CCN(CC1)C(=O)C=CC=CC2=CC3=C(C=C2)OCO3,0.21481083498286913,0.36599619014287016,0.17260712929286473
Piribedil,C1CN(CCN1CC2=CC3=C(C=C2)OCO3)C4=NC=CC=N4,0.15059106685621493,0.4126816979399561,0.11473384931957964
Pitolisant,C1CCN(CC1)CCCOCCCC2=CC=C(C=C2)Cl,0.0896718870629571,0.31157972347548724,0.1478424502590752
PNB-0408,CCCCCC(=O)NC(CC1=CC=C(C=C1)O)C(=O)NC(C(C)CC)C(=O)NCCCCCC(=O)N,0.09320419105975875,0.2328055514341557,0.3304794007880798
Potassium,[K],0.8881403713913048,0.3020789867847824,0.7470257550923006
Potassium Orotate,C1=C(NC(=O)NC1=O)C(=O)[O-].[K+],0.4247332795750847,0.18259785660972674,0.37869992214609594
PPAP,CC(CC1=CC=CC=C1)NCCCC2=CC=CC=C2.Cl,0.16802272351778783,0.5569574047971477,0.19827729860226165
PQQ,C1=C(C2=C(C(=O)C(=O)C3=C2NC(=C3)C(=O)O)N=C1C(=O)O)C(=O)O,0.2473453106514773,0.18930111973581368,0.2646238124414967
Pramipexole,CCCNC1CCC2=C(C1)SC(=N2)N,0.27938462230142774,0.13198250532871114,0.23424397761528687
Prednisolone,CC12CC(C3C(C1CCC2(C(=O)CO)O)CCC4=CC(=O)C=CC34C)O,0.13376835768253528,0.05774699568550326,0.22428605116833708
Pregabalin Ethyl Ester,CCOC(=O)CC(CC(C)C)CN,0.3483810267936335,0.27493150563574487,0.414774674785102
PRL-8-53,CN(CCC1=CC(=CC=C1)C(=O)OC)CC2=CC=CC=C2.Cl,0.16493944189062393,0.31041433536701263,0.19965358986959786
Procaine,CCN(CC)CCOC(=O)C1=CC=C(C=C1)N,0.14116931242728323,0.04592485829522133,0.2238692991568875
Proline,C1CC(NC1)C(=O)O,0.40844012926821877,0.18310720507222059,0.25646219665126563
Propionyl-L-Carnitine,CCC(=O)OC(CC(=O)[O-])C[N+](C)(C)C,0.5495264920467219,0.3398234886559726,0.46152102502491615
Propranolol,CC(C)NCC(COC1=CC=CC2=CC=CC=C21)O,0.09671878552698841,0.09260684380940155,0.10484018244568422
p-rosolic acid,C1=CC(=O)C=CC1=C(C2=CC=C(C=C2)O)C3=CC=C(C=C3)O,0.4218193297399519,0.13099060699846515,0.5892354436246188
Prostaglandin E1,CCCCCC(C=CC1C(CC(=O)C1CCCCCCC(=O)O)O)O,0.059514928841686944,0.17130169938564851,0.09642676051333536
Protodioscin,CC1C2C(CC3C2(CCC4C3CC=C5C4(CCC(C5)OC6C(C(C(C(O6)CO)OC7C(C(C(C(O7)C)O)O)O)O)OC8C(C(C(C(O8)C)O)O)O)C)C)OC1(CCC(C)COC9C(C(C(C(O9)CO)O)O)O)O,0.20574712717983337,0.11707073878510027,0.24274477971748176
Prozerin,CN(C)C(=O)OC1=CC=CC(=C1)[N+](C)(C)C,0.3403549776259981,0.23711859586146494,0.42631583604719253
Psychotridine,CN1CCC2(C1NC3=CC=CC=C32)C4=C5C(=CC=C4)C6(CCN(C6N5)C)C7=C8C(=CC=C7)C9(CCN(C9N8)C)C12CCN(C1NC1=C(C=CC=C21)C12CCN(C1NC1=CC=CC=C21)C)C,0.1339939541314559,0.4441396265745902,0.13765044127227427
p-Synephrine,CNCC(C1=CC=C(C=C1)O)O,0.14459664820315538,0.12286861829384574,0.4836670995745186
Pterostilbene,COC1=CC(=CC(=C1)C=CC2=CC=C(C=C2)O)OC,0.3675906096496152,0.17127727636813297,0.4986853195154782
Puerarin,C1=CC(=CC=C1C2=COC3=C(C2=O)C=CC(=C3C4C(C(C(C(O4)CO)O)O)O)O)O,0.24965206933806205,0.14388591199325754,0.4557508459421969
Pyridoxal-5-Phosphate,CC1=NC=C(C(=C1O)C=O)COP(=O)(O)O,0.14482300498147171,0.12538052508532577,0.17702906956301212
Pyridoxine HCl,CC1=NC=C(C(=C1O)CO)CO.Cl,0.20597836588163246,0.2361152160014458,0.2224919679994186
Pyritinol,CC1=NC=C(C(=C1O)CO)CSSCC2=CN=C(C(=C2CO)O)C,0.19361247412555474,0.14947480902677046,0.23497495704467478
Pyroglutamic acid,C1CC(=O)NC1C(=O)O,0.26576504133575013,0.12998623397742157,0.20913343871797166
Pyrrolidine,C1CCNC1,0.6294021100745278,0.3557391825537397,0.3790083598922888
Pyrroloquinoline Quinone,C1=C(C2=C(C(=O)C(=O)C3=C2NC(=C3)C(=O)O)N=C1C(=O)O)C(=O)O,0.2473453106514773,0.18930111973581368,0.2646238124414967
Quatrefolic,CN1C(CNC2=C1C(=O)NC(=N2)N)CNC3=CC=C(C=C3)C(=O)NC(CCC(=O)O)C(=O)O.C(C(C(C(C(C=O)N)O)O)O)O.C(C(C(C(C(C=O)N)O)O)O)O,0.09433945950307533,0.1647697435274344,0.1028295935490099
R-Alpha Lipoic Acid,C1CSSC1CCCCC(=O)O,0.24870938664438275,0.22087302468139608,0.209594816695493
Rasagiline,C#CCNC1CCC2=CC=CC=C12,0.19015502541682994,0.3373522203678402,0.24657883875592707
Rauwolscine,COC(=O)C1C(CCC2C1CC3C4=C(CCN3C2)C5=CC=CC=C5N4)O,0.17089513518360785,0.28139429975419916,0.08018225142959574
Rauwolscine HCl,COC(=O)C1C(CCC2C1CC3C4=C(CCN3C2)C5=CC=CC=C5N4)O.Cl,0.1747851652359672,0.33594765281251066,0.08143225142959575
Reduced Glutathione,C(CC(=O)NC(CS)C(=O)NCC(=O)O)C(C(=O)O)N,0.16718528926356324,0.286636274559747,0.12977419351384928
Retatrutide,CCC(C)C(C(=O)NC(CCC(=O)O)C(=O)NC(CC1=CC=C(C=C1)O)C(=O)NC(CC(C)C)C(=O)NC(CC(C)C)C(=O)NC(CCC(=O)O)C(=O)NCC(=O)NCC(=O)N2CCCC2C(=O)NC(CO)C(=O)NC(CO)C(=O)NCC(=O)NC(C)C(=O)N3CCCC3C(=O)N4CCCC4C(=O)N5CCCC5C(=O)NC(CO)C(=O)N)NC(=O)C(CC6=CC=CC=C6)NC(=O)C(C)NC(=O)C(C)(C)NC(=O)C(CCC(=O)N)NC(=O)C(C)NC(=O)C(CCCCNC(=O)COCCOCCNC(=O)CCC(C(=O)O)NC(=O)CCCCCCCCCCCCCCCCCCC(=O)O)NC(=O)C(CCCCN)NC(=O)C(CC(=O)O)NC(=O)C(CC(C)C)NC(=O)C(C)(CC(C)C)NC(=O)C(C(C)CC)NC(=O)C(CO)NC(=O)C(CC7=CC=C(C=C7)O)NC(=O)C(CC(=O)O)NC(=O)C(CO)NC(=O)C(C(C)O)NC(=O)C(CC8=CC=CC=C8)NC(=O)C(C(C)O)NC(=O)CNC(=O)C(CCC(=O)N)NC(=O)C(C)(C)NC(=O)C(CC9=CC=C(C=C9)O)N,0.11269651222943462,0.31547081016137696,0.27857483142983264
Retinol,CC1=C(C(CCC1)(C)C)C=CC(=CC=CC(=CCO)C)C,0.2106933800465555,0.20997356514363585,0.250108079660597
Ribavirin,C1=NC(=NN1C2C(C(C(O2)CO)O)O)C(=O)N,0.16485008026429923,0.04499196792781808,0.1729920221262604
Riboflavin,CC1=CC2=C(C=C1C)N(C3=NC(=O)NC(=O)C3=N2)CC(C(C(CO)O)O)O,0.08567061697472207,0.08770669508310544,0.1022943195648803
Riboflavin-5-Phosphate,CC1=CC2=C(C=C1C)N(C3=NC(=O)NC(=O)C3=N2)CC(C(C(COP(=O)(O)O)O)O)O,0.08330217558066176,0.07939879598490485,0.10871415238435123
Rifaximin,CC1C=CC=C(C(=O)NC2=C(C3=C(C4=C(C(=C3O)C)OC(C4=O)(OC=CC(C(C(C(C(C(C1O)C)O)C)OC(=O)C)C)OC)C)C5=C2N6C=CC(=CC6=N5)C)O)C,0.1662580865816318,0.19053770791509594,0.24957361359046812
Rivastigmine,CCN(C)C(=O)OC1=CC=CC(=C1)C(C)N(C)C,0.12173322220648383,0.19578465170080644,0.1923445552063605
Rolipram,COC1=C(C=C(C=C1)C2CC(=O)NC2)OC3CCCC3,0.1793972477219003,0.21185658407407934,0.11571525843308858
Rosavin,C1C(C(C(C(O1)OCC2C(C(C(C(O2)OCC=CC3=CC=CC=C3)O)O)O)O)O)O,0.24755391984248823,0.2110284002694329,0.318190110533312
Rosmarinic acid,C1=CC(=C(C=C1CC(C(=O)O)OC(=O)C=CC2=CC(=C(C=C2)O)O)O)O,0.25669455927695006,0.16438129447301905,0.3006773814207461
Rosuvastatin,CC(C)C1=NC(=NC(=C1C=CC(CC(CC(=O)O)O)O)C2=CC=C(C=C2)F)N(C)S(=O)(=O)C,0.06794787318377264,0.12506889647132804,0.1334655706429897
Rutin,CC1C(C(C(C(O1)OCC2C(C(C(C(O2)OC3=C(OC4=CC(=CC(=C4C3=O)O)O)C5=CC(=C(C=C5)O)O)O)O)O)O)O)O,0.2724158723920133,0.14926235954519837,0.45593549448649506
S-Acetyl L-Glutathione,CC(=O)SCC(C(=O)NCC(=O)O)NC(=O)CCC(C(=O)O)N,0.16288652459894692,0.2103294141715156,0.1400629254261655
S-Adenosylmethionine,C[S+](CCC(C(=O)[O-])N)CC1C(C(C(O1)N2C=NC3=C(N=CN=C32)N)O)O,0.1341174187258475,0.08362386748883072,0.11552544815347565
Safinamide,CC(C(=O)N)NCC1=CC=C(C=C1)OCC2=CC(=CC=C2)F,0.07686232086273283,0.21324507246962196,0.17975151696245262
Salidroside,C1=CC(=CC=C1CCOC2C(C(C(C(O2)CO)O)O)O)O,0.21912301282288107,0.11883847879383314,0.398809726816208
Salubrinal,C1=CC=C(C=C1)C=CC(=O)NC(C(Cl)(Cl)Cl)NC(=S)NC2=CC=CC3=C2N=CC=C3,0.2123727379696225,0.10839587281406356,0.207958029520696
Saponins,CC=C(C)C(=O)OC1C(C2(C(CC1(C)C)C3=CCC4C5(CCC(C(C5CCC4(C3(CC2O)C)C)(C)CO)OC6C(C(C(C(O6)C(=O)O)OC7C(C(C(C(O7)CO)O)O)O)O)OC8C(C(C(C(O8)CO)O)O)O)C)CO)OC(=O)C,0.20815106427489907,0.1613215511691594,0.27302562363261573
Sarcosine,CNCC(=O)O,0.3747857212307103,0.22375910834855475,0.30742368658519387
sbl,CCC(C)OC(=O)C1CN(C2CC3=CNC4=CC=CC(=C34)C2=C1)C.C(=CC(=O)O)C(=O)O,0.12692460843073855,0.7089542724063304,0.1169398619272573
Scutellarin,C1=CC(=CC=C1C2=CC(=O)C3=C(C(=C(C=C3O2)OC4C(C(C(C(O4)C(=O)O)O)O)O)O)O)O,0.2182313788344602,0.12057925117895855,0.3856448370399751
Selank,CC(C(C(=O)NC(CCCCN)C(=O)N1CCCC1C(=O)NC(CCCN=C(N)N)C(=O)N2CCCC2C(=O)NCC(=O)N3CCCC3C(=O)O)N)O,0.17307058897813193,0.20328864207878491,0.21501997304853637
Selenium,[Se],0.8826201499127823,0.27736666331037674,0.7388594819038952
Seletracetam,CCC(C(=O)N)N1CC(CC1=O)C=C(F)F,0.19815990134801748,0.16561909398951438,0.2187129400510845
Semax Acetate,CC(=O)O.CSCCC(C(=O)NC(CCC(=O)O)C(=O)NC(CC1=CN=CN1)C(=O)NC(CC2=CC=CC=C2)C(=O)N3CCCC3C(=O)NCC(=O)N4CCCC4C(=O)O)N,0.08426478105732878,0.5047912463569777,0.13560022551973158
Sephin1,C1=CC=C(C(=C1)C=NN=C(N)N)Cl,0.45750529659005473,0.17499921125284057,0.4612360466426007
Serine,C(C(C(=O)O)N)O,0.36121414346027786,0.21405048744029384,0.23495956984969601
Shilajit Extract,CC1(CC2=C(CO1)C(=O)C3=C(O2)C=C(C(=C3C(=O)O)O)O)O,0.23525608491821753,0.14425273680849116,0.312500918432722
Sildenafil,CCCC1=NN(C2=C1N=C(NC2=O)C3=C(C=CC(=C3)S(=O)(=O)N4CCN(CC4)C)OCC)C,0.08127325796021356,0.5457574509154304,0.08420190899095374
Silicon,[Si],0.8835693302701608,0.32533687196461536,0.6845124438071472
Silybinin,COC1=C(C=CC(=C1)C2C(OC3=C(O2)C=C(C=C3)C4C(C(=O)C5=C(C=C(C=C5O4)O)O)O)CO)O,0.2543698669971872,0.15482742955314882,0.265003921814996
Silymarin,COC1=C(C=CC(=C1)C2C(OC3=C(O2)C=C(C=C3)C4C(C(=O)C5=C(C=C(C=C5O4)O)O)O)CO)O,0.2543698669971872,0.15482742955314882,0.265003921814996
Sodium,[Na],0.8500280228024755,0.2951853093881955,0.7062972598424573
Solriamfetol,C1=CC=C(C=C1)CC(COC(=O)N)N,0.16518028030661955,0.26900735301191037,0.16102321027725527
Speciogynine,CCC1CN2CCC3=C(C2CC1C(=COC)C(=O)OC)NC4=C3C(=CC=C4)OC,0.1535033822048792,0.3739692684905001,0.0945903645913021
S-Phenylacetyl Glutathione,C1=CC=C(C=C1)CC(=O)SCC(C(=O)NCC(=O)O)NC(=O)CCC(C(=O)O)N,0.10067113394058742,0.2748965027888064,0.10887016797972869
Spilanthol,CC=CC=CCCC=CC(=O)NCC(C)C,0.3738299403772212,0.23041965604643033,0.3276910983976953
SR17018,C1CN(CCC1N2C3=CC(=C(C=C3NC2=O)Cl)Cl)CC4=CC=C(C=C4)Cl,0.10766361423349917,0.3318675192212628,0.13841513329485822
SR9009,CCOC(=O)N1CCC(C1)CN(CC2=CC=C(C=C2)Cl)CC3=CC=C(S3)[N+](=O)[O-],0.2543667112363104,0.3527438451783818,0.3297430571969933
SR9011,CCCCCNC(=O)N1CCC(C1)CN(CC2=CC=C(C=C2)Cl)CC3=CC=C(S3)[N+](=O)[O-],0.22491873011930724,0.40025182828538847,0.3104974774597641
SS-31,CC1=CC(=CC(=C1CC(C(=O)NC(CCCCN)C(=O)NC(CC2=CC=CC=C2)C(=O)N)NC(=O)C(CCCN=C(N)N)N)C)O,0.15251536258805123,0.33517347555745525,0.19118620086726676
Strontium,[Sr],0.8676060951822672,0.28044703152083406,0.7079612274149935
Sulbutiamine,CC1=NC=C(C(=N1)N)CN(C=O)C(=C(CCOC(=O)C(C)C)SSC(=C(C)N(CC2=CN=C(N=C2N)C)C=O)CCOC(=O)C(C)C)C,0.11696838474913213,0.13628726660908355,0.18403276099344024
sulfurol,CC1=C(SC=N1)CCO,0.2627736558914438,0.18636940431671806,0.3041515536674559
Sulfurol Carbamate,CC1C(SC=N1)CCOC(=O)N,0.3256277622944126,0.19239001610611847,0.2878605887930312
Sumatriptan,CNS(=O)(=O)CC1=CC2=C(C=C1)NC=C2CCN(C)C,0.16411349100231243,0.6132402442495029,0.16407292689400915
Sunifiram,CCC(=O)N1CCN(CC1)C(=O)C2=CC=CC=C2,0.11891191399035947,0.2450602197447023,0.16658720251775144
Synephrine,CNCC(C1=CC=C(C=C1)O)O,0.14459664820315538,0.12286861829384574,0.4836670995745186
Tacrine,C1CCC2=NC3=CC=CC=C3C(=C2C1)N,0.3266854108444719,0.18114768207485213,0.2860184632793061
Tadalafil,CN1CC(=O)N2C(C1=O)CC3=C(C2C4=CC5=C(C=C4)OCO5)NC6=CC=CC=C36,0.20195712241719163,0.5564492080197847,0.0950155054103206
TAK-653,CC1=CN2CCS(=O)(=O)N=C2C(=N1)C3=CC=C(C=C3)OC4CCCCC4,0.16263931612343258,0.2848060464103992,0.181174655699492
Tamsulosin,CCOC1=CC=CC=C1OCCNC(C)CC2=CC(=C(C=C2)OC)S(=O)(=O)N,0.07744039447398486,0.22300278801639095,0.08886197095517334
Taurine,C(CS(=O)(=O)O)N,0.39074643904453266,0.15048012292089302,0.30036024440700326
Taurine Ethyl Ester,CCOS(=O)(=O)CCN,0.5887783739211518,0.20353278636535602,0.3972234661874679
Tauroursodeoxycholic Acid,CC(CCC(=O)NCCS(=O)(=O)O)C1CCC2C1(CCC3C2C(CC4C3(CCC(C4)O)C)O)C,0.20818013317313194,0.21822030898507438,0.20671611538462553
TB4,C1CC(NC1C2=CC=C(C=C2)OCC3=CC=CC=C3F)C(=O)N,0.16455776093530883,0.20230967150595336,0.16591551850321495
TB-500,CC(C)CC(C(=O)NC(CCCCN)C(=O)NC(CCCCN)C(=O)NC(C(C)O)C(=O)NC(CCC(=O)O)C(=O)NC(C(C)O)C(=O)NC(CCC(=O)N)C(=O)O)NC(=O)C,0.13391119233821575,0.4116902749115653,0.1807126785192579
TEE,CCOC(=O)CCCCCCNC1C2=C(C=C(C=C2)Cl)S(=O)(=O)N(C3=CC=CC=C13)C,0.10407779400916968,0.4635694688955763,0.139488293137749
Telmisartan,CCCC1=NC2=C(N1CC3=CC=C(C=C3)C4=CC=CC=C4C(=O)O)C=C(C=C2C)C5=NC6=CC=CC=C6N5C,0.06728374060896901,0.1790953261329524,0.13828909097893372
Tenilsetam,C1CNC(=O)C(N1)C2=CC=CS2,0.3025197685466507,0.2799296705731111,0.20007815635654203
Terazosin,COC1=C(C=C2C(=C1)C(=NC(=N2)N3CCN(CC3)C(=O)C4CCCO4)N)OC,0.08812249849862268,0.13480784353929526,0.07567783798539067
Tetrahydroharman,CC1C2=C(CCN1)C3=CC=CC=C3N2,0.3119458327484406,0.44720939607818183,0.28178349006921644
Tetrahydromagnolol,CCCC1=CC(=C(C=C1)O)C2=C(C=CC(=C2)CCC)O,0.3267839548655981,0.23631570060015025,0.44972201636218384
Tetrahydropalmatine,COC1=C(C2=C(CC3C4=CC(=C(C=C4CCN3C2)OC)OC)C=C1)OC,0.1579161316356273,0.5020111834175599,0.12967005007922355
Theobromine,CN1C=NC2=C1C(=O)NC(=O)N2C,0.2433902443270554,0.2700837482145013,0.14482357796487288
Theophylline,CN1C2=C(C(=O)N(C1=O)C)NC=N2,0.2539340372719331,0.28108451919598076,0.13809912345354058
Thiamine,CC1=C(SC=[N+]1CC2=CN=C(N=C2N)C)CCO,0.25346482348825694,0.35345120496322563,0.26958706345495226
Thiamine Tetrahydrofurfuryl Disulfide,CC1=NC=C(C(=N1)N)CN(C=O)C(=C(CCO)SSCC2CCCO2)C,0.17508706575796767,0.17876336929816758,0.19082323917244778
Thidiazuron,C1=CC=C(C=C1)NC(=O)NC2=CN=NS2,0.2768040808135138,0.23349334604782435,0.2456177905316048
Thozalinone,CN(C)C1=NC(=O)C(O1)C2=CC=CC=C2,0.3338558380287056,0.19744186211692846,0.28127200488631343
Thymalin,CC(C(=O)NC(CCCCN)C(=O)NC(CO)C(=O)NC(CCC(=O)N)C(=O)NCC(=O)NCC(=O)NC(CO)C(=O)NC(CC(=O)N)C(=O)O)NC(=O)C1CCC(=O)N1,0.08231485011044207,0.314853725367828,0.1395066817559349
Thymoquinone,CC1=CC(=O)C(=CC1=O)C(C)C,0.42467063938761673,0.2767897329136134,0.3758954620917114
Thymosin Alpha 1,CCC(C)C(C(=O)NC(C(C)O)C(=O)NC(C(C)O)C(=O)NC(CCCCN)C(=O)NC(CC(=O)O)C(=O)NC(CC(C)C)C(=O)NC(CCCCN)C(=O)NC(CCC(=O)O)C(=O)NC(CCCCN)C(=O)NC(CCCCN)C(=O)NC(CCC(=O)O)C(=O)NC(C(C)C)C(=O)NC(C(C)C)C(=O)NC(CCC(=O)O)C(=O)NC(CCC(=O)O)C(=O)NC(C)C(=O)NC(CCC(=O)O)C(=O)NC(CC(=O)N)C(=O)O)NC(=O)C(CCC(=O)O)NC(=O)C(CO)NC(=O)C(CO)NC(=O)C(C(C)O)NC(=O)C(CC(=O)O)NC(=O)C(C(C)C)NC(=O)C(C)NC(=O)C(C)NC(=O)C(CC(=O)O)NC(=O)C(CO)NC(=O)C,0.14260113862059687,0.35675678813817446,0.1995051445540622
Thymosin Beta-4,CCC(C)C(C(=O)NC(CCC(=O)O)C(=O)NC(CCCCN)C(=O)NC(CC1=CC=CC=C1)C(=O)NC(CC(=O)O)C(=O)NC(CCCCN)C(=O)NC(CO)C(=O)NC(CCCCN)C(=O)NC(CC(C)C)C(=O)NC(CCCCN)C(=O)NC(CCCCN)C(=O)NC(C(C)O)C(=O)NC(CCC(=O)O)C(=O)NC(C(C)O)C(=O)NC(CCC(=O)N)C(=O)NC(CCC(=O)O)C(=O)NC(CCCCN)C(=O)NC(CC(=O)N)C(=O)N2CCCC2C(=O)NC(CC(C)C)C(=O)N3CCCC3C(=O)NC(CO)C(=O)NC(CCCCN)C(=O)NC(CCC(=O)O)C(=O)NC(C(C)O)C(=O)NC(C(C)CC)C(=O)NC(CCC(=O)O)C(=O)NC(CCC(=O)N)C(=O)NC(CCC(=O)O)C(=O)NC(CCCCN)C(=O)NC(CCC(=O)N)C(=O)NC(C)C(=O)NCC(=O)NC(CCC(=O)O)C(=O)NC(CO)C(=O)O)NC(=O)C(CCC(=O)O)NC(=O)C(C)NC(=O)C(CCSC)NC(=O)C(CC(=O)O)NC(=O)C4CCCN4C(=O)C(CCCCN)NC(=O)C(CC(=O)O)NC(=O)C(CO)NC(=O)C,0.09361588499397451,0.34348301783292035,0.19274783604543072
Tianeptine Ethyl Ester,CCOC(=O)CCCCCCNC1C2=C(C=C(C=C2)Cl)S(=O)(=O)N(C3=CC=CC=C13)C,0.10407779400916968,0.4635694688955763,0.139488293137749
Tianeptine Sodium,CN1C2=CC=CC=C2C(C3=C(S1(=O)=O)C=C(C=C3)Cl)NCCCCCCC(=O)[O-].[Na+],0.13866307427785565,0.5466131299421431,0.15097093373642737
Tianeptine sulfate,CN1C2=CC=CC=C2C(C3=C(S1(=O)=O)C=C(C=C3)Cl)NCCCCCCC(=O)O.OS(=O)(=O)O,0.09726163988920355,0.5054744974511345,0.1163763913052215
Tiletamine,CCNC1(CCCCC1=O)C2=CC=CS2,0.2204897106058404,0.5609785325834569,0.1949794609363785
Timogen,C1=CC=C2C(=C1)C(=CN2)CC(C(=O)O)NC(=O)C(CCC(=O)O)N,0.0892575042576513,0.4755627276443931,0.08692046961939116
Tocopherol,CC1=C(C=C2CCC(OC2=C1C)(C)CCCC(C)CCCC(C)CCCC(C)C)O,0.16326890692801005,0.2537661472637529,0.34938005832443125
Tocotrienol,CC(=CCCC(=CCCC(=CCCC1(CCC2=C(O1)C=CC(=C2)O)C)C)C)C,0.222796648993561,0.23633228194945452,0.3660325511552618
Tofacitinib,CC1CCN(CC1N(C)C2=NC=NC3=C2C=CN3)C(=O)CC#N,0.09930073160648524,0.24026915974945884,0.1291388698966342
Tofisopam,CCC1C(=NN=C(C2=CC(=C(C=C12)OC)OC)C3=CC(=C(C=C3)OC)OC)C,0.23415282246185773,0.3256225839765119,0.2515105941090001
Tolcapone,CC1=CC=C(C=C1)C(=O)C2=CC(=C(C(=C2)O)O)[N+](=O)[O-],0.5789359942808732,0.3340310663723025,0.6894019978130506
Tolperisone,CC1=CC=C(C=C1)C(=O)C(C)CN2CCCCC2,0.07796672963256233,0.44666059983413603,0.13973042569418895
Trans-Zeatin,CC(=CCNC1=NC=NC2=C1NC=N2)CO,0.20269318825459082,0.19374786694993731,0.18024527964077428
Triacetyluridine,CC(=O)OCC1C(C(C(O1)N2C=CC(=O)NC2=O)OC(=O)C)OC(=O)C,0.14805275657310232,0.19555361920206502,0.17938494885120398
Triamcinolone,CC12CC(C3(C(C1CC(C2(C(=O)CO)O)O)CCC4=CC(=O)C=CC43C)F)O,0.05525196083809823,0.05126999081599209,0.2766357074915354
Tribulus,CN(CC(=O)O)C(=N)N.C(C(C(C(C(C(=O)O)O)O)O)O)O,0.2621261780435224,0.2602779172106138,0.1502011720892954
Tribulus Terrestris,CN(CC(=O)O)C(=N)N.C(C(C(C(C(C(=O)O)O)O)O)O)O,0.2621261780435224,0.2602779172106138,0.15020117208929543
Trimetazidine,COC1=C(C(=C(C=C1)CN2CCNCC2)OC)OC,0.17450482820598048,0.5182389738913151,0.13321029486577218
Trimethylglycine,C[N+](C)(C)CC(=O)[O-],0.5778669928442259,0.2925809663335761,0.4610405654545119
Triptorelin,CC(C)CC(C(=O)NC(CCCN=C(N)N)C(=O)N1CCCC1C(=O)NCC(=O)N)NC(=O)C(CC2=CNC3=CC=CC=C32)NC(=O)C(CC4=CC=C(C=C4)O)NC(=O)C(CO)NC(=O)C(CC5=CNC6=CC=CC=C65)NC(=O)C(CC7=CN=CN7)NC(=O)C8CCC(=O)N8,0.10972784651429596,0.3829006002993357,0.2940051997194376
Triterpenes,CC1(CCC2(CCC3(C(=CCC4C3(CCC5C4(CCC(C5(C)COS(=O)(=O)O)O)C)C)C2C1)C)C(=O)O)C,0.17855702989997999,0.20753777499332585,0.24187413409830205
Troparane,CN1C2CCC1CC(C2)C3=CC=CC=C3,0.1229570720977354,0.2790762291917996,0.16137495248591918
Tropine,CN1C2CCC1CC(C2)O,0.34020194595771697,0.22087921236273553,0.31248714049549553
TTFD,CC1=NC=C(C(=N1)N)CN(C=O)C(=C(CCO)SSCC2CCCO2)C,0.17508706575796767,0.17876336929816758,0.1908232391724478
TUDCA,CC(CCC(=O)NCCS(=O)(=O)O)C1CCC2C1(CCC3C2C(CC4C3(CCC(C4)O)C)O)C,0.20818013317313194,0.21822030898507438,0.20671611538462553
Tulrampator,C1CC1N2COC3=C(C2=O)C=C4C(=C3)C(=O)N(N=N4)CCC5=CC(=CC=C5)F,0.1151258070388465,0.2973306987765128,0.1538639470290344
Tyramine,C1=CC(=CC=C1CCN)O,0.28447172591022485,0.2998389467402333,0.5155181263875916
Ubiquinol,CC1=C(C(=C(C(=C1O)OC)OC)O)CC=C(C)CCC=C(C)CCC=C(C)CCC=C(C)CCC=C(C)CCC=C(C)CCC=C(C)CCC=C(C)CCC=C(C)CCC=C(C)C,0.35555762348343456,0.20176378010640994,0.26448908997157156
Udenafil,CCCC1=NN(C2=C1N=C(NC2=O)C3=C(C=CC(=C3)S(=O)(=O)NCCC4CCCN4C)OCCC)C,0.08606228476746977,0.4206077013016675,0.0831342581272482
Ulotaront,CNCC1C2=C(CCO1)C=CS2,0.23889421153894944,0.2649154910710138,0.21127665271770862
Unifiram,C1CC(=O)N2C1CN(CC2)S(=O)(=O)C3=CC=C(C=C3)F,0.16800014157342041,0.266290103539117,0.1613148541074412
Uridine,C1=CN(C(=O)NC1=O)C2C(C(C(O2)CO)O)O,0.19467789566359248,0.1136547395615851,0.13558775507228552
Uridine Monophosphate,C1=CN(C(=O)NC1=O)C2C(C(C(O2)COP(=O)(O)O)O)O,0.1761801423008197,0.1447196748041243,0.2222656043638148
Vanadium,[V],0.874960899744756,0.2785668064386391,0.7319126962474986
Vanoxerine,C1CN(CCN1CCCC2=CC=CC=C2)CCOC(C3=CC=C(C=C3)F)C4=CC=C(C=C4)F,0.05497090886715021,0.4289160469064829,0.12538169206979688
Vardenafil,CCCC1=NC(=C2N1N=C(NC2=O)C3=C(C=CC(=C3)S(=O)(=O)N4CCN(CC4)CC)OCC)C,0.12033720372136109,0.48732307532848135,0.1315040076744954
veratraldehyde,COC1=C(C=C(C=C1)C=O)OC,0.43582726302590513,0.24091683269541075,0.3392425656235622
Verbascoside,CC1C(C(C(C(O1)OC2C(C(OC(C2OC(=O)C=CC3=CC(=C(C=C3)O)O)CO)OCCC4=CC(=C(C=C4)O)O)O)O)O)O,0.16387062734259156,0.11741718191275936,0.2523705108733205
VGX-1027,C1C(ON=C1C2=CC=CC=C2)CC(=O)O,0.16176566900365866,0.14119337042959262,0.21225162084639418
Vinpocetine,CCC12CCCN3C1C4=C(CC3)C5=CC=CC=C5N4C(=C2)C(=O)OCC,0.10377579729764673,0.16576264224966028,0.16720286745357485
Vitamin A,CC1=C(C(CCC1)(C)C)C=CC(=CC=CC(=CCO)C)C,0.2106933800465555,0.20997356514363585,0.250108079660597
Vitamin B12,CC1=CC2=C(C=C1C)N(C=N2)C3C(C(C(O3)CO)OP(=O)([O-])OC(C)CNC(=O)CCC4(C(C5C6(C(C(C(=N6)C(=C7C(C(C(=N7)C=C8C(C(C(=N8)C(=C4[N-]5)C)CCC(=O)N)(C)C)CCC(=O)N)(C)CC(=O)N)C)CCC(=O)N)(C)CC(=O)N)C)CC(=O)N)C)O.[C-]#N.[Co+3],0.14695735448463887,0.2014437082627795,0.18250431559639765
Vitamin B2,CC1=CC2=C(C=C1C)N(C3=NC(=O)NC(=O)C3=N2)CC(C(C(CO)O)O)O,0.08567061697472207,0.08770669508310544,0.1022943195648803
Vitamin B3,C1=CC(=CN=C1)C(=O)O,0.21700410570681733,0.08365121989870575,0.2368974971126977
Vitamin B5,CC(C)(CO)C(C(=O)NCCC(=O)O)O,0.18700468892356906,0.11540683307962206,0.1459391403334567
Vitamin B7,C1C2C(C(S1)CCCCC(=O)O)NC(=O)N2,0.152465596894861,0.19237959463228596,0.18155079090929374
Vitamin C,C(C(C1C(=C(C(=O)O1)O)O)O)O,0.33492181253701114,0.15632117957361694,0.29022354524501465
Vitamin D3,CC(C)CCCC(C)C1CCC2C1(CCCC2=CC=C3CC(CCC3=C)O)C,0.24213670445842211,0.24756096774430233,0.48776615324266187
Vitamin E,CC1=C(C2=C(CCC(O2)(C)CCCC(C)CCCC(C)CCCC(C)C)C(=C1O)C)C,0.1985126358504632,0.19496560515741443,0.3507940811496983
Vitamin K2,CC1=C(C(=O)C2=CC=CC=C2C1=O)CC=C(C)CCC=C(C)CCC=C(C)CCC=C(C)C,0.21555316147464634,0.13681108538106063,0.21639222415042017
Vitexin,C1=CC(=CC=C1C2=CC(=O)C3=C(O2)C(=C(C=C3O)O)C4C(C(C(C(O4)CO)O)O)O)O,0.23752792462811478,0.15481530325940945,0.3122012828629705
Withania somnifera,CC1=C(C(=O)OC(C1)C(C)(C2CCC3C2(CCC4C3CC5C6(C4(C(=O)C=CC6O)C)O5)C)O)C,0.18783376902688395,0.20227678207600408,0.32578911842165376
Withanolide A,CC1=C(C(=O)OC(C1)C(C)(C2CCC3C2(CCC4C3C5C(O5)C6(C4(C(=O)C=CC6)C)O)C)O)C,0.2280390931743671,0.22305486577290426,0.35683949113326774
Wogonin,COC1=C(C=C(C2=C1OC(=CC2=O)C3=CC=CC=C3)O)O,0.30035596615402044,0.17775314315707103,0.3205557185086081
Yangonin,COC1=CC=C(C=C1)C=CC2=CC(=CC(=O)O2)OC,0.39847983218343364,0.24374756883567206,0.3564312492019077
Yohimbine,COC(=O)C1C(CCC2C1CC3C4=C(CCN3C2)C5=CC=CC=C5N4)O,0.17089513518360785,0.28139429975419916,0.08018225142959574
Yohimbine HCl,COC(=O)C1C(CCC2C1CC3C4=C(CCN3C2)C5=CC=CC=C5N4)O.Cl,0.1747851652359672,0.33594765281251066,0.08143225142959572
Zeaxanthin,CC1=C(C(CC(C1)O)(C)C)C=CC(=CC=CC(=CC=CC=C(C)C=CC=C(C)C=CC2=C(CC(CC2(C)C)O)C)C)C,0.2701295473617183,0.143966300820047,0.3706430286588456
Zinc,[Zn],0.8864751928198763,0.28574421061323074,0.7359685355486515
Zinc picolinate,C1=CC=NC(=C1)C(=O)[O-].C1=CC=NC(=C1)C(=O)[O-].[Zn+2],0.3344705556827009,0.09058583538521991,0.24520365644541633
